rule	ordinal	source	kr	en	placeholders
Global: Setting	0	unchanged	______________________________________________________________________________________________________________________________〼	______________________________________________________________________________________________________________________________〼	
Global: Setting	1	unchanged	______________________________________________________________________________________________________________________________ࡀ	______________________________________________________________________________________________________________________________ࡀ	
Global: Setting	2	unchanged	______________________________________________________________________________________________________________________________〼	______________________________________________________________________________________________________________________________〼	
Global: Setting	3	unchanged	0/0/0/0/0/0/0/0	0/0/0/0/0/0/0/0	
Global: Setting	4	unchanged	/	/	
Global: Setting	5	source-phrase	요리사	Chef	
Global: Setting	6	source-phrase	홀 서버	Waiting Staff	
Global: Setting	7	source-phrase	수습생	Apprentice	
Global: Setting	8	manual-global	헤드셰프	Head Chef	
Global: Setting	9	manual-global	〔{0}〕 - 직책 변경	[{0}] - Change Role	{0}
Global: Setting	10	unchanged	\r\n\r\n\r\n\r\n\r\n\r\n\r\n\r\n\r\n\r\n\r\n\r\n\r\n\r\n\r\n\r\n\r\n\r\n\r\n\r\n\r\n\r\n	\r\n\r\n\r\n\r\n\r\n\r\n\r\n\r\n\r\n\r\n\r\n\r\n\r\n\r\n\r\n\r\n\r\n\r\n\r\n\r\n\r\n\r\n	
Global: Setting	11	unchanged	×	×	
Global: Setting	12	source-phrase	솥	Pot	
Global: Setting	13	manual-global	{0}초	{0}s	{0}
Global: Setting	14	manual-global	{0}초	{0}s	{0}
Global: Setting	15	source-phrase	오븐	Oven	
Global: Setting	16	manual-global	그릴	Grill	
Global: Setting	17	source-phrase	팬	Pan	
Global: Setting	18	manual-global	제빙기	Ice Maker	
Global: Setting	19	unchanged			
Global: Setting	20	manual-global	싱크대	Sink	
Global: Setting	21	manual-global	냉장고	Fridge	
Global: Setting	22	manual-global	〔{0}〕:  물 내리기  	[{0}]:  Flush	{0}
Global: Setting	23	unchanged	\r\n	\r\n	
Global: Setting	24	manual-global	도마	Cutting Board	
Global: Setting	25	manual-global	도마	Cutting Board	
Global: Setting	26	manual-global	〔{0}〕:  썰기  	[{0}]:  Chop	{0}
Global: Setting	27	manual-global+output-override	 칼이 없습니다  	  No Knife Available  	
Global: Setting	28	unchanged	\r\n	\r\n	
Global: Setting	29	manual-global	튀김기	Fryer	
Global: Setting	30	manual-global	〔{0}〕: 영웅 변경	[{0}]: Change Hero	{0}
Global: Setting	31	unchanged	{0}	{0}	{0}
Global: Setting	32	manual-global	비어 있음	Empty	
Global: Setting	33	unchanged	 	 	
Global: Setting	34	unchanged	{0}	{0}	{0}
Global: Setting	35	manual-global	비어 있음	Empty	
Global: Setting	36	unchanged	 	 	
Global: Setting	37	unchanged	{0}	{0}	{0}
Global: Setting	38	manual-global	비어 있음	Empty	
Global: Setting	39	unchanged	 	 	
Global: Setting	40	unchanged	{0}	{0}	{0}
Global: Setting	41	manual-global	비어 있음	Empty	
Global: Setting	42	unchanged	 	 	
Global: Setting	43	unchanged	{0}	{0}	{0}
Global: Setting	44	manual-global	비어 있음	Empty	
Global: Setting	45	unchanged	 	 	
Global: Setting	46	unchanged	{0}	{0}	{0}
Global: Setting	47	manual-global	비어 있음	Empty	
Global: Setting	48	unchanged	 	 	
Global: Setting	49	unchanged	{0}	{0}	{0}
Global: Setting	50	manual-global	비어 있음	Empty	
Global: Setting	51	unchanged	 	 	
Global: Setting	52	unchanged	{0}	{0}	{0}
Global: Setting	53	manual-global	비어 있음	Empty	
Global: Setting	54	unchanged	 	 	
Global: Setting	55	manual-global	레스토랑(SPXXM) v260829\r\ndiscord&recipes : ow-restaurant.com/ko	Restaurant(HTNZ3) v260829\r\ndiscord&recipes : ow-restaurant.com/en	
Global: Setting	56	unchanged	 ${0} 	 ${0} 	{0}
Global: Setting	57	manual-global	Score : {0}{2}\r\n내 직책 : {1}	Score : {0}{2}\r\nMy Role : {1}	{0} {2} {1}
Global: Setting	58	unchanged	\r\nHigh Score : {0}({1})	\r\nHigh Score : {0}({1})	{0} {1}
Global: Setting	59	unchanged	{0}\r\n{1}\r\n{2}	{0}\r\n{1}\r\n{2}	{0} {1} {2}
Global: Setting	60	unchanged	{0}\r\n{1}	{0}\r\n{1}	{0} {1}
Global: Setting	61	manual-global	{0} 제작 중인 특수 칼:{1}개	{0} Special Knife:{1}	{0} {1}
Global: Setting	62	manual-global	{0} 솥:{1}% / 튀김&제빙:{2}%	{0} Pot:{1}% / Fryer&Ice:{2}%	{0} {1} {2}
Global: Setting	63	manual-global	{0} 솥:{1}% / 튀김:{2}%	{0} Pot:{1}% / Fryer:{2}%	{0} {1} {2}
Global: Setting	64	manual-global	{0} 팬:{1}% / 오븐:{2}%	{0} Pan:{1}% / Oven:{2}%	{0} {1} {2}
Global: Setting	65	manual-global	{0} 팬:{1}% / 그릴:{2}%	{0} Pan:{1}% / Grill:{2}%	{0} {1} {2}
Global: Setting	66	manual-global	{0} 이속:{1}% / 시간:{2}초	{0} Speed:{1}% / Time:{2}s	{0} {1} {2}
Global: Setting	67	unchanged	\r\n\r\n\r\n\r\n\r\n\r\n\r\n\r\n\r\n\r\n\r\n\r\n\r\n\r\n\r\n\r\n\r\n\r\n\r\n\r\n	\r\n\r\n\r\n\r\n\r\n\r\n\r\n\r\n\r\n\r\n\r\n\r\n\r\n\r\n\r\n\r\n\r\n\r\n\r\n\r\n	
Global: Setting	68	manual-global	 〔 {0} 〕 	 [ {0} ] 	{0}
Global: Setting	69	manual-global+output-override	모듬회밥!	OverwatchCooked!	
Global: Setting	70	manual-global	카페 & 디저트	Cafe & Dessert	
Global: Setting	71	manual-global	쿡제요리	World Cuisine	
Global: Setting	72	manual-global	제작: {0}	Created by: {0}	{0}
Global: Setting	73	manual-global+output-override	Gummybear&변기클라우드\r\n난이도 : ★★★☆☆	GummyBear&변기클라우드\r\nDifficulty: ★★★☆☆	
Global: Setting	74	manual-global+output-override	Joseon&Deadlock\r\n난이도 : ★★☆☆☆	Joseon&Deadlock\r\nDifficulty: ★★☆☆☆	
Global: Setting	75	manual-global	Joseon\r\n난이도 : ★★★★☆	Joseon\r\nDifficulty: ★★★★☆	
Global: Setting	76	manual-global	[{0}]: 테마 변경	[{0}]: Change Theme	{0}
Global: Setting	77	manual-global	 방장이 테마를 결정하는 중입니다	 The host is choosing the theme	
Global: Setting	78	unchanged	\r\n	\r\n	
Global: Setting	79	manual-global	 〔 {0} 〕 	 [ {0} ] 	{0}
Global: Setting	80	manual-context	연습 모드	Practice	
Global: Setting	81	source-phrase	캐주얼 다이닝	Casual Dining	
Global: Setting	82	source-phrase	파인 다이닝	Fine Dining	
Global: Setting	83	manual-global	스타 비스트로	Buzzy Restaurant	
Global: Setting	84	manual-global	마스터쿡 챌린지	MasterChef Challenge	
Global: Setting	85	manual-global	헤드셰프 챌린지	HeadChef Challenge	
Global: Setting	86	unchanged	{0}	{0}	{0}
Global: Setting	87	manual-global+output-override	자유롭게 연습할 수 있는 샌드박스 모드 입니다	A sandbox mode where you can freely practice your skills	
Global: Setting	88	manual-global+output-override	5개의 메뉴가 등장하는 수습 난이도를 클리어하세요	Complete the Apprentice with 5 menu items	
Global: Setting	89	manual-global+output-override	모든 메뉴가 등장하는 숙련 난이도를 클리어하세요	Complete the Journeyman with the all menu	
Global: Setting	90	manual-global+output-override	까다로운 손님들이 등장하는 전문 난이도를 클리어하세요	Complete the Professional featuring demanding customers	
Global: Setting	91	manual-global	Hell's Kitchen 클리어에 도전하세요	Challenge the Hell's Kitchen Chef!	
Global: Setting	92	manual-global+output-override	완벽의 영역에 도전하세요	Challenge the perfect restaurant	
Global: Setting	93	manual-global	[{0}]: 모드 변경	[{0}]: Rotate Mode	{0}
Global: Setting	94	manual-global	 방장이 모드를 결정하는 중입니다	 Please wait for the host to decide the mode	
Global: Setting	95	unchanged	\r\n\r\n\r\n\r\n\r\n\r\n\r\n\r\n\r\n\r\n\r\n\r\n\r\n\r\n\r\n\r\n\r\n\r\n\r\n\r\n\r\n\r\n\r\n\r\n\r\n\r\n\r\n\r\n\r\n\r\n\r\n\r\n\r\n\r\n\r\n\r\n\r\n\r\n\r\n\r\n	\r\n\r\n\r\n\r\n\r\n\r\n\r\n\r\n\r\n\r\n\r\n\r\n\r\n\r\n\r\n\r\n\r\n\r\n\r\n\r\n\r\n\r\n\r\n\r\n\r\n\r\n\r\n\r\n\r\n\r\n\r\n\r\n\r\n\r\n\r\n\r\n\r\n\r\n\r\n\r\n	
Global: Setting	96	manual-global	로드 중...	Loading...	
Global: Setting	97	manual-global	데이터 초기화 중...	Initializing data...	
Global: Setting	98	unchanged	Practice	Practice	
Global: Setting	99	unchanged	SizzlingGunz	SizzlingGunz	
Global: Setting	100	unchanged	SizzlingGunz	SizzlingGunz	
Global: Setting	101	unchanged	Carrion	Carrion	
Global: Setting	102	unchanged	Carrion	Carrion	
Global: Setting	103	unchanged	None	None	
Global: Setting	104	unchanged	Practice	Practice	
Global: Setting	105	unchanged	None	None	
Global: Setting	106	unchanged	None	None	
Global: Setting	107	unchanged	None	None	
Global: Setting	108	unchanged	None	None	
Global: Setting	109	unchanged	None	None	
Global: Setting	110	unchanged	Practice	Practice	
Global: Setting	111	unchanged	None	None	
Global: Setting	112	unchanged	None	None	
Global: Setting	113	unchanged	None	None	
Global: Setting	114	unchanged	None	None	
Global: Setting	115	unchanged	None	None	
Global: Setting	116	unchanged			
Global: Setting	117	manual-global	〔{0}〕: 영업 개시	[{0}]: OPEN	{0}
Global: Setting	118	manual-context	연습 모드	Practice Mode	
Global: Setting	119	unchanged	{0}\r\n{1}	{0}\r\n{1}	{0} {1}
Global: Setting	120	manual-global	〔{1}〕: 모드-{0}	[{1}]: Mode-{0}	{1} {0}
Global: Setting	121	manual-global	다른 메뉴	Other Menus	
Global: Setting	122	manual-global	연습 종료	End Practice	
Global: Setting	123	manual-global	모든 손님	All	
Global: Setting	124	manual-global	튜토리얼	Tutorial	
Global: Setting	125	manual-global	〔{1}〕: {0}	[{1}]: {0}	{1} {0}
Global: Setting	126	manual-global+output-override	모듬회밥!	OverwatchCooked!	
Global: Setting	127	manual-global	카페 & 디저트	Cafe & Dessert	
Global: Setting	128	manual-global	쿡제요리	World Cuisine	
Global: Setting	129	manual-global	Joseon-뉴 3호점	Joseon-K-Food(KR)	
Global: Setting	130	manual-global	Gummybear-오리지널	Gummybear-Original(KR)	
Global: Setting	131	manual-global	개시 하여 시작	Press Open to Start	
Global: Setting	132	source-phrase	퓨전	Fusion	
Global: Setting	133	manual-global+output-override	{0} v260829\r\n\r\n{1}레스토랑 테마 통합\r\n  레스토랑 모듬회밥에 카페&디저트 와 쿡제요리가 통합되었습니다\r\n{2}	{0} v260829\r\n\r\n{1}Restaurant Theme Integration\r\n  Cafe & Dessert and World Cuisine have been integrated into OverwatchCooked!\r\n{2}	{0} {1} {2}
Global: Setting	134	manual-global+output-override	  테마는 게임 진입시와 연습모드에서 변경할 수 있습니다	  You can change the theme when entering the game or in Practice Mode	
Global: Setting	135	manual-global+output-override	{0} 밸런스 수정\r\n\r\n  거대식가의 서빙 성공 보상이 5 -> 10 으로 증가하였습니다.	{0} Balance Changes\r\n\r\n  Justice Giant's serving success reward has been increased from 5 to 10	{0}
Player: Spawn	0	source-phrase	설정	Settings	
Player: Spawn	1	source-phrase	플레이어 기본 직책	Default Player Role	
Player: Spawn	2	source-phrase	요리사	Chef	
Player: Spawn	3	source-phrase	홀 서버	Waiting Staff	
Player: Spawn	4	source-phrase	수습생	Apprentice	
Player: Spawn	5	unchanged	\r\n\r\n\r\n\r\n\r\n\r\n\r\n\r\n\r\n\r\n\r\n\r\n\r\n\r\n\r\n\r\n\r\n\r\n\r\n\r\n\r\n\r\n\r\n\r\n\r\n\r\n\r\n\r\n\r\n\r\n\r\n\r\n\r\n\r\n\r\n\r\n\r\n\r\n\r\n\r\n\r\n\r\n\r\n\r\n\r\n\r\n\r\n\r\n\r\n\r\n\r\n\r\n\r\n\r\n\r\n\r\n\r\n\r\n\r\n\r\n\r\n\r\n\r\n\r\n	\r\n\r\n\r\n\r\n\r\n\r\n\r\n\r\n\r\n\r\n\r\n\r\n\r\n\r\n\r\n\r\n\r\n\r\n\r\n\r\n\r\n\r\n\r\n\r\n\r\n\r\n\r\n\r\n\r\n\r\n\r\n\r\n\r\n\r\n\r\n\r\n\r\n\r\n\r\n\r\n\r\n\r\n\r\n\r\n\r\n\r\n\r\n\r\n\r\n\r\n\r\n\r\n\r\n\r\n\r\n\r\n\r\n\r\n\r\n\r\n\r\n\r\n\r\n\r\n	
Player: Spawn	6	unchanged	\r\n\r\n\r\n\r\n\r\n\r\n\r\n\r\n\r\n\r\n\r\n\r\n\r\n\r\n\r\n\r\n\r\n\r\n\r\n\r\n\r\n\r\n\r\n\r\n\r\n\r\n\r\n\r\n\r\n\r\n\r\n\r\n\r\n\r\n\r\n\r\n\r\n\r\n\r\n\r\n\r\n\r\n\r\n\r\n\r\n\r\n\r\n\r\n\r\n\r\n\r\n\r\n\r\n\r\n\r\n\r\n\r\n\r\n\r\n\r\n\r\n\r\n\r\n\r\n	\r\n\r\n\r\n\r\n\r\n\r\n\r\n\r\n\r\n\r\n\r\n\r\n\r\n\r\n\r\n\r\n\r\n\r\n\r\n\r\n\r\n\r\n\r\n\r\n\r\n\r\n\r\n\r\n\r\n\r\n\r\n\r\n\r\n\r\n\r\n\r\n\r\n\r\n\r\n\r\n\r\n\r\n\r\n\r\n\r\n\r\n\r\n\r\n\r\n\r\n\r\n\r\n\r\n\r\n\r\n\r\n\r\n\r\n\r\n\r\n\r\n\r\n\r\n\r\n	
Player: Spawn	7	unchanged	\r\n\r\n\r\n\r\n\r\n\r\n\r\n\r\n\r\n\r\n\r\n\r\n\r\n\r\n\r\n\r\n\r\n\r\n\r\n\r\n\r\n\r\n\r\n\r\n\r\n\r\n\r\n\r\n\r\n\r\n\r\n\r\n\r\n\r\n\r\n\r\n\r\n\r\n\r\n\r\n\r\n\r\n\r\n\r\n\r\n\r\n\r\n\r\n\r\n\r\n\r\n\r\n\r\n\r\n\r\n\r\n\r\n\r\n\r\n\r\n\r\n\r\n\r\n\r\n	\r\n\r\n\r\n\r\n\r\n\r\n\r\n\r\n\r\n\r\n\r\n\r\n\r\n\r\n\r\n\r\n\r\n\r\n\r\n\r\n\r\n\r\n\r\n\r\n\r\n\r\n\r\n\r\n\r\n\r\n\r\n\r\n\r\n\r\n\r\n\r\n\r\n\r\n\r\n\r\n\r\n\r\n\r\n\r\n\r\n\r\n\r\n\r\n\r\n\r\n\r\n\r\n\r\n\r\n\r\n\r\n\r\n\r\n\r\n\r\n\r\n\r\n\r\n\r\n	
Player: Spawn	8	source-phrase	〔{0}〕 로 시작	[{0}] to Start	{0}
Player: Spawn	9	source-phrase	레 스 토 랑	Restaurant	
Player: Spawn	10	manual-global+output-override	모듬회밥!	OverwatchCooked!	
Player: Spawn	11	manual-global	카페 & 디저트	Cafe & Dessert	
Player: Spawn	12	manual-global	쿡제요리	World Cuisine	
Player: Spawn	13	source-phrase+output-override	GummyBear#11798\r\nMod : 변기클라우드#3523\r\nEnglish Version : HTNZ3	한국어 : SPXXM\r\nEnglish : HTNZ3\r\n日本語 : 4ND1P	
Player: Spawn	14	unchanged	{0}{1}\r\n{2}	{0}{1}\r\n{2}	{0} {1} {2}
Player: Control item	0	unchanged	\r\n\r\n\r\n\r\n\r\n\r\n\r\n\r\n\r\n\r\n\r\n\r\n\r\n\r\n\r\n\r\n\r\n\r\n	\r\n\r\n\r\n\r\n\r\n\r\n\r\n\r\n\r\n\r\n\r\n\r\n\r\n\r\n\r\n\r\n\r\n\r\n	
Player: Control item	1	manual-global+output-override	〔{0}〕:  칼 장착  	 [{0}]:  Equip Knife  	{0}
Player: Control item	2	unchanged	\r\n	\r\n	
Player: Control item	3	manual-global+output-override	〔{0}〕:  아이템 장착  	 [{0}]:  Equip Item  	{0}
Player: Control item	4	unchanged	\r\n	\r\n	
Player: Control item	5	manual-global+output-override	〔{0}〕:  줍기  	 [{0}]:  Pick Up  	{0}
Player: Control item	6	unchanged	\r\n	\r\n	
Player: Control item	7	manual-global+output-override	〔{0}〕:  썰기  	 [{0}]:  Chop  	{0}
Player: Control item	8	unchanged	\r\n	\r\n	
Player: Interact	0	source-phrase	$ 돈이 부족합니다	$ Not Enough Money 	
Player: Interact	1	source-phrase	전설 칼 주문 -${0}	Order Legendary Knife -${0}	{0}
Player: Interact	2	manual-global	다음번에 상인이 칼을 가져올 것 입니다	Knife will be delivered when he came back	
Player: Interact	3	manual-global	특수 칼 뽑기 -${0}	Order Special Knife Random Box -${0}	{0}
Player: Interact	4	manual-global	다음번에 상인이 칼을 가져올 것 입니다	Knife will be delivered when he came back	
Player: Interact	5	manual-global	{0} 구매 -${1}	Purchase {0} -${1}	{0} {1}
Player: Interact	6	source-phrase	준비 시간을 생략합니다! 	Skipping Preparation Time! 	
Player: Interact	7	source-phrase	{0}{1} 준비 완료! (헤드셰프만 준비시간을 생략할 수 있습니다)	{0}{1} say ready to cook! (Head Chef can skip preparation time)	{0} {1}
Player: Interact	8	source-phrase	{0}{1} 님이 연습을 중지하자고 합니다! 	{0}{1} want to close the service! 	{0} {1}
Player: Interact	9	source-phrase	임시 개장 종료! 	Temporary Service Closed! 	
Player: Interact	10	source-phrase	{0}{1} 님이 게임을 시작하자고 합니다! 	{0}{1} ready to cook! 	{0} {1}
Player: Interact	11	source-phrase	잠시 후 게임을 시작합니다! 	Game will start shortly! 	
Player: Interact	12	manual-global	연습용 손님이 입장합니다! 	Practice Customers are coming in!	
Player: Interact	13	source-phrase	　　　　　주문서　　　　　	　　　　　Order List　　　　　	
Player: Interact	14	unchanged	\r\n　　　　　　　　　　　　　　　　　　　　　　　　　　　　　　　　　　　　　　　　　　　　　　　　　　　　　　　　　　　　　　　　　　　　　　　　　　　　　　　　　　　　　　　　　　　　　　　　　　　　　　　　　　　　　　　　　　　　　　　　　　　　　　	\r\n　　　　　　　　　　　　　　　　　　　　　　　　　　　　　　　　　　　　　　　　　　　　　　　　　　　　　　　　　　　　　　　　　　　　　　　　　　　　　　　　　　　　　　　　　　　　　　　　　　　　　　　　　　　　　　　　　　　　　　　　　　　　　　	
Player: Interact	15	unchanged			
Player: Interact	16	source-phrase	{0}{1} 님이 연습을 시작하자고 합니다! 	{0}{1} want to start practicing! 	{0} {1}
Player: Reload button	0	source-phrase	길게 누르면 모든 아이템을 내려놓습니다 	Hold to drop items 	
Player: Reload button	1	unchanged	{0}	{0}	{0}
Player: Reload button	2	allowlisted	변기클라우드	변기클라우드	
Player: Reload button	3	unchanged	keep press to outdate warning	keep press to outdate warning	
Player: Reload button	4	source-phrase	업데이트 필요! - 코드 : SPXXM	This game is Outdated! - Code : HTNZ3	
Player: Reload button	5	manual-global+output-override	버그 수정 및 추가 업데이트를 적용하려면\r\n위의 코드로 게임을 다시 불러와주세요!	Please re-import code above\r\nto apply bug fixes and additional updates	
Player: Ultimate button	0	source-phrase	100초간 속도 증가!	Increase Speed for 100 seconds! 	
Player: Ultimate button	1	source-phrase	{1}{0}이(가) 서빙볼을 소환했습니다! 	{1}{0} has summoned a ServingBall! 	{1} {0}
Player: Ultimate button	2	source-phrase	{1}{0}이(가) 제트팩을 장착했습니다! 	{1}{0} has equipped a jetpack! 	{1} {0}
Player: Ultimate button	3	source-phrase	재료 뭉개기	Smash Material	
Player: Ultimate button	4	source-phrase	〔{0}〕	[{0}]	{0}
Player: Authorize Controller	0	source-context	뭉개기 동작을 버튼으로 대체하려면 컨트롤러 스틱을 앞으로 천천히 움직여주세요! 	To substitute the smash action with a button, please slowly push the controller stick forward! 	
Player: Authorize Controller	1	source-context	이제 [{0}] 키로 재료를 뭉갤 수 있습니다! 	Now you can smash the ingredients using the [{0}] key! 	{0}
Player: Authorize Controller	2	source-context	재료 뭉개기	Smash Material	
Player: Authorize Controller	3	source-context	〔{0}〕	[{0}]	{0}
Player: Left match	0	source-context	당신이 이제 헤드셰프 입니다!	You are Now Head Chef!	
Dummy: Spawn	0	source-phrase	부엌칼 상인/아이템 상인/업그레이드/업그레이드	Knife Merchant/Item Merchant/Upgrade/Upgrade	
Dummy: Spawn	1	unchanged	/	/	
Dummy: Spawn	2	source-phrase	{0} : 주문한 칼 가지고 왔다네!	{0} : I've brought the ordered knife!	{0}
Dummy: Spawn	3	source-phrase	{0} : 무료 아이템을 나눠드릴게요!	{0} : Free items for you!	{0}
Dummy: Spawn	4	manual-global	〔{0}〕:  {1} - ${2}	[{0}]:  {1} - ${2}	{0} {1} {2}
Dummy: Spawn	5	source-phrase	{0} 구매	Buy {0}	{0}
Dummy: Spawn	6	source-phrase	특수 칼 뽑기	Special Knife Random Box	
Dummy: Spawn	7	source-phrase	전설 칼 주문	Order Legendary Knife	
Dummy: Spawn	8	source-phrase	〔{0}〕:  {1} 구매 - ${2}	[{0}]:  Buy {1} - ${2}	{0} {1} {2}
Dummy: Spawn	9	source-phrase	저장고	Storage	
Dummy: Spawn	10	source-phrase	무작위 도구	Random Tool	
Dummy: Spawn	11	source-phrase	무작위 신발	Random Shoes	
Dummy: Spawn	12	source-phrase	〔{0}〕:  {1} 강화 - ${2}	[{0}]:  Upgrade {1} - ${2}	{0} {1} {2}
Dummy: Spawn	13	source-phrase	튀김기&제빙기	Fryer&Ice Maker	
Dummy: Spawn	14	manual-global	튀김기	Fryer	
Dummy: Spawn	15	source-phrase	솥	Pot	
Dummy: Spawn	16	source-phrase	오븐	Oven	
Dummy: Spawn	17	manual-global	그릴	Grill	
Dummy: Spawn	18	source-phrase	팬	Pan	
Dummy: Spawn	19	manual-global	〔{0}〕:  {1} - ${2}	[{0}]:  {1} - ${2}	{0} {1} {2}
Dummy: Spawn	20	source-phrase	내 이동 속도 증가	Increase My Movement Speed	
Dummy: Spawn	21	source-phrase	팀 영업 시간 증가	Increase Team Time Limit	
Dummy: Spawn	22	source-phrase	동전 교환	Exchange Coin	
Dummy: Spawn	23	manual-global+output-override	〔{0}〕 : 항목 변경	[{0}] : Change Select	{0}
Dummy: Spawn	24	source-phrase+output-override	평범한 손님/재앙은끝나지않았다/깐깐한 손님/성급한 손님/푸드파이터/예약 손님/음식 평론가/먹방 유튜버/괴식가/탱장연 대표/엘버피 VVIP/요리연구가/{0}	Regular Customer/ANTID wont stop us/Picky Customer/Impatient Customer/Competitive Eater/Reserved Customer/Food Critic/Mukbang YouTuber/Weirdo Customer/Mauga Main/elBuffi VVIP/Culinary Researcher/{0}	{0}
Dummy: Spawn	25	source-phrase+output-override	혼밥 손님/수상한 손님/여우같은 손님/미식가/대혼돈의 손님/관심이가는손님/배달냥이/조용히힐이나하게나/시끄러운 손님	Solo Diner/Suspicious Customer/Foxy Customer/Gourmet/Chaotic Customer/Suffering Customer/Delivery Cat/For Honor and Beer/Karen	
Dummy: Spawn	26	unchanged	/	/	
Dummy: Spawn	27	source-phrase	평범한 손님/대식가/깐깐한 손님/성급한 손님/푸드파이터/예약 손님/음식 평론가/먹방 유튜버/괴식가/포악한 손님/엘버피 VVIP/요리연구가/{0}	Regular Customer/Big Fat Customer/Picky Customer/Impatient Customer/Competitive Eater/Reserved Customer/Food Critic/Mukbang YouTuber/Weirdo Customer/Savage Customer/elBuffi VVIP/Culinary Researcher/{0}	{0}
Dummy: Spawn	28	source-phrase	혼밥 손님/수상한 손님/여우같은 손님/미식가/대혼돈의 손님/관심이가는손님/배달냥이/거대식가/시끄러운 손님	Solo Diner/Suspicious Customer/Foxy Customer/Gourmet/Chaotic Customer/Suffering Customer/Delivery Cat/Justice Giant/Karen	
Dummy: Spawn	29	unchanged	/	/	
Dummy: Spawn	30	source-phrase	#{1} - {0}초	#{1} - {0}s	{1} {0}
Dummy: Spawn	31	unchanged			
Dummy: Spawn	32	unchanged	 #{0} : {1} {2} 	 #{0} : {1} {2} 	{0} {1} {2}
Dummy: Spawn	33	unchanged	{0}/{1}	{0}/{1}	{0} {1}
Dummy: Spawn	34	source-phrase	{0}초\r\n　　　　　　　　　　　　　　　　　　　　　　　　　　　　　　　　　　　　　　　　　　　　　　　　　　　　　　　　　　　　　　　　　　　　　　　　　　　　　　　　　　　　　　　　　　　　　　　　　　　　　　　　　　　　　　　　　　　　　　　　	{0}s\r\n　　　　　　　　　　　　　　　　　　　　　　　　　　　　　　　　　　　　　　　　　　　　　　　　　　　　　　　　　　　　　　　　　　　　　　　　　　　　　　　　　　　　　　　　　　　　　　　　　　　　　　　　　　　　　　　　　　　　　　　　	{0}
Dummy: Spawn	35	source-phrase	완성도 있는 요리! +5%	A well-prepared dish! +5%	
Dummy: Spawn	36	source-phrase	 #{0} : 서빙 성공! {1}/{2} 	 #{0} : Served! {1}/{2} 	{0} {1} {2}
Dummy: Spawn	37	source-phrase	{0}초\r\n　　　　　　　　　　　　　　　　　　　　　　　　　　　　　　　　　　　　　　　　　　　　　　　　　　　　　　　　　　　　　　　　　　　　　　　　　　　　　　　　　　　　　　　　	{0}s\r\n　　　　　　　　　　　　　　　　　　　　　　　　　　　　　　　　　　　　　　　　　　　　　　　　　　　　　　　　　　　　　　　　　　　　　　　　　　　　　　　　　　　　　　　　	{0}
Dummy: Spawn	38	source-phrase	서빙 성공! +{0}%	Serving Success! +{0}%	{0}
Dummy: Spawn	39	unchanged	 #{0} : {1} 	 #{0} : {1} 	{0} {1}
Dummy: Spawn	40	unchanged	???	???	
Dummy: Spawn	41	source-phrase	{0}초\r\n　　　　　　　　　　　　　　　　　　　　　　　　　　　　　　　　　　　　　　　　　　　　　　　　　　　　　　　　　　　　　　　　　　　　　　　　　　　　　　　　　　　　　　　　　　　　　　　　　　　　　　　　　　　　　　　　　　　　　　　　	{0}s\r\n　　　　　　　　　　　　　　　　　　　　　　　　　　　　　　　　　　　　　　　　　　　　　　　　　　　　　　　　　　　　　　　　　　　　　　　　　　　　　　　　　　　　　　　　　　　　　　　　　　　　　　　　　　　　　　　　　　　　　　　　	{0}
Dummy: Spawn	42	unchanged	??	??	
Dummy: Spawn	43	unchanged	{0}{1} 	{0}{1} 	{0} {1}
Dummy: Spawn	44	source-phrase	날 풀어줘!	Let me go!	
Dummy: Spawn	45	source-phrase	왜!? 이게 아냐!! 메뉴판이..!	Why!? This is wrong!! The menu..!	
Dummy: Spawn	46	source-phrase	이 메뉴는 대체 뭐야!?	What even is this menu!?	
Dummy: Spawn	47	source-phrase	환상적인 서빙! +20% 	A-mei-zing Served! +20%	
Dummy: Spawn	48	source-phrase	 #{0} : 환상적인 서빙! 	 #{0} : A-mei-zing Service! 	{0}
Dummy: Spawn	49	unchanged	\r\n　　　　　　　　　　　　　　　　　　　　　　　　　　　　　　　　　　　　　　　　　　　　　　　　　　　　　　　　　　　　　　　　　　　　　　　　　　　　　　　　　　　　　　　　　　　　　　　　　　　　　　　　　　　　　　　　　　　　　　　　　　　　　　	\r\n　　　　　　　　　　　　　　　　　　　　　　　　　　　　　　　　　　　　　　　　　　　　　　　　　　　　　　　　　　　　　　　　　　　　　　　　　　　　　　　　　　　　　　　　　　　　　　　　　　　　　　　　　　　　　　　　　　　　　　　　　　　　　　	
Dummy: Spawn	50	source-phrase	신속한 서빙! +10% 	Swift Served! +10%	
Dummy: Spawn	51	source-phrase	 #{0} : 신속한 서빙! 	 #{0} : Swift Service! 	{0}
Dummy: Spawn	52	unchanged	\r\n　　　　　　　　　　　　　　　　　　　　　　　　　　　　　　　　　　　　　　　　　　　　　　　　　　　　　　　　　　　　　　　　　　　　　　　　　　　　　　　　　　　　　　　　　　　　　　　　　　　　　　　　　　　　　　　　　　　　　　　　　　　　　　	\r\n　　　　　　　　　　　　　　　　　　　　　　　　　　　　　　　　　　　　　　　　　　　　　　　　　　　　　　　　　　　　　　　　　　　　　　　　　　　　　　　　　　　　　　　　　　　　　　　　　　　　　　　　　　　　　　　　　　　　　　　　　　　　　　	
Dummy: Spawn	53	source-phrase	완성도 있는 요리! +5% 	A well-prepared dish! +5%	
Dummy: Spawn	54	source-phrase	 #{0} : 서빙 성공! 	 #{0} : Served! 	{0}
Dummy: Spawn	55	unchanged	\r\n　　　　　　　　　　　　　　　　　　　　　　　　　　　　　　　　　　　　　　　　　　　　　　　　　　　　　　　　　　　　　　　　　　　　　　　　　　　　　　　　　　　　　　　　　　　　　　　　　　　　　　　　　　　　　　　　　　　　　　　　　　　　　　	\r\n　　　　　　　　　　　　　　　　　　　　　　　　　　　　　　　　　　　　　　　　　　　　　　　　　　　　　　　　　　　　　　　　　　　　　　　　　　　　　　　　　　　　　　　　　　　　　　　　　　　　　　　　　　　　　　　　　　　　　　　　　　　　　　	
Dummy: Spawn	56	source-phrase	 #{0} : 서빙 성공! 	 #{0} : Served! 	{0}
Dummy: Spawn	57	unchanged	\r\n　　　　　　　　　　　　　　　　　　　　　　　　　　　　　　　　　　　　　　　　　　　　　　　　　　　　　　　　　　　　　　　　　　　　　　　　　　　　　　　　　　　　　　　　　　　　　　　　　　　　　　　　　　　　　　　　　　　　　　　　　　　　　　	\r\n　　　　　　　　　　　　　　　　　　　　　　　　　　　　　　　　　　　　　　　　　　　　　　　　　　　　　　　　　　　　　　　　　　　　　　　　　　　　　　　　　　　　　　　　　　　　　　　　　　　　　　　　　　　　　　　　　　　　　　　　　　　　　　	
Dummy: Spawn	58	source-phrase	VVIP 서빙 성공!	VVIP Serving Success!	
Dummy: Spawn	59	source-phrase	VVIP 서빙 성공! +{0}%	VVIP Serving Success! +{0}%	{0}
Dummy: Spawn	60	source-phrase	VIP 서빙 성공! +{0}%	VIP Serving Success! +{0}%	{0}
Dummy: Spawn	61	source-phrase	보너스 점수 +50 	Bonus Score +50 	
Dummy: Spawn	62	source-phrase	서빙 성공! +{0}%	Serving Success! +{0}%	{0}
Dummy: Spawn	63	unchanged	 #{0} : {1} 	 #{0} : {1} 	{0} {1}
Dummy: Spawn	64	source-phrase	??초\r\n　　　　　　　　　　　　　　　　　　　　　　　　　　　　　　　　　　　　　　　　　　　　　　　　　　　　　　　　　　　　　　　　　　　　　　　　　　　　　　　　　　　　　　　　　　　　　　　　　　　　　　　　　　　　　　　　　　　　　　　　	??s\r\n　　　　　　　　　　　　　　　　　　　　　　　　　　　　　　　　　　　　　　　　　　　　　　　　　　　　　　　　　　　　　　　　　　　　　　　　　　　　　　　　　　　　　　　　　　　　　　　　　　　　　　　　　　　　　　　　　　　　　　　　	
Dummy: Spawn	65	source-phrase	{0}{1}의 입소문! 	{0}{1}'s Promotional effect! 	{0} {1}
serveFail	0	source-phrase	설득 시간 초과!	Persuasion Time Out!	
serveFail	1	source-phrase	{0}의 잘못된 정치질!	{0}'s Bad Politics!	{0}
serveFail	2	source-phrase	흑화 조심!	Beware of Corruption!	
serveFail	3	source-phrase	완성도 낮은 요리!	Poorly Prepared Dish!	
serveFail	4	source-phrase	맥주를 찾으러 돌진함!	Dashed off to find beer!	
serveFail	5	source-phrase	시간 초과!	Time Out!	
serveFail	6	source-phrase	{0}의 잘못된 서빙!	{0}'s Bad Serving!	{0}
serveFail	7	source-phrase	순서 조심!	Watch the Order!	
serveFail	8	source-phrase	완성도 낮은 요리!	Poorly Prepared Dish!	
serveFail	9	source-phrase	혼란에 빠져 도망침!	Fled in confusion!	
serveFail	10	unchanged	 #{0} : {1} 	 #{0} : {1} 	{0} {1}
serveFail	11	unchanged	\r\n　　　　　　　　　　　　　　　　　　　　　　　　　　　　　　　　　　　　　　　　　　　　　　　　　　　　　　　　　　　　　　　　　　　　　　　　　　　　　　　　　　　　　　　　　　　　　　　　　　　　　　　　　　　　　　　　　　　　　　　　　　　　　　	\r\n　　　　　　　　　　　　　　　　　　　　　　　　　　　　　　　　　　　　　　　　　　　　　　　　　　　　　　　　　　　　　　　　　　　　　　　　　　　　　　　　　　　　　　　　　　　　　　　　　　　　　　　　　　　　　　　　　　　　　　　　　　　　　　	
serveFail	12	unchanged	{0}{1}	{0}{1}	{0} {1}
serveFail	13	unchanged	 -{0}%	 -{0}%	{0}
serveFail	14	unchanged			
serveFail	15	source-phrase	{0}이거 재물손괴죄 아니냐고? 	{0}Is this not property damage? 	{0}
serveFail	16	source-phrase	{0}알아. 	{0}I know. 	{0}
serveFail	17	source-phrase	{0}겨우 그까짓 서비스로 감히!!	{0}How dare you call that service!!	{0}
Global subroutine: Start stage	0	unchanged			
Global subroutine: Start stage	1	source-phrase	설정	Settings	
Global subroutine: Start stage	2	manual-global	캐주얼 다이닝 튜토리얼 표시	Show Casual Dining Tutorial	
Global subroutine: Start stage	3	source-phrase	영업 준비	Prepare for Service	
Global subroutine: Start stage	4	unchanged			
Global subroutine: Start stage	5	source-phrase	 {0} \r\n　　　　　　　　　　　　　\r\n 요리 : {1} \r\n 손님 : {2}	 {0} \r\n　　　　　　　　　　　　　\r\n Foods: {1} \r\n Customer: {2}	{0} {1} {2}
Global subroutine: Start stage	6	unchanged	{0}{2}stage {1}	{0}{2}stage {1}	{0} {2} {1}
Global subroutine: Start stage	7	manual-global	수습 난이도	Apprentice	
Global subroutine: Start stage	8	manual-global	숙련 난이도	Journeyman	
Global subroutine: Start stage	9	manual-global	전문 난이도	Professional	
Global subroutine: Start stage	10	unchanged	Hell's Kitchen	Hell's Kitchen	
Global subroutine: Start stage	11	unchanged	{0} / {1}	{0} / {1}	{0} {1}
Global subroutine: Start stage	12	unchanged	\r\n Bonus 	\r\n Bonus 	
Global subroutine: Start stage	13	unchanged	 - 	 - 	
Global subroutine: Start stage	14	source-phrase	퓨전	Fusion	
Global subroutine: Start stage	15	unchanged	\r\n\r\n\r\n\r\n　　　　　　　　　　　　　　　　　　　　　　　　　　　　　　　　　　　　　　　　　　　　　　　　　　　　　　　　　　　　　　　　　　　　　　　　　　　　　　　　　　　　　　　　　　　　　　　　　　　　　　　　　　　　　　　　　　　　　　　　	\r\n\r\n\r\n\r\n　　　　　　　　　　　　　　　　　　　　　　　　　　　　　　　　　　　　　　　　　　　　　　　　　　　　　　　　　　　　　　　　　　　　　　　　　　　　　　　　　　　　　　　　　　　　　　　　　　　　　　　　　　　　　　　　　　　　　　　　	
Global subroutine: Start stage	16	source-phrase	영업 시작!	Open for Service!	
Global subroutine: Start stage	17	source-phrase	서빙볼이 당신을 지원합니다! 	ServingBall is supporting you! 	
Global subroutine: Start stage	18	unchanged	{0}%	{0}%	{0}
Global subroutine: Start stage	19	source-phrase	　　　　　주문서　　　　　	　　　　　Order List　　　　　	
Global subroutine: Start stage	20	unchanged	\r\n　　　　　　　　　　　　　　　　　　　　　　　　　　　　　　　　　　　　　　　　　　　　　　　　　　　　　　　　　　　　　　　　　　　　　　　　　　　　　　　　　　　　　　　　　　　　　　　　　　　　　　　　　　　　　　　　　　　　　　　　　　　　　　	\r\n　　　　　　　　　　　　　　　　　　　　　　　　　　　　　　　　　　　　　　　　　　　　　　　　　　　　　　　　　　　　　　　　　　　　　　　　　　　　　　　　　　　　　　　　　　　　　　　　　　　　　　　　　　　　　　　　　　　　　　　　　　　　　　	
Global subroutine: Start stage	21	unchanged	Stage {0}	Stage {0}	{0}
Global subroutine: Start stage	22	source-phrase	몰려오는 손님!	More Incoming Customers!	
Global subroutine: Start stage	23	source-phrase	전직원 보너스!	Bonus For All Staff!	
Global subroutine: Start stage	24	source-phrase	영업 완료!	Good Service!	
Global subroutine: Start stage	25	manual-global	{0}fgFF3291FF>환상적인 영업!	{0}fgFF3291FF>A-mei-zing Service!	{0}
Global subroutine: Start stage	26	source-phrase	급여 +${0}	+${0}	{0}
Global subroutine: Start stage	27	source-phrase	전직원 보너스!	Bonus For All Staff!	
Global subroutine: Start stage	28	source-phrase	영업 완료!	Good Service!	
Global subroutine: Start stage	29	source-phrase	몰려오는 손님!	More Incoming Customers!	
Global subroutine: Start stage	30	manual-global	성공적인 영업!	Successful Service!	
Global subroutine: Start stage	31	manual-global	{0}fgFF3291FF>환상적인 영업!	{0}fgFF3291FF>A-mei-zing Service!	{0}
Global subroutine: Start stage	32	source-phrase	급여 +${0}	+${0}	{0}
Global subroutine: Start stage	33	unchanged	\r\n\r\n\r\n\r\n\r\n\r\n\r\n\r\n\r\n\r\n\r\n\r\n\r\n\r\n\r\n\r\n\r\n\r\n\r\n\r\n\r\n\r\n\r\n\r\n\r\n\r\n\r\n\r\n\r\n\r\n\r\n\r\n\r\n\r\n\r\n\r\n\r\n\r\n\r\n\r\n\r\n\r\n\r\n\r\n\r\n\r\n\r\n\r\n\r\n\r\n\r\n\r\n\r\n\r\n\r\n\r\n\r\n\r\n\r\n\r\n\r\n\r\n\r\n\r\n	\r\n\r\n\r\n\r\n\r\n\r\n\r\n\r\n\r\n\r\n\r\n\r\n\r\n\r\n\r\n\r\n\r\n\r\n\r\n\r\n\r\n\r\n\r\n\r\n\r\n\r\n\r\n\r\n\r\n\r\n\r\n\r\n\r\n\r\n\r\n\r\n\r\n\r\n\r\n\r\n\r\n\r\n\r\n\r\n\r\n\r\n\r\n\r\n\r\n\r\n\r\n\r\n\r\n\r\n\r\n\r\n\r\n\r\n\r\n\r\n\r\n\r\n\r\n\r\n	
Global subroutine: Start stage	34	source-phrase	중간 점수 : {0}	Current Score: {0}	{0}
Global subroutine: Start stage	35	source-phrase	난이도 상승! 행운을 빌어요!	Now getting harder! Good Luck!	
Global subroutine: Stage Fail	0	manual-global	{0}fgC80013FF>보너스 영업 실패!	{0}fgC80013FF>Bonus Service Failed!	{0}
Global subroutine: Stage Fail	1	manual-global	{0}fgC80013FF>영업 실패!{0}fgFFFFFFFF> ({1} / {2})	{0}fgC80013FF>Service Failed!{0}fgFFFFFFFF> ({1} / {2})	{0} {0} {1} {2}
Global subroutine: Call customer	0	manual-global	{0}fg00E697FF>#{1}{0}FGffffffFF> 테이블에 {0}fgFFFF00FF>{2}{0}FGffffffFF> 예약!	Reserve [ {0}fgFFFF00FF>{2}{0}FGffffffFF> ] for Table {0}fg00E697FF>#{1}{0}FGffffffFF>!	{0} {1} {0} {0} {2} {0}
Host Player: Set Permission	0	source-phrase	{0}{1} - {2} 직책 변경!	{0}{1} - {2}	{0} {1} {2}
Host Player: Set Permission	1	source-phrase	 {0} 애옹 OwO 	 {0} Meow OwO 	{0}
Host Player: Set Permission	2	source-phrase+output-override	 {0} 오빠 달린다~ 헤이! 	 {0} MAUGA MAINS, RISE UP! 	{0}
Global subroutine: Knife Hud	0	unchanged	 {1} - {0}% 	 {1} - {0}% 	{1} {0}
Global subroutine: Knife Hud	1	manual-global+output-override	다이소에서 파는\r\n평범한 칼입니다	A flimsy butter knife\r\nfrom a discount store	
Global subroutine: Knife Hud	2	unchanged	 \r\n	 \r\n	
Global subroutine: Knife Hud	3	unchanged	 {1} - {0}% 	 {1} - {0}% 	{1} {0}
Global subroutine: Knife Hud	4	manual-global+output-override	내구도와 성능이 무난한\r\n주방용 칼입니다	Cuts ingredients faster\r\nand lasts longer	
Global subroutine: Knife Hud	5	unchanged	 \r\n	 \r\n	
Global subroutine: Knife Hud	6	unchanged	 {1} - {0}% 	 {1} - {0}% 	{1} {0}
Global subroutine: Knife Hud	7	manual-global+output-override	재료를 손에 들고 바로 썰 수 있는\r\n전설적인 칼입니다	A legendary knife that lets you\r\nchop ingredients while holding them	
Global subroutine: Knife Hud	8	unchanged	 \r\n	 \r\n	
Global subroutine: Knife Hud	9	unchanged	 {1} - {0}% 	 {1} - {0}% 	{1} {0}
Global subroutine: Knife Hud	10	manual-global+output-override	내구도와 성능이 뛰어난\r\n고급 칼입니다	Cuts quickly and\r\nloses very little durability	
Global subroutine: Knife Hud	11	manual-global+output-override	재료를 손에 들고 썰 수 있는\r\n희귀한 칼입니다	Lets you chop ingredients\r\nwhile holding them	
Global subroutine: Knife Hud	12	manual-global+output-override	내구도와 성능이 압도적인\r\n희귀한 칼입니다	Cuts ingredients\r\ntwice as fast	
Global subroutine: Knife Hud	13	manual-global+output-override	도마에서 아주 빠른 속도로\r\n연격할 수 있습니다	Lets you unleash rapid strikes\r\non a cutting board	
Global subroutine: Knife Hud	14	unchanged	 \r\n	 \r\n	
Global subroutine: Perk Hud	0	source-phrase+output-override	〔{0}〕	 [{0}] 	{0}
Global subroutine: Perk Hud	1	unchanged	{1}{0}	{1}{0}	{1} {0}
Global subroutine: Perk Hud	2	unchanged			
Global subroutine: Perk Hud	3	unchanged	-{0}%	-{0}%	{0}
Global subroutine: Perk Hud	4	manual-global+output-override	100초간 도마에서 써는 속도와\r\n이동속도가 증가합니다	Increases chopping and movement speed\r\nfor 100 seconds	
Global subroutine: Perk Hud	5	manual-global+output-override	20초간 모든 시간이 느려지며\r\n칼+이속+조리기구 속도가 폭주합니다	Activates Bullet Time for 20 seconds\r\nand boosting all action speeds	
Global subroutine: Perk Hud	6	manual-global+output-override	손에 재료를 들고 사용하면\r\n재료의 신선도 회복합니다	Use while holding an ingredient\r\nto restore its freshness	
Global subroutine: Perk Hud	7	manual-global+output-override	필요 없는 재료를 빨아들여\r\n설거지로 부터 해방되세요	Make unwanted ingredients disappear\r\nSay goodbye to cleanup!	
Global subroutine: Perk Hud	8	manual-global+output-override	손에 재료를 들고 사용하면\r\n음식이 복사가 됩니다	Use while holding food\r\nto duplicate it	
Global subroutine: Perk Hud	9	manual-global+output-override	그릴까지 가지 않아도\r\n재료를 구울 수 있습니다	Shoots a jet of flame to\r\ngrill ingredients anywhere	
Global subroutine: Perk Hud	10	manual-global+output-override	햄스터가 아르바이트를 구한다\r\n라고 함	The hamster says\r\nhe is seeking part-time employment	
Global subroutine: Perk Hud	11	manual-global+output-override	현재 라운드에 도움이 되는 재료 팩을 꺼냅니다\r\n팩은 칼로 뜯을 수 있습니다	Dispenses an ingredient pack for the current round\r\nOpen the pack with a knife	
Global subroutine: Perk Hud	12	manual-global+output-override	제빙기까지 가지 않아도\r\n재료를 얼릴 수 있습니다	Shoots a freezing blast to\r\nfreeze ingredients anywhere	
Global subroutine: Perk Hud	13	unchanged	 \r\n	 \r\n	
Global subroutine: Foot Hud	0	source-phrase+output-override	〔{0}〕	 [{0}] 	{0}
Global subroutine: Foot Hud	1	unchanged	{1}{0}	{1}{0}	{1} {0}
Global subroutine: Foot Hud	2	unchanged	-{0}%	-{0}%	{0}
Global subroutine: Foot Hud	3	manual-global+output-override	공중에서 높게 점프하여\r\n높은 곳에 올라갈 수 있습니다	Jump high into the air\r\nto reach higher floors	
Global subroutine: Foot Hud	4	manual-global+output-override	앞으로 빠르게 대시하는\r\n다재다능한 신발입니다	Versatile boots that let you\r\ndash quickly forward	
Global subroutine: Foot Hud	5	manual-global+output-override	주문서에 있는 음식을 들고 사용하면\r\n테이블 앞으로 순간이동합니다	Use while holding an ordered dish\r\nto teleport to its table	
Global subroutine: Foot Hud	6	unchanged	 \r\n	 \r\n	
Global subroutine: Purchase Upgrade	0	unchanged	{2}{0}{1}	{2}{0}{1}	{2} {0} {1}
Global subroutine: Purchase Upgrade	1	unchanged	 -${0}	 -${0}	{0}
Global subroutine: Purchase Upgrade	2	unchanged			
Global subroutine: Save Progress	0	unchanged	{0}	{0}	{0}
Global subroutine: Save Progress	1	unchanged	{0}	{0}	{0}
Global subroutine: Load Progress	0	unchanged	{0}	{0}	{0}
Global subroutine: Load Progress	1	source-context	돌아오셨군요! 이전 데이터를 불러왔습니다!	Welcome Back! Your progress is restored!	
Global subroutine: Load Progress	2	unchanged	{0}	{0}	{0}
Global routine: Super Drink!	0	source-context	시공간이 뒤틀립니다!	ZA WARUDO!	
Player routine: serveBot	0	source-context	서빙볼	ServingBall	
Player routine: serveBot	1	unchanged	{0}{1}\r\n{2}	{0}{1}\r\n{2}	{0} {1} {2}
Player routine: serveBot	2	source-context	서빙볼	ServingBall	
Global subroutine: Set Hint Text	0	manual-global+output-override	냉장고에 있는 재료로 요리하여 서빙해야 합니다!\r\n소고기를 팬이나 그릴에 구워 왼쪽 #테이블 번호에 맞는 손님에게 가져다주세요.	Cook dishes with ingredients from the Fridge.\r\nPan-fry or grill Beef, then serve it to the correct table	
Global subroutine: Set Hint Text	1	manual-global+output-override	재료는 도마에서 썰거나 다져서 다른 요리를 만들 수 있습니다.\r\n썬 소고기를 팬이나 그릴에 구워주세요.	Slice or chop ingredients on the cutting board.\r\nPan-fry or grill Sliced Beef	
Global subroutine: Set Hint Text	2	manual-global+output-override	재료의 손질과 각기 다른 조리기구의 활용으로 다양한 요리를 만들 수 있습니다.\r\n감자를 통째로 구우면 구운 감자가 되고...	The same ingredient can become different dishes.\r\nGrill a whole Potato to make Grilled Potato	
Global subroutine: Set Hint Text	3	manual-global	감자를 썰어서 팬에 올리면 볶은 감자가 되고...	Slice the Potato and cook it in a pan to make Stir-fried Potato...	
Global subroutine: Set Hint Text	4	manual-global	썬 감자를 튀김기에 올리면 감자튀김이 되는 식입니다.\r\n어떤 느낌인지 감이 오셨나요?	Then put Sliced Potato in the Fryer to make French Fries.\r\nSee how the same Potato changes?	
Global subroutine: Set Hint Text	5	manual-global+output-override	어떤 재료는 강하게 내려치면 변하기도 합니다.\r\n감자를 솥에 쪄서 찐 감자를 관성을 이용해 바닥에 던져보세요.	Smashing can transform some ingredients.\r\nSteam a Potato, then slam the Steamed Potato onto the ground using momentum	
Global subroutine: Set Hint Text	6	manual-global+output-override	또한 일부 재료는 합칠 수 있습니다.\r\n삶은 파스타와 크림 소스를 맞대어 합쳐보세요.	Some ingredients can be combined.\r\nCombine Boiled Pasta with Cream Sauce	
Global subroutine: Set Hint Text	7	manual-global+output-override	토마토는 썰어서 솥에 찌면 토마토 소스를 만들 수 있지만..\r\n써는 대신 내려치면 더 빠르게 뭉갠 토마토로 만들 수 있습니다.	Slice a Tomato and steam it in the Pot to make Tomato Sauce.\r\nSmash a Tomato to make Mashed Tomato faster	
Global subroutine: Set Hint Text	8	manual-global+output-override	손님에 따라 다른 특성들도 있습니다.\r\n대식가의 경우에는 점수를 더 많이 주지만 음식을 2번 서빙해야 합니다.	Customers have different traits.\r\nA Big Fat Customer gives more points but must be served twice	
Global subroutine: Set Hint Text	9	manual-global	다양한 레시피들의 조합법을 마스터하고 클리어에 도전하세요.\r\n행운을 빕니다!	Master the recipe combinations and clear the mode.\r\nGood luck!	
Global subroutine: Set Hint Text	10	manual-global	썬 닭고기 + 튀김가루 > 튀김기	Sliced Chicken + Frying Mix > Fryer	
Global subroutine: Set Hint Text	11	manual-global	닭고기 + 튀김가루 > 튀김기	Chicken + Frying Mix > Fryer	
Global subroutine: Set Hint Text	12	manual-global	조각낸 닭고기 + 튀김가루 > 튀김기	Chopped Chicken + Frying Mix > Fryer	
Global subroutine: Set Hint Text	13	manual-global	모든 양념은 후라이드 치킨에 추가할 수 있습니다.\r\n간장 + 물엿	Any sauce can be added to Fried Chicken.\r\nSoy Sauce + Corn Syrup	
Global subroutine: Set Hint Text	14	manual-global	고추장 + 물엿	Red Pepper Paste + Corn Syrup	
Global subroutine: Set Hint Text	15	manual-global	고추장 + 간장 + 물엿	Red Pepper Paste + Soy Sauce + Corn Syrup	
Global subroutine: Set Hint Text	16	manual-global	썬 파 + 간장 소스	Sliced Green Onion + Sweet Soy Sauce	
Global subroutine: Set Hint Text	17	manual-global	튀긴 조각 닭 + 양념 소스 > 팬에 볶기	Chicken Nugget + Sweet&Spicy Sauce > Pan Fry	
Global subroutine: Set Hint Text	18	manual-global	밀가루를 피자 도우가 될 때 까지 내려치세요.\r\n피자 도우 + 토마토 소스 + 피자 치즈 > 그릴에 굽기	Smash Flour until it becomes Flour Pizza Dough.\r\nFlour Pizza Dough + Tomato Sauce + Shredded Mozzarella > Grill	
Global subroutine: Set Hint Text	19	manual-global	모든 레시피를 확인할 수 있는 사이트를 참고하실 수 있습니다.\r\nhttps://ow-restaurant.com/ko	View all recipes on this website.\r\nhttps://ow-restaurant.com/en	
Global subroutine: Set Hint Text	20	unchanged			
Global subroutine: Set Hint Text	21	manual-global+output-override	조심하세요! 자신보다 늦게 온 손님을 먼저 서빙하면 실패하는 손님 유형이 있습니다.	Some customers leave if you serve a later arrival first	
Global subroutine: Set Hint Text	22	manual-global+output-override	이런 손님들은 주문서 순서대로 서빙하는걸 추천합니다.	Serve them in the order shown on the order slips	
Global subroutine: Set Hint Text	23	manual-global+output-override	음식 평론가에게 좋은 평가를 받으면 많은 손님을 불러옵니다.	A positive review from the Food Critic attracts more customers	
Global subroutine: Set Hint Text	24	manual-global+output-override	푸드 파이터는 3개의 음식을 서빙해야 합니다.	A Competitive Eater must be served three dishes	
Global subroutine: Set Hint Text	25	unchanged			
Global subroutine: Set Hint Text	26	manual-global+output-override	예약 손님은 입장 전에 미리 주문을 합니다.\r\n가운데 잠깐 표시되는 예약 메시지를 주의 깊게 보고 기억하세요!	A Reserved Customer orders before entering.\r\nRemember the reservation message briefly shown at the center of the screen	
Global subroutine: Set Hint Text	27	manual-global+output-override	밀가루 반죽 을 자르고 다시 내려쳐 만두피를 만들 수 있습니다.	Cut Flour Dough, then smash it again to make Dumpling Wrapper	
Global subroutine: Set Hint Text	28	manual-global	다진 파 + 으깬 두부 + 만두피 > 솥에 찌기	Minced Green Onion + Mashed Tofu + Dumpling Wrapper > Steam in Pot	
Global subroutine: Set Hint Text	29	manual-global	다진 파 + 으깬 두부 + 만두피 > 팬에 굽기	Minced Green Onion + Mashed Tofu + Dumpling Wrapper > Pan Fry	
Global subroutine: Set Hint Text	30	manual-global	다진 파 + 으깬 두부 + 썬 당면 + 다진 돼지고기 + 만두피 > 솥에 찌기	Minced Green Onion + Mashed Tofu + Sliced Glass Noodles + Minced Pork + Dumpling Wrapper > Steam in Pot	
Global subroutine: Set Hint Text	31	manual-global	다진 파 + 다진 김치 + 썬 당면 + 다진 돼지고기 + 만두피 > 솥에 찌기	Minced Green Onion + Minced Kimchi + Sliced Glass Noodles + Minced Pork + Dumpling Wrapper > Steam in Pot	
Global subroutine: Set Hint Text	32	manual-global	다진 소고기를 내려쳐 패티를 만들고 구워주세요.\r\n아래 빵 + 익힌 패티 + 윗 빵	Smash Minced Beef to make Raw Patty, then grill it.\r\nBottom Bun + Cooked Patty + Top Bun	
Global subroutine: Set Hint Text	33	manual-global	아래 빵 + 익힌 패티 + 슬라이스 치즈 + 윗 빵	Bottom Bun + Cooked Patty + Sliced Cheese + Top Bun	
Global subroutine: Set Hint Text	34	manual-global	아래 빵 + 썬 양상추 + 썬 토마토 + 윗 빵	Bottom Bun + Sliced Lettuce + Sliced Tomato + Top Bun	
Global subroutine: Set Hint Text	35	manual-global	아래 빵 + 썬 토마토 + 썬 양상추 + 슬라이스 치즈 + 윗 빵	Bottom Bun + Sliced Tomato + Sliced Lettuce + Sliced Cheese + Top Bun	
Global subroutine: Set Hint Text	36	manual-global	아래 빵 + 익힌 패티 + 썬 양상추 + 썬 토마토 + 윗 빵	Bottom Bun + Cooked Patty + Sliced Lettuce + Sliced Tomato + Top Bun	
Global subroutine: Set Hint Text	37	manual-global	아래 빵 + 익힌 패티 + 슬라이스 치즈 + 썬 양상추 + 썬 토마토 + 윗 빵	Bottom Bun + Cooked Patty + Sliced Cheese + Sliced Lettuce + Sliced Tomato + Top Bun	
Global subroutine: Set Hint Text	38	unchanged			
Global subroutine: Set Hint Text	39	manual-global+output-override	https://ow-restaurant.com/ko 에서\r\n이 테마의 레시피를 확인하실 수 있습니다.	View this theme's recipes at\r\nhttps://ow-restaurant.com/en	
Global subroutine: Scoreboard	0	manual-global	최종 점수 : 〔{0}〕	Final Score: [{0}]	{0}
Global subroutine: Scoreboard	1	source-phrase	최고 기록 갱신!! 이 화면을 캡처하여 https://ow-restaurant.com 로 보내주세요	New Record!! Capture this screen and submit to https://ow-restaurant.com/en	
Global subroutine: Scoreboard	2	source-phrase	최고 기록 : 〔{0}〕	High Score: [{0}]	{0}
Global subroutine: Scoreboard	3	unchanged	{0} : {1}	{0} : {1}	{0} {1}
Global subroutine: Scoreboard	4	source-phrase	{0} 〔{2}〕\r\n  {1}	{0} [{2}]\r\n  {1}	{0} {2} {1}
Global subroutine: Scoreboard	5	manual-global	시간 : 〔{0}〕\r\n모드: 〔{1}〕\r\n결과: 〔{2}〕	Time: [{0}]\r\nMode: [{1}]\r\nResult: [{2}]	{0} {1} {2}
Global subroutine: Scoreboard	6	manual-global	{0}시간{1}분{2}초	{0}h{1}m{2}s	{0} {1} {2}
Global subroutine: Scoreboard	7	unchanged	{0}	{0}	{0}
Global subroutine: Scoreboard	8	manual-context	연습 모드	Practice	
Global subroutine: Scoreboard	9	source-phrase	캐주얼 다이닝	Casual Dining	
Global subroutine: Scoreboard	10	source-phrase	파인 다이닝	Fine Dining	
Global subroutine: Scoreboard	11	manual-global	스타 비스트로	Buzzy Restaurant	
Global subroutine: Scoreboard	12	manual-global	마스터쿡 챌린지	MasterChef Challenge	
Global subroutine: Scoreboard	13	manual-global	헤드셰프 챌린지	HeadChef Challenge	
Global subroutine: Scoreboard	14	unchanged	{0} / {1}	{0} / {1}	{0} {1}
Global subroutine: Scoreboard	15	manual-global	수습 난이도	Apprentice	
Global subroutine: Scoreboard	16	manual-global	숙련 난이도	Journeyman	
Global subroutine: Scoreboard	17	manual-global	전문 난이도	Professional	
Global subroutine: Scoreboard	18	unchanged	Hell's Kitchen	Hell's Kitchen	
Global subroutine: Scoreboard	19	manual-global	클리어!	Complete!	
Global subroutine: Scoreboard	20	manual-global+output-override	Stage {0} 에서 실패	Stage {0}	{0}
Global subroutine: Scoreboard	21	source-phrase	개인 총 수입 : 〔{0}〕\r\n개인 활약 점수 : 〔{1}〕	Total Personal Income: [{0}]\r\nContribution Score: [{1}]	{0} {1}
Global subroutine: Scoreboard	22	manual-global	성공한 영업 : 〔{0}〕	Success: [{0}]	{0}
Global subroutine: Scoreboard	23	source-phrase	요리에 기여함 : 〔{0}〕\r\n칼질한 횟수 : 〔{1}〕	Cooking Mastery: [{0}]\r\nChopped: [{1}]	{0} {1}
Global subroutine: Scoreboard	24	manual-global	환상적인 영업 : 〔{0}〕\r\n성공적인 영업 : 〔{1}〕\r\n실패한 영업 : 〔{2}〕	A-mei-zing Service: [{0}]\r\nSuccessful Service: [{1}]\r\nFailed Service: [{2}]	{0} {1} {2}
Global subroutine: Scoreboard	25	manual-global	서빙 성공 : 〔{0}〕	Serving Success: [{0}]	{0}
Global subroutine: Scoreboard	26	manual-global	전체 서빙 성공 : 〔{0}〕\r\n전체 서빙 실패 : 〔{1}〕	Total Serving Success: [{0}]\r\nTotal Serving Failure: [{1}]	{0} {1}
Global subroutine: Scoreboard	27	manual-global	서빙 실수 : 〔{0}〕	Serving Mistake: [{0}]	{0}
Global subroutine: Scoreboard	28	source-phrase	환상적인 서빙 : 〔{0}〕\r\n신속한 서빙 : 〔{1}〕\r\n완성도 있는 요리 : 〔{2}〕	A-mei-zing Served: [{0}]\r\nSwift Served: [{1}]\r\nWell-Prepared Dish: [{2}]	{0} {1} {2}
Global subroutine: Scoreboard	29	manual-global	평가 : 〔★★★★★★★〕	Rank: [SSS]	
Global subroutine: Scoreboard	30	manual-global	평가 : 〔★★★★★★〕	Rank: [S++]	
Global subroutine: Scoreboard	31	manual-global	평가 : 〔★★★★★〕	Rank: [S+]	
Global subroutine: Scoreboard	32	manual-global	평가 : 〔★★★★☆〕	Rank: [S]	
Global subroutine: Scoreboard	33	manual-global	평가 : 〔★★★☆☆〕	Rank: [A]	
Global subroutine: Scoreboard	34	manual-global	평가 : 〔★★☆☆☆〕	Rank: [B]	
Global subroutine: Scoreboard	35	manual-global	평가 : 〔★☆☆☆☆〕	Rank: [C]	
Global subroutine: Scoreboard	36	manual-global	평가 : 〔☆☆☆☆☆〕	Rank: [F]	
Global subroutine: Scoreboard	37	unchanged	{0}\r\n\r\n{1}\r\n{2}	{0}\r\n\r\n{1}\r\n{2}	{0} {1} {2}
Global subroutine: Scoreboard	38	unchanged	{0}{1}\r\n{2}	{0}{1}\r\n{2}	{0} {1} {2}
Global subroutine: Scoreboard	39	source-phrase	개인 총 수입 : 〔{0}〕\r\n개인 활약 점수 : 〔{1}〕\r\n요리에 기여함 : 〔{2}〕	Total Personal Income : [{0}]\r\nContribution Score : [{1}]\r\nCooking Mastery : [{2}]	{0} {1} {2}
Global subroutine: Scoreboard	40	source-phrase	서빙 성공 : 〔{0}〕\r\n서빙 실수 : 〔{1}〕	Serving Success : [{0}]\r\nServing Mistake : [{1}]	{0} {1}
Global subroutine: Scoreboard	41	unchanged	{0}\r\n\r\n{1}\r\n{2}	{0}\r\n\r\n{1}\r\n{2}	{0} {1} {2}
Global subroutine: Scoreboard	42	unchanged	{0}{1}\r\n{2}	{0}{1}\r\n{2}	{0} {1} {2}
Global subroutine: Scoreboard	43	source-phrase	개인 총 수입 : 〔{0}〕\r\n개인 활약 점수 : 〔{1}〕\r\n요리에 기여함 : 〔{2}〕	Total Personal Income : [{0}]\r\nContribution Score : [{1}]\r\nCooking Mastery : [{2}]	{0} {1} {2}
Global subroutine: Scoreboard	44	source-phrase	서빙 성공 : 〔{0}〕\r\n서빙 실수 : 〔{1}〕	Serving Success : [{0}]\r\nServing Mistake : [{1}]	{0} {1}
Global subroutine: Scoreboard	45	unchanged	{0}\r\n\r\n{1}\r\n{2}	{0}\r\n\r\n{1}\r\n{2}	{0} {1} {2}
Global subroutine: Scoreboard	46	unchanged	{0}{1}\r\n{2}	{0}{1}\r\n{2}	{0} {1} {2}
Global subroutine: Scoreboard	47	source-phrase	개인 총 수입 : 〔{0}〕\r\n개인 활약 점수 : 〔{1}〕\r\n요리에 기여함 : 〔{2}〕	Total Personal Income : [{0}]\r\nContribution Score : [{1}]\r\nCooking Mastery : [{2}]	{0} {1} {2}
Global subroutine: Scoreboard	48	source-phrase	서빙 성공 : 〔{0}〕\r\n서빙 실수 : 〔{1}〕	Serving Success : [{0}]\r\nServing Mistake : [{1}]	{0} {1}
Global subroutine: Scoreboard	49	unchanged	{0}\r\n\r\n{1}\r\n{2}	{0}\r\n\r\n{1}\r\n{2}	{0} {1} {2}
Global subroutine: Scoreboard	50	unchanged	{0}{1}\r\n{2}	{0}{1}\r\n{2}	{0} {1} {2}
Global subroutine: Scoreboard	51	source-phrase	개인 총 수입 : 〔{0}〕\r\n개인 활약 점수 : 〔{1}〕\r\n요리에 기여함 : 〔{2}〕	Total Personal Income : [{0}]\r\nContribution Score : [{1}]\r\nCooking Mastery : [{2}]	{0} {1} {2}
Global subroutine: Scoreboard	52	source-phrase	서빙 성공 : 〔{0}〕\r\n서빙 실수 : 〔{1}〕	Serving Success : [{0}]\r\nServing Mistake : [{1}]	{0} {1}
Global subroutine: Scoreboard	53	unchanged	{0}\r\n\r\n{1}\r\n{2}	{0}\r\n\r\n{1}\r\n{2}	{0} {1} {2}
Global subroutine: Scoreboard	54	unchanged	{0}{1}\r\n{2}	{0}{1}\r\n{2}	{0} {1} {2}
Global subroutine: Scoreboard	55	source-phrase	개인 총 수입 : 〔{0}〕\r\n개인 활약 점수 : 〔{1}〕\r\n요리에 기여함 : 〔{2}〕	Total Personal Income : [{0}]\r\nContribution Score : [{1}]\r\nCooking Mastery : [{2}]	{0} {1} {2}
Global subroutine: Scoreboard	56	source-phrase	서빙 성공 : 〔{0}〕\r\n서빙 실수 : 〔{1}〕	Serving Success : [{0}]\r\nServing Mistake : [{1}]	{0} {1}
Global subroutine: Scoreboard	57	unchanged	{0}\r\n\r\n{1}\r\n{2}	{0}\r\n\r\n{1}\r\n{2}	{0} {1} {2}
Global subroutine: Scoreboard	58	unchanged	{0}{1}\r\n{2}	{0}{1}\r\n{2}	{0} {1} {2}
Global subroutine: Scoreboard	59	source-phrase	개인 총 수입 : 〔{0}〕\r\n개인 활약 점수 : 〔{1}〕\r\n요리에 기여함 : 〔{2}〕	Total Personal Income : [{0}]\r\nContribution Score : [{1}]\r\nCooking Mastery : [{2}]	{0} {1} {2}
Global subroutine: Scoreboard	60	source-phrase	서빙 성공 : 〔{0}〕\r\n서빙 실수 : 〔{1}〕	Serving Success : [{0}]\r\nServing Mistake : [{1}]	{0} {1}
Global subroutine: Deluxe ORG init1	0	unchanged	D/L/T/T/T/T/G/Z/L/Z/U/Y/T/U/U/Z/R/Z/Y/Y/B/Y/O/O/R/W/O/O/W/W/O/R/M/L/L/G/G/H/H/H/H/{0}	D/L/T/T/T/T/G/Z/L/Z/U/Y/T/U/U/Z/R/Z/Y/Y/B/Y/O/O/R/W/O/O/W/W/O/R/M/L/L/G/G/H/H/H/H/{0}	{0}
Global subroutine: Deluxe ORG init1	1	unchanged	H/H/H/H/H/H/H/H/H/H/H/H/H/H/H/H/H/H/H/H/R/R/M/M/Y/W/W/W/G/G/G/W/R/S/Y/R/S/S/C/M/F/{0}	H/H/H/H/H/H/H/H/H/H/H/H/H/H/H/H/H/H/H/H/R/R/M/M/Y/W/W/W/G/G/G/W/R/S/Y/R/S/S/C/M/F/{0}	{0}
Global subroutine: Deluxe ORG init1	2	unchanged	F/F/M/M/C/R/S/C/M/V/V/W/V/Y/S/C/R/F/F/F/Y/Y/Y/C/Y/S/Y/Y/Y/Y/W/Y/F/F/F/F/F/F/F/R/A/{0}	F/F/M/M/C/R/S/C/M/V/V/W/V/Y/S/C/R/F/F/F/Y/Y/Y/C/Y/S/Y/Y/Y/Y/W/Y/F/F/F/F/F/F/F/R/A/{0}	{0}
Global subroutine: Deluxe ORG init1	3	unchanged	M/A/F/H/F/F/F/F/F/R/A/Y/P/Y/R/M/M/H/Y/C/C/C/C/C/W/W/W/W/W/S/R/R/S/S/O/O/A/A/A/M/M/{0}	M/A/F/H/F/F/F/F/F/R/A/Y/P/Y/R/M/M/H/Y/C/C/C/C/C/W/W/W/W/W/S/R/R/S/S/O/O/A/A/A/M/M/{0}	{0}
Global subroutine: Deluxe ORG init1	4	unchanged	W/M/W/C/G/O/A/C/C/O/A/A/C/C/G/A/A/C/A/C/A/F/F/F/G/C/M/G/C/M/W/W/M/M/B/W/W/W/F/O/O/{0}	W/M/W/C/G/O/A/C/C/O/A/A/C/C/G/A/A/C/A/C/A/F/F/F/G/C/M/G/C/M/W/W/M/M/B/W/W/W/F/O/O/{0}	{0}
Global subroutine: Deluxe ORG init1	5	unchanged	S/S/S/W/F/F/W/S/F/M/M/W/W/Y/Y/M/F/F/M/F/M/M/F/F/F/F/F/F/F/F/F/F/F/F/F/F/P/C/P/C/S/{0}	S/S/S/W/F/F/W/S/F/M/M/W/W/Y/Y/M/F/F/M/F/M/M/F/F/F/F/F/F/F/F/F/F/F/F/F/F/P/C/P/C/S/{0}	{0}
Global subroutine: Deluxe ORG init1	6	unchanged	P/C/P/C/P/C/S/C/C/W/W/W/W/P/P/P/Y/F/M/Y/N/N/W/W/W/F/F/N/A/Q/X/X/P/M/P/M/P/M/P/M/M/{0}	P/C/P/C/P/C/S/C/C/W/W/W/W/P/P/P/Y/F/M/Y/N/N/W/W/W/F/F/N/A/Q/X/X/P/M/P/M/P/M/P/M/M/{0}	{0}
Global subroutine: Deluxe ORG init1	7	unchanged	M/M/A/X/P/Y/P/Y/W/W/Y/S/R/P/F/S/S/P/P/R/F/S/N/S/X/P/N/X/P/N/X/X/P/X/X/P/X/W/N/N/P/{0}	M/M/A/X/P/Y/P/Y/W/W/Y/S/R/P/F/S/S/P/P/R/F/S/N/S/X/P/N/X/P/N/X/X/P/X/X/P/X/W/N/N/P/{0}	{0}
Global subroutine: Deluxe ORG init1	8	unchanged	X/S/S/N/Y/S/S/P/S/M/M/M/S/S/S/S/S/S/S/S/S/R/R/R/Y/Y/Y/Y/Y/W/W/R/R/R/P/S/R/R/R/M/M/{0}	X/S/S/N/Y/S/S/P/S/M/M/M/S/S/S/S/S/S/S/S/S/R/R/R/Y/Y/Y/Y/Y/W/W/R/R/R/P/S/R/R/R/M/M/{0}	{0}
Global subroutine: Deluxe ORG init1	9	unchanged	S/F/F/P/L/L/S/S/S/S/F/F/F/F/P/P/P/E/F/Y/Y/F/X/H/H/C/C/S/W/W/M/M/M/J/J/J/S/F/P/P/P/{0}	S/F/F/P/L/L/S/S/S/S/F/F/F/F/P/P/P/E/F/Y/Y/F/X/H/H/C/C/S/W/W/M/M/M/J/J/J/S/F/P/P/P/{0}	{0}
Global subroutine: Deluxe ORG init1	10	unchanged	P/F/W/C/N/N/Q/A/F/K/Y/M/F/F/M/S/F/W/F/S/F/R/W/Y/R/A/N/N/M/R/R/R/R/S/F/F/P/F/P/H/H/{0}	P/F/W/C/N/N/Q/A/F/K/Y/M/F/F/M/S/F/W/F/S/F/R/W/Y/R/A/N/N/M/R/R/R/R/S/F/F/P/F/P/H/H/{0}	{0}
Global subroutine: Deluxe ORG init1	11	unchanged	H/H/H/C/C/C/C/F/V/F/H/H/H/H/V/H/C/C/P/Y/F/F/V/C/Y	H/H/H/C/C/C/C/F/V/F/H/H/H/H/V/H/C/C/P/Y/F/F/V/C/Y	
Global subroutine: Deluxe ORG init1	12	unchanged	/	/	
Global subroutine: Deluxe ORG init1	13	unchanged	D/R/M/Y/W/L/G/H/T/S/C/F/V/O/A/P/B/N/Q/X/Z/U/E/J/K	D/R/M/Y/W/L/G/H/T/S/C/F/V/O/A/P/B/N/Q/X/Z/U/E/J/K	
Global subroutine: Deluxe ORG init1	14	unchanged	/	/	
Global subroutine: Deluxe ORG init1	15	unchanged	Burnt Food/Butter Knife/Carbon-Steel Knife/Portable Knife/Sharp Knife/Genji's Dagg{0}	Burnt Food/Butter Knife/Carbon-Steel Knife/Portable Knife/Sharp Knife/Genji's Dagg{0}	{0}
Global subroutine: Deluxe ORG init1	16	unchanged	er/Kitchen Knife/Head Chef's Knife/Energy Drink/Suspicious Drinks/Jump Boots/Seaso{0}	er/Kitchen Knife/Head Chef's Knife/Energy Drink/Suspicious Drinks/Jump Boots/Seaso{0}	{0}
Global subroutine: Deluxe ORG init1	17	unchanged	ning Packets/Vacuum/Dash Boots/Teleport Spell/Food Dupe Spell/Gas Torch/ServingBal{0}	ning Packets/Vacuum/Dash Boots/Teleport Spell/Food Dupe Spell/Gas Torch/ServingBal{0}	{0}
Global subroutine: Deluxe ORG init1	18	unchanged	l/$100/Food Box/Freeze Gun/Melted Cheese/Creamy Tomato Sauce/Cheese Fries/Tomato P{0}	l/$100/Food Box/Freeze Gun/Melted Cheese/Creamy Tomato Sauce/Cheese Fries/Tomato P{0}	{0}
Global subroutine: Deluxe ORG init1	19	unchanged	asta/Creamy Pasta/Creamy Tomato Pasta/Creamy Tomato Cheese Pasta/Cream Cheese Past{0}	asta/Creamy Pasta/Creamy Tomato Pasta/Creamy Tomato Cheese Pasta/Cream Cheese Past{0}	{0}
Global subroutine: Deluxe ORG init1	20	unchanged	a/Cream Cheese Sauce/Creamy Tomato Cheese Sauce/Raw Patty/Cooked Patty/Lettuce/Sli{0}	a/Cream Cheese Sauce/Creamy Tomato Cheese Sauce/Raw Patty/Cooked Patty/Lettuce/Sli{0}	{0}
Global subroutine: Deluxe ORG init1	21	unchanged	ced Lettuce/Grilled Lettuce/Stir-fried Lettuce/Burger Bun/Bottom Bun/Top Bun/B+P/B{0}	ced Lettuce/Grilled Lettuce/Stir-fried Lettuce/Burger Bun/Bottom Bun/Top Bun/B+P/B{0}	{0}
Global subroutine: Deluxe ORG init1	22	unchanged	+C/B+T/B+L/B+P+C/B+P+T/B+P+L/B+C+T/B+C+L/B+T+L/B+P+C+T/B+P+C+L/B+P+T+L/B+C+T+L/B+P{0}	+C/B+T/B+L/B+P+C/B+P+T/B+P+L/B+C+T/B+C+L/B+T+L/B+P+C+T/B+P+C+L/B+P+T+L/B+C+T+L/B+P{0}	{0}
Global subroutine: Deluxe ORG init1	23	unchanged	+C+T+L/Hamburger/Cheeseburger/Veggie Burger/Veggie CheeseBurger/Deluxe Burger/Chee{0}	+C+T+L/Hamburger/Cheeseburger/Veggie Burger/Veggie CheeseBurger/Deluxe Burger/Chee{0}	{0}
Global subroutine: Deluxe ORG init1	24	unchanged	se Deluxe Burger/Beef/Sliced Beef/Steak/Steak Bites/Potato/Chicken/Sliced Chicken/{0}	se Deluxe Burger/Beef/Sliced Beef/Steak/Steak Bites/Potato/Chicken/Sliced Chicken/{0}	{0}
Global subroutine: Deluxe ORG init1	25	unchanged	Chopped Chicken/Green Onion/Sliced Green Onion/Minced Green Onion/Frying Mix/Red P{0}	Chopped Chicken/Green Onion/Sliced Green Onion/Minced Green Onion/Frying Mix/Red P{0}	{0}
Global subroutine: Deluxe ORG init1	26	unchanged	epper Paste/Soy Sauce/Corn Syrup/Red Pepper Sauce/Sweet Soy Sauce/Green Onion+Soy {0}	epper Paste/Soy Sauce/Corn Syrup/Red Pepper Sauce/Sweet Soy Sauce/Green Onion+Soy {0}	{0}
Global subroutine: Deluxe ORG init1	27	unchanged	Sauce/Sweet&Spicy Sauce/Grilled Chicken/Chicken+Frying Mix	Sauce/Sweet&Spicy Sauce/Grilled Chicken/Chicken+Frying Mix	
Global subroutine: Deluxe ORG init1	28	unchanged	/	/	
Global subroutine: Deluxe ORG init1	29	unchanged	Sliced Chicken+Frying Mix/Chopped Chicken+Frying Mix/Chicken Nugget/Fried Chicken/{0}	Sliced Chicken+Frying Mix/Chopped Chicken+Frying Mix/Chicken Nugget/Fried Chicken/{0}	{0}
Global subroutine: Deluxe ORG init1	30	unchanged	Sweet&Spicy Chicken/Red Pepper Chicken/Sweet Soy Sauce Chicken/Sweet&Spicy Chicken{0}	Sweet&Spicy Chicken/Red Pepper Chicken/Sweet Soy Sauce Chicken/Sweet&Spicy Chicken{0}	{0}
Global subroutine: Deluxe ORG init1	31	unchanged	 Nugget/Fried Whole Chicken/Stir-fried Green Onion/Fried Green Onion/Boiled Chicke{0}	 Nugget/Fried Whole Chicken/Stir-fried Green Onion/Fried Green Onion/Boiled Chicke{0}	{0}
Global subroutine: Deluxe ORG init1	32	unchanged	n/Grilled Green Onion/Frying Crumbs/Green Onion Sweet Soy Sauce Chicken/Raw S&S Ch{0}	n/Grilled Green Onion/Frying Crumbs/Green Onion Sweet Soy Sauce Chicken/Raw S&S Ch{0}	{0}
Global subroutine: Deluxe ORG init1	33	unchanged	icken Nugget/Mashed Tomato/Broken Egg/Egg/Boiled Egg/Peeled Boiled Egg/Mashed Boil{0}	icken Nugget/Mashed Tomato/Broken Egg/Egg/Boiled Egg/Peeled Boiled Egg/Mashed Boil{0}	{0}
Global subroutine: Deluxe ORG init1	34	unchanged	ed Egg/Peeled Egg/Kimchi Fried Rice/Egg Fried Rice/Bulgogi Wrap Rice/Mixed Egg/Fri{0}	ed Egg/Peeled Egg/Kimchi Fried Rice/Egg Fried Rice/Bulgogi Wrap Rice/Mixed Egg/Fri{0}	{0}
Global subroutine: Deluxe ORG init1	35	unchanged	ed Egg/Scrambled Egg/Steamed Egg/Raw Rice/Shredded Mozzarella/Flour/Flour Dough/Sm{0}	ed Egg/Scrambled Egg/Steamed Egg/Raw Rice/Shredded Mozzarella/Flour/Flour Dough/Sm{0}	{0}
Global subroutine: Deluxe ORG init1	36	unchanged	all Flour Dough/Rolled Flour Dough/Dumpling Wrapper/Flour Pizza Dough/Flour Tortil{0}	all Flour Dough/Rolled Flour Dough/Dumpling Wrapper/Flour Pizza Dough/Flour Tortil{0}	{0}
Global subroutine: Deluxe ORG init1	37	unchanged	la/Pepperoni/Bacon/Grilled Bacon/Sliced Bacon/Pizza Dough+Sauce/Mozzarella Pizza/P{0}	la/Pepperoni/Bacon/Grilled Bacon/Sliced Bacon/Pizza Dough+Sauce/Mozzarella Pizza/P{0}	{0}
Global subroutine: Deluxe ORG init1	38	unchanged	izza Base/PB+Pepperoni/PB+Bacon/PB+Potato/PB+Bacon+Potato/Pepperoni Pizza/Bacon Pi{0}	izza Base/PB+Pepperoni/PB+Bacon/PB+Potato/PB+Bacon+Potato/Pepperoni Pizza/Bacon Pi{0}	{0}
Global subroutine: Deluxe ORG init1	39	unchanged	zza/Potato Pizza/Bacon Potato Pizza/Rolled Omelette/Grilled Pepperoni/Grilled Slic{0}	zza/Potato Pizza/Bacon Potato Pizza/Rolled Omelette/Grilled Pepperoni/Grilled Slic{0}	{0}
Global subroutine: Deluxe ORG init1	40	unchanged	ed Bacon/Boiled Beef/Breadcrumbs/Shredded Rolled Omelette/Kimchi/Sliced Kimchi/Min{0}	ed Bacon/Boiled Beef/Breadcrumbs/Shredded Rolled Omelette/Kimchi/Sliced Kimchi/Min{0}	{0}
Global subroutine: Deluxe ORG init1	41	unchanged	ced Kimchi/Stir-fried Kimchi/Egg Kimchi Fried Rice/Tofu	ced Kimchi/Stir-fried Kimchi/Egg Kimchi Fried Rice/Tofu	
Global subroutine: Deluxe ORG init1	42	unchanged	/	/	
Global subroutine: Deluxe ORG init1	43	unchanged	Sliced Tofu/Grilled Tofu/Stir-fried Tofu/Mashed Tofu/Bulgogi Rice Bowl/Kimchi Bulg{0}	Sliced Tofu/Grilled Tofu/Stir-fried Tofu/Mashed Tofu/Bulgogi Rice Bowl/Kimchi Bulg{0}	{0}
Global subroutine: Deluxe ORG init1	44	unchanged	ogi Rice Bowl/Minced Beef/Sliced Beef+Soy Sauce/Bulgogi/Glass Noodles/Sliced Glass{0}	ogi Rice Bowl/Minced Beef/Sliced Beef+Soy Sauce/Bulgogi/Glass Noodles/Sliced Glass{0}	{0}
Global subroutine: Deluxe ORG init1	45	unchanged	 Noodles/Pork/Sliced Pork/Minced Pork/Grilled Pork/Fried Pork/Boiled Pork/Stir-fri{0}	 Noodles/Pork/Sliced Pork/Minced Pork/Grilled Pork/Fried Pork/Boiled Pork/Stir-fri{0}	{0}
Global subroutine: Deluxe ORG init1	46	unchanged	ed Pork/Sliced Boiled Pork/G+K/G+T/G+N/G+P/K+N/K+P/T+N/T+P/N+P/G+K+N/G+K+P/G+T+N/G{0}	ed Pork/Sliced Boiled Pork/G+K/G+T/G+N/G+P/K+N/K+P/T+N/T+P/N+P/G+K+N/G+K+P/G+T+N/G{0}	{0}
Global subroutine: Deluxe ORG init1	47	unchanged	+T+P/G+N+P/K+N+P/T+N+P/G+K+N+P/G+T+N+P/Raw Vegetable Dumpling/Raw Kimchi Dumpling/{0}	+T+P/G+N+P/K+N+P/T+N+P/G+K+N+P/G+T+N+P/Raw Vegetable Dumpling/Raw Kimchi Dumpling/{0}	{0}
Global subroutine: Deluxe ORG init1	48	unchanged	Raw Meat Dumpling/Stir-fried Vegetable Dumpling/Stir-fried Kimchi Dumpling/Stir-fr{0}	Raw Meat Dumpling/Stir-fried Vegetable Dumpling/Stir-fried Kimchi Dumpling/Stir-fr{0}	{0}
Global subroutine: Deluxe ORG init1	49	unchanged	ied Meat Dumpling/Steamed Vegetable Dumpling/Steamed Kimchi Dumpling/Steamed Meat {0}	ied Meat Dumpling/Steamed Vegetable Dumpling/Steamed Kimchi Dumpling/Steamed Meat {0}	{0}
Global subroutine: Deluxe ORG init1	50	unchanged	Dumpling/Steamed Rice/Fried Rice/Pork Cutlet/Sliced Pork Cutlet/Fish/Sliced Fish/M{0}	Dumpling/Steamed Rice/Fried Rice/Pork Cutlet/Sliced Pork Cutlet/Fish/Sliced Fish/M{0}	{0}
Global subroutine: Deluxe ORG init1	51	unchanged	inced Fish/Steamed Fish/Steamed Fish Cake/Grilled Fish/Fried Fish/Sliced Fish+Soy {0}	inced Fish/Steamed Fish/Steamed Fish Cake/Grilled Fish/Fried Fish/Sliced Fish+Soy {0}	{0}
Global subroutine: Deluxe ORG init1	52	unchanged	Sauce/Soy Sauce Steamed Fish/Soy Sauce Grilled Fish/Small Steamed Rice/Sushi/Sushi{0}	Sauce/Soy Sauce Steamed Fish/Soy Sauce Grilled Fish/Small Steamed Rice/Sushi/Sushi{0}	{0}
Global subroutine: Deluxe ORG init1	53	unchanged	 2pcs/Rice Ball/Soy Sauce Rice Ball/Steamed Fish Rice Bowl/Pork Cutlet+Rice Bowl/P{0}	 2pcs/Rice Ball/Soy Sauce Rice Ball/Steamed Fish Rice Bowl/Pork Cutlet+Rice Bowl/P{0}	{0}
Global subroutine: Deluxe ORG init1	54	unchanged	ork Cutlet+Egg Rice bowl/Sliced Boiled Chicken/Boiled Chicken+Rice/Scrambled Egg R{0}	ork Cutlet+Egg Rice bowl/Sliced Boiled Chicken/Boiled Chicken+Rice/Scrambled Egg R{0}	{0}
Global subroutine: Deluxe ORG init1	55	unchanged	ice Bowl/Boiled Chicken+Egg Rice Bowl/Fish Cutlet	ice Bowl/Boiled Chicken+Egg Rice Bowl/Fish Cutlet	
Global subroutine: Deluxe ORG init1	56	unchanged	/	/	
Global subroutine: Deluxe ORG init1	57	unchanged	Sliced Pork+Frying Mix/Minced Fish+Frying Mix/Fried Fish Cake/Sliced Fish+Frying M{0}	Sliced Pork+Frying Mix/Minced Fish+Frying Mix/Fried Fish Cake/Sliced Fish+Frying M{0}	{0}
Global subroutine: Deluxe ORG init1	58	unchanged	ix/Chicken Nugget+Rice Bowl/Chicken Nugget+Egg Rice Bowl/Small Hand-Torn Noodles/H{0}	ix/Chicken Nugget+Rice Bowl/Chicken Nugget+Egg Rice Bowl/Small Hand-Torn Noodles/H{0}	{0}
Global subroutine: Deluxe ORG init1	59	unchanged	and-Torn Noodles/Flour Chunk/Stretched Flour Dough/Raw Noodles (1|4)/Raw Noodles ({0}	and-Torn Noodles/Flour Chunk/Stretched Flour Dough/Raw Noodles (1|4)/Raw Noodles ({0}	{0}
Global subroutine: Deluxe ORG init1	60	unchanged	2|4)/Raw Noodles (3|4)/Raw Noodles/Thin Flour Chunk/Stretched Flour Strands/Raw Th{0}	2|4)/Raw Noodles (3|4)/Raw Noodles/Thin Flour Chunk/Stretched Flour Strands/Raw Th{0}	{0}
Global subroutine: Deluxe ORG init1	61	unchanged	in Noodles (1|4)/Raw Thin Noodles (2|4)/Raw Thin Noodles (3|4)/Raw Thin Noodles/Br{0}	in Noodles (1|4)/Raw Thin Noodles (2|4)/Raw Thin Noodles (3|4)/Raw Thin Noodles/Br{0}	{0}
Global subroutine: Deluxe ORG init1	62	unchanged	oth/Kimchi Broth/Boiled Broth/Boiled Kimchi Broth/Black Bean Sauce/Hand-Torn Noodl{0}	oth/Kimchi Broth/Boiled Broth/Boiled Kimchi Broth/Black Bean Sauce/Hand-Torn Noodl{0}	{0}
Global subroutine: Deluxe ORG init1	63	unchanged	e Soup/Kimchi Hand-Torn Noodle Soup/Noodle Soup/Kimchi Noodle Soup/Thin Noodle Sou{0}	e Soup/Kimchi Hand-Torn Noodle Soup/Noodle Soup/Kimchi Noodle Soup/Thin Noodle Sou{0}	{0}
Global subroutine: Deluxe ORG init1	64	unchanged	p/Kimchi Thin Noodle Soup/Black Bean Noodle/Sliced Tofu+Kimchi/Stir-fried Tofu+Kim{0}	p/Kimchi Thin Noodle Soup/Black Bean Noodle/Sliced Tofu+Kimchi/Stir-fried Tofu+Kim{0}	{0}
Global subroutine: Deluxe ORG init1	65	unchanged	chi/Boiled Noodles/Boiled Thin Noodles/Boiled Hand-Torn Noodles/Rice Cake/Rice Cak{0}	chi/Boiled Noodles/Boiled Thin Noodles/Boiled Hand-Torn Noodles/Rice Cake/Rice Cak{0}	{0}
Global subroutine: Deluxe ORG init1	66	unchanged	e Soup/Dumpling Soup/Rice Cake Dumpling Soup/Egg Batter/Meat Batter/Meatball/Slice{0}	e Soup/Dumpling Soup/Rice Cake Dumpling Soup/Egg Batter/Meat Batter/Meatball/Slice{0}	{0}
Global subroutine: Deluxe ORG init1	67	unchanged	d Potato/Narutomaki/Sliced Narutomaki/Onion/Sliced Onion/Minced Onion/Grilled Onio{0}	d Potato/Narutomaki/Sliced Narutomaki/Onion/Sliced Onion/Minced Onion/Grilled Onio{0}	{0}
Global subroutine: Deluxe ORG init1	68	unchanged	n/Stir-fried Onion/Shrimp/Grilled Shrimp/Steamed Shrimp/Rolled Corn Dough/Corn Tor{0}	n/Stir-fried Onion/Shrimp/Grilled Shrimp/Steamed Shrimp/Rolled Corn Dough/Corn Tor{0}	{0}
Global subroutine: Deluxe ORG init1	69	unchanged	tilla/Pork Taco(Flour)/Pork Taco(Corn)/Beef Taco(Flour)	tilla/Pork Taco(Flour)/Pork Taco(Corn)/Beef Taco(Flour)	
Global subroutine: Deluxe ORG init1	70	unchanged	/	/	
Global subroutine: Deluxe ORG init1	71	unchanged	Beef Taco(Corn)/Grilled Shrimp Taco(Flour)/Grilled Shrimp Taco(Corn)/Steamed Shrim{0}	Beef Taco(Corn)/Grilled Shrimp Taco(Flour)/Grilled Shrimp Taco(Corn)/Steamed Shrim{0}	{0}
Global subroutine: Deluxe ORG init1	72	unchanged	p Taco(Flour)/Steamed Shrimp Taco(Corn)/Pork+Onion/Beef+Onion/Grilled Shrimp+Onion{0}	p Taco(Flour)/Steamed Shrimp Taco(Corn)/Pork+Onion/Beef+Onion/Grilled Shrimp+Onion{0}	{0}
Global subroutine: Deluxe ORG init1	73	unchanged	/Steamed Shrimp+Onion/Corn Dough/Fried Flour Tortilla/Fried Corn Tortilla/Flour Na{0}	/Steamed Shrimp+Onion/Corn Dough/Fried Flour Tortilla/Fried Corn Tortilla/Flour Na{0}	{0}
Global subroutine: Deluxe ORG init1	74	unchanged	chos/Corn Nachos/Milk/Ice Cream/Banana/Chocolate/Strawberry/Orange/Peeled Banana/C{0}	chos/Corn Nachos/Milk/Ice Cream/Banana/Chocolate/Strawberry/Orange/Peeled Banana/C{0}	{0}
Global subroutine: Deluxe ORG init1	75	unchanged	hopped Chocolate/Melted Chocolate/Peeled Orange/Mashed Orange/Mashed Strawberry/Ma{0}	hopped Chocolate/Melted Chocolate/Peeled Orange/Mashed Orange/Mashed Strawberry/Ma{0}	{0}
Global subroutine: Deluxe ORG init1	76	unchanged	shed Banana/Chocolate Milk/Strawberry+Banana/Chocolate Parfait/Banana Parfait/Oran{0}	shed Banana/Chocolate Milk/Strawberry+Banana/Chocolate Parfait/Banana Parfait/Oran{0}	{0}
Global subroutine: Deluxe ORG init1	77	unchanged	ge Parfait/Strawberry Parfait/Banana Parfait+Chocolate/Orange Parfait+Chocolate/St{0}	ge Parfait/Strawberry Parfait/Banana Parfait+Chocolate/Orange Parfait+Chocolate/St{0}	{0}
Global subroutine: Deluxe ORG init1	78	unchanged	rawberry Parfait+Chocolate/Banana Parfait+Orange/Banana Parfait+Strawberry/Orange {0}	rawberry Parfait+Chocolate/Banana Parfait+Orange/Banana Parfait+Strawberry/Orange {0}	{0}
Global subroutine: Deluxe ORG init1	79	unchanged	Parfait+Strawberry/Banana Parfait+Chocolate+Orange/Banana Parfait+Chocolate+Strawb{0}	Parfait+Strawberry/Banana Parfait+Chocolate+Orange/Banana Parfait+Chocolate+Strawb{0}	{0}
Global subroutine: Deluxe ORG init1	80	unchanged	erry/Orange Parfait+Chocolate+Strawberry/Banana Parfait+Orange+Strawberry/Milkshak{0}	erry/Orange Parfait+Chocolate+Strawberry/Banana Parfait+Orange+Strawberry/Milkshak{0}	{0}
Global subroutine: Deluxe ORG init1	81	unchanged	e/Strawberry Banana Shake/Strawberry Shake/Orange Shake/Banana Shake/Chocolate Sha{0}	e/Strawberry Banana Shake/Strawberry Shake/Orange Shake/Banana Shake/Chocolate Sha{0}	{0}
Global subroutine: Deluxe ORG init1	82	unchanged	ke/Chocolate Banana/Deluxe Parfait/Maple Syrup/Chocolate Syrup/Chocolate Batter/Eg{0}	ke/Chocolate Banana/Deluxe Parfait/Maple Syrup/Chocolate Syrup/Chocolate Batter/Eg{0}	{0}
Global subroutine: Deluxe ORG init1	83	unchanged	g Bread/Chocolate Bread/Pancake/Pancake+Bacon	g Bread/Chocolate Bread/Pancake/Pancake+Bacon	
Global subroutine: Deluxe ORG init1	84	unchanged	/	/	
Global subroutine: Deluxe ORG init1	85	unchanged	Pancake+Scrambled Eggs/Chocolate Syrup Pancake/Chocolate Syrup Pancake+Bacon/Choco{0}	Pancake+Scrambled Eggs/Chocolate Syrup Pancake/Chocolate Syrup Pancake+Bacon/Choco{0}	{0}
Global subroutine: Deluxe ORG init1	86	unchanged	late Syrup Pancake+Scrambled Eggs/Chocolate Pancake/Chocolate Pancake+Bacon/Chocol{0}	late Syrup Pancake+Scrambled Eggs/Chocolate Pancake/Chocolate Pancake+Bacon/Chocol{0}	{0}
Global subroutine: Deluxe ORG init1	87	unchanged	ate Pancake+Scrambled Eggs/Double Chocolate Pancake/Double Chocolate Pancake+Bacon{0}	ate Pancake+Scrambled Eggs/Double Chocolate Pancake/Double Chocolate Pancake+Bacon{0}	{0}
Global subroutine: Deluxe ORG init1	88	unchanged	/Double Chocolate Pancake+Scrambled Eggs/Strawberry Pancake/Strawberry Pancake+Bac{0}	/Double Chocolate Pancake+Scrambled Eggs/Strawberry Pancake/Strawberry Pancake+Bac{0}	{0}
Global subroutine: Deluxe ORG init1	89	unchanged	on/Strawberry Pancake+Scrambled Eggs/Grilled Potato/Steamed Potato/French Fries/Ma{0}	on/Strawberry Pancake+Scrambled Eggs/Grilled Potato/Steamed Potato/French Fries/Ma{0}	{0}
Global subroutine: Deluxe ORG init1	90	unchanged	shed Potato/Stir-fried Potato/Pasta/Boiled Pasta/Tomato/Sliced Tomato/Grilled Toma{0}	shed Potato/Stir-fried Potato/Pasta/Boiled Pasta/Tomato/Sliced Tomato/Grilled Toma{0}	{0}
Global subroutine: Deluxe ORG init1	91	unchanged	to/Donut/Choco Donut/Lamb/Sliced Lamb/Minced Lamb/Lamb Roast/Grilled Sliced Lamb/S{0}	to/Donut/Choco Donut/Lamb/Sliced Lamb/Minced Lamb/Lamb Roast/Grilled Sliced Lamb/S{0}	{0}
Global subroutine: Deluxe ORG init1	92	unchanged	teak Sauce/Mushroom/Sliced Mushroom/Grilled Mushroom/Cabbage/Sliced Cabbage/Steak {0}	teak Sauce/Mushroom/Sliced Mushroom/Grilled Mushroom/Cabbage/Sliced Cabbage/Steak {0}	{0}
Global subroutine: Deluxe ORG init1	93	unchanged	with Sauce/Pork+Steak Sauce/Spare Ribs/Aged Pork Belly/Onion+Mushroom/Onion+Cabbag{0}	with Sauce/Pork+Steak Sauce/Spare Ribs/Aged Pork Belly/Onion+Mushroom/Onion+Cabbag{0}	{0}
Global subroutine: Deluxe ORG init1	94	unchanged	e/Mushroom+Cabbage/Onion+Mushroom+Cabbage/Vegetable Broth/Shabu-Shabu/Chinese Hotp{0}	e/Mushroom+Cabbage/Onion+Mushroom+Cabbage/Vegetable Broth/Shabu-Shabu/Chinese Hotp{0}	{0}
Global subroutine: Deluxe ORG init1	95	unchanged	ot/Clam/Stir-fried Clams/Pineapple/Sliced Pineapple/Pizza+Pineapple/Pineapple Pizz{0}	ot/Clam/Stir-fried Clams/Pineapple/Sliced Pineapple/Pizza+Pineapple/Pineapple Pizz{0}	{0}
Global subroutine: Deluxe ORG init1	96	unchanged	a/B+Chicken/Chicken Burger/Sliced Beef+Sweet&Spicy Sauce/Sweet&Spicy Bulgogi/Grill{0}	a/B+Chicken/Chicken Burger/Sliced Beef+Sweet&Spicy Sauce/Sweet&Spicy Bulgogi/Grill{0}	{0}
Global subroutine: Deluxe ORG init1	97	unchanged	ed Soy Sauce Rice Ball/Rice Noodles/Boiled Rice Noodles	ed Soy Sauce Rice Ball/Rice Noodles/Boiled Rice Noodles	
Global subroutine: Deluxe ORG init1	98	unchanged	/	/	
Global subroutine: Deluxe ORG init1	99	unchanged	Stir-fried Chicken/Chicken+Onion/Lamb+Onion/Mint Choco Parfait/Mint Choco Shake/Mi{0}	Stir-fried Chicken/Chicken+Onion/Lamb+Onion/Mint Choco Parfait/Mint Choco Shake/Mi{0}	{0}
Global subroutine: Deluxe ORG init1	100	unchanged	nt Syrup/Glutinous Rice/Hotteok Dough/Hotteok/Rice Noodle Soup/Chicken Taco(Flour){0}	nt Syrup/Glutinous Rice/Hotteok Dough/Hotteok/Rice Noodle Soup/Chicken Taco(Flour){0}	{0}
Global subroutine: Deluxe ORG init1	101	unchanged	/Lamb Taco(Flour)/Vongole Pasta/Creamy Chicken/Strawberry Tanghulu/G+T+N+S/Raw Shr{0}	/Lamb Taco(Flour)/Vongole Pasta/Creamy Chicken/Strawberry Tanghulu/G+T+N+S/Raw Shr{0}	{0}
Global subroutine: Deluxe ORG init1	102	unchanged	imp Dumpling/Steamed Shrimp Dumpling/Stir-Fried Shrimp Dumpling/Boiled Pork Wrap/W{0}	imp Dumpling/Steamed Shrimp Dumpling/Stir-Fried Shrimp Dumpling/Boiled Pork Wrap/W{0}	{0}
Global subroutine: Deluxe ORG init1	103	unchanged	ine/Melted Cheese Pack/Fried Chicken Pack/Pizza Base Pack/Dumpling Pack/Patty Pack{0}	ine/Melted Cheese Pack/Fried Chicken Pack/Pizza Base Pack/Dumpling Pack/Patty Pack{0}	{0}
Global subroutine: Deluxe ORG init1	104	unchanged	/Bulgogi Pack/Rice Bowl Pack/Noodle Pack/Taco Base Pack/Melted Chocolate Pack/Brea{0}	/Bulgogi Pack/Rice Bowl Pack/Noodle Pack/Taco Base Pack/Melted Chocolate Pack/Brea{0}	{0}
Global subroutine: Deluxe ORG init1	105	unchanged	d Set/Meat Pack/Cream Sauce/Cheese/Tomato Sauce/Spicy Cod Roe Sauce/Spicy Cod Roe {0}	d Set/Meat Pack/Cream Sauce/Cheese/Tomato Sauce/Spicy Cod Roe Sauce/Spicy Cod Roe {0}	{0}
Global subroutine: Deluxe ORG init1	106	unchanged	Cream Sauce/Mentaiko Pasta/Steak Pasta/Chili Sauce/Fire Chicken Sauce/Fire Chicken{0}	Cream Sauce/Mentaiko Pasta/Steak Pasta/Chili Sauce/Fire Chicken Sauce/Fire Chicken{0}	{0}
Global subroutine: Deluxe ORG init1	107	unchanged	/Buffalo Wings/Bulgogi Pizza/PB+Bulgogi/PB+Shrimp/Shrimp Pizza/Raw Meat Dumpling+S{0}	/Buffalo Wings/Bulgogi Pizza/PB+Bulgogi/PB+Shrimp/Shrimp Pizza/Raw Meat Dumpling+S{0}	{0}
Global subroutine: Deluxe ORG init1	108	unchanged	oup/Xiaolongbao/B+Ba/B+P+Ba/B+Ba+C/B+P+Ba+C/Bacon Cheeseburger/Sliced Pork + Sweet{0}	oup/Xiaolongbao/B+Ba/B+P+Ba/B+Ba+C/B+P+Ba+C/Bacon Cheeseburger/Sliced Pork + Sweet{0}	{0}
Global subroutine: Deluxe ORG init1	109	unchanged	&Spicy Sauce/Spicy Pork/Spicy Pork Rice Bowl/Spicy Pork Rice Bowl with Egg/Shrimp+{0}	&Spicy Sauce/Spicy Pork/Spicy Pork Rice Bowl/Spicy Pork Rice Bowl with Egg/Shrimp+{0}	{0}
Global subroutine: Deluxe ORG init1	110	unchanged	Frying Mix/Seaweed/Seaweed+Frying Mix/Fried Seaweed/Fried Shrimp/Fried Shrimp+Seaw{0}	Frying Mix/Seaweed/Seaweed+Frying Mix/Fried Seaweed/Fried Shrimp/Fried Shrimp+Seaw{0}	{0}
Global subroutine: Deluxe ORG init1	111	unchanged	eed/Tempura Rice Bowl/Gunkan Maki Sushi/Fish and Chips	eed/Tempura Rice Bowl/Gunkan Maki Sushi/Fish and Chips	
Global subroutine: Deluxe ORG init1	112	unchanged	/	/	
Global subroutine: Deluxe ORG init1	113	unchanged	Fire Chicken Sauce+Noodles/Fire Noodle/Chicken Burrito(Flour)/Chicken Burrito(Corn{0}	Fire Chicken Sauce+Noodles/Fire Noodle/Chicken Burrito(Flour)/Chicken Burrito(Corn{0}	{0}
Global subroutine: Deluxe ORG init1	114	unchanged	)/Green Onion Pancake Batter/Kimchi Pancake Batter/Green Onion Pancake/Kimchi Panc{0}	)/Green Onion Pancake Batter/Kimchi Pancake Batter/Green Onion Pancake/Kimchi Panc{0}	{0}
Global subroutine: Deluxe ORG init1	115	unchanged	ake/Sliced Cheese	ake/Sliced Cheese	
Global subroutine: Deluxe ORG init1	116	unchanged	/	/	
Global subroutine: Deluxe ORG init1	117	unchanged	0/0/0/0/0/0/0/0/0/0/0/0/0/0/0/0/0/0/0/0/0/0/0/3/4/4/6/6/5/0/0/0/0/0/0/0/0/0/0/0/0/{0}	0/0/0/0/0/0/0/0/0/0/0/0/0/0/0/0/0/0/0/0/0/0/0/3/4/4/6/6/5/0/0/0/0/0/0/0/0/0/0/0/0/{0}	{0}
Global subroutine: Deluxe ORG init1	118	unchanged	0/0/0/0/0/0/0/0/0/0/0/0/0/0/3/4/4/5/6/6/0/0/3/3/0/0/0/0/0/0/0/0/0/0/0/0/0/0/0/0/0/{0}	0/0/0/0/0/0/0/0/0/0/0/0/0/0/3/4/4/5/6/6/0/0/3/3/0/0/0/0/0/0/0/0/0/0/0/0/0/0/0/0/0/{0}	{0}
Global subroutine: Deluxe ORG init1	119	unchanged	0/0/3/3/4/4/4/5/4/0/0/0/0/0/5/0/0/0/0/0/0/0/0/5/5/5/0/3/3/3/0/0/0/0/0/0/0/0/0/0/0/{0}	0/0/3/3/4/4/4/5/4/0/0/0/0/0/5/0/0/0/0/0/0/0/0/5/5/5/0/3/3/3/0/0/0/0/0/0/0/0/0/0/0/{0}	{0}
Global subroutine: Deluxe ORG init1	120	unchanged	0/0/0/7/0/0/0/0/0/7/7/7/7/4/0/0/0/0/5/0/0/0/0/7/0/0/0/0/0/5/7/0/0/3/0/0/0/0/0/3/0/{0}	0/0/0/7/0/0/0/0/0/7/7/7/7/4/0/0/0/0/5/0/0/0/0/7/0/0/0/0/0/5/7/0/0/3/0/0/0/0/0/3/0/{0}	{0}
Global subroutine: Deluxe ORG init1	121	unchanged	3/3/0/0/0/0/0/0/0/0/0/0/0/0/0/0/0/0/0/0/0/0/0/0/5/6/6/5/6/6/3/3/4/5/0/0/0/1/3/3/3/{0}	3/3/0/0/0/0/0/0/0/0/0/0/0/0/0/0/0/0/0/0/0/0/0/0/5/6/6/5/6/6/3/3/4/5/0/0/0/1/3/3/3/{0}	{0}
Global subroutine: Deluxe ORG init1	122	unchanged	1/5/5/1/3/5/3/4/3/5/7/0/5/4/7/5/0/0/3/0/5/7/0/0/0/0/3/3/4/0/0/5/0/0/0/0/0/0/0/0/0/{0}	1/5/5/1/3/5/3/4/3/5/7/0/5/4/7/5/0/0/3/0/5/7/0/0/0/0/3/3/4/0/0/5/0/0/0/0/0/0/0/0/0/{0}	{0}
Global subroutine: Deluxe ORG init1	123	unchanged	3/4/5/7/5/7/5/4/5/0/0/0/0/3/6/6/0/0/3/0/0/0/0/0/0/0/0/0/3/0/0/0/6/5/6/5/6/5/6/5/0/{0}	3/4/5/7/5/7/5/4/5/0/0/0/0/3/6/6/0/0/3/0/0/0/0/0/0/0/0/0/3/0/0/0/6/5/6/5/6/5/6/5/0/{0}	{0}
Global subroutine: Deluxe ORG init1	124	unchanged	0/0/0/0/0/0/4/4/1/1/1/1/1/1/0/0/0/0/0/0/0/2/0/3/3/3/3/0/0/0/0/0/0/0/0/0/0/3/3/3/3/{0}	0/0/0/0/0/0/4/4/1/1/1/1/1/1/0/0/0/0/0/0/0/2/0/3/3/3/3/0/0/0/0/0/0/0/0/0/0/3/3/3/3/{0}	{0}
Global subroutine: Deluxe ORG init1	125	unchanged	3/3/4/4/0/0/0/0/0/3/4/4/3/4/4/4/5/5/5/6/6/4/5/5/3/0/4/3/0/0/0/0/0/0/4/5/0/0/0/7/7/{0}	3/3/4/4/0/0/0/0/0/3/4/4/3/4/4/4/5/5/5/6/6/4/5/5/3/0/4/3/0/0/0/0/0/0/4/5/0/0/0/7/7/{0}	{0}
Global subroutine: Deluxe ORG init1	126	unchanged	0/0/0/2/0/0/7/0/7/7/0/0/0/0/0/7/7/0/0/0/0/0/7/0/7/0/7/7/0/0/2/0/0/7/7/0/0/0/7/7/7/{0}	0/0/0/2/0/0/7/0/7/7/0/0/0/0/0/7/7/0/0/0/0/0/7/0/7/0/7/7/0/0/2/0/0/7/7/0/0/0/7/7/7/{0}	{0}
Global subroutine: Deluxe ORG init1	127	unchanged	7/7/7/7/0/0/7/7/7/0/0/0/0/0/0/0/0/0/0/0/0/0/0/0/0/0/0/7/7/0/0/7/7/9/0/0/7/0/7/0/0/{0}	7/7/7/7/0/0/7/7/7/0/0/0/0/0/0/0/0/0/0/0/0/0/0/0/0/0/0/7/7/0/0/7/7/9/0/0/7/0/7/0/0/{0}	{0}
Global subroutine: Deluxe ORG init1	128	unchanged	0/0/8/0/7/8/9/0/0/0/0/0/0/9/7/7/0/7/9/9/0/0/8/8/0	0/0/8/0/7/8/9/0/0/0/0/0/0/9/7/7/0/7/9/9/0/0/8/8/0	
Global subroutine: Deluxe ORG init1	129	unchanged	/	/	
Global subroutine: Deluxe ORG init1	130	unchanged	0/1/2/3/4/5/6/7/8/9	0/1/2/3/4/5/6/7/8/9	
Global subroutine: Deluxe ORG init1	131	unchanged	/	/	
Global subroutine: Deluxe ORG init1	132	unchanged	0/1/2/3/4/5/6/7/8/9/10/11/12/13/14/15/16/17/18/19/20/21/22/23/24/25/26/27/28/29/30{0}	0/1/2/3/4/5/6/7/8/9/10/11/12/13/14/15/16/17/18/19/20/21/22/23/24/25/26/27/28/29/30{0}	{0}
Global subroutine: Deluxe ORG init1	133	unchanged	/31/32/33/34/35/36/37/38/39/40/41/42/43/44/45/46/47/48/49/50/51/52/53/54/55/56/57/{0}	/31/32/33/34/35/36/37/38/39/40/41/42/43/44/45/46/47/48/49/50/51/52/53/54/55/56/57/{0}	{0}
Global subroutine: Deluxe ORG init1	134	unchanged	58/59/60/61/62/63/64/65/66/67/68/69/70/71/72/73/74/75/76/77/78/79/80/81/82/83/84/8{0}	58/59/60/61/62/63/64/65/66/67/68/69/70/71/72/73/74/75/76/77/78/79/80/81/82/83/84/8{0}	{0}
Global subroutine: Deluxe ORG init1	135	unchanged	5/86/87/88/89/90/91/92/93/94/95/96/97/98/99/100/101/102/103/104/105/106/107/108/10{0}	5/86/87/88/89/90/91/92/93/94/95/96/97/98/99/100/101/102/103/104/105/106/107/108/10{0}	{0}
Global subroutine: Deluxe ORG init1	136	unchanged	9/110/111/112/113/114/115/116/117/118/119/120/121/122/123/124/125/126/127/128/129/{0}	9/110/111/112/113/114/115/116/117/118/119/120/121/122/123/124/125/126/127/128/129/{0}	{0}
Global subroutine: Deluxe ORG init1	137	unchanged	130/131/132/133/134/135/136/137/138/139/140/141/142/143/144/145/146/147/148/149/15{0}	130/131/132/133/134/135/136/137/138/139/140/141/142/143/144/145/146/147/148/149/15{0}	{0}
Global subroutine: Deluxe ORG init1	138	unchanged	0/151/152/153/154/155/156/157/158/159/160/161/162/163/164/165/166/167/168/169/170/{0}	0/151/152/153/154/155/156/157/158/159/160/161/162/163/164/165/166/167/168/169/170/{0}	{0}
Global subroutine: Deluxe ORG init1	139	unchanged	171/172/173/174/175/176/177/178/179/180/181/182/183/184/185/186/187/188/189/190/19{0}	171/172/173/174/175/176/177/178/179/180/181/182/183/184/185/186/187/188/189/190/19{0}	{0}
Global subroutine: Deluxe ORG init1	140	unchanged	1/192/193/194/195/196/197/198/199/200/201/202/203/204/205/206/207/208/209/210/211/{0}	1/192/193/194/195/196/197/198/199/200/201/202/203/204/205/206/207/208/209/210/211/{0}	{0}
Global subroutine: Deluxe ORG init1	141	unchanged	212/213/214/215/216/217/218/219/220/221/222/223/224/225/226/227/228/229/230/231/23{0}	212/213/214/215/216/217/218/219/220/221/222/223/224/225/226/227/228/229/230/231/23{0}	{0}
Global subroutine: Deluxe ORG init1	142	unchanged	2/233/234/235/236/237/238/239/240/241/242/243/244/245/246/247/248/249/250/251/252/{0}	2/233/234/235/236/237/238/239/240/241/242/243/244/245/246/247/248/249/250/251/252/{0}	{0}
Global subroutine: Deluxe ORG init1	143	unchanged	253/254/255/256/257/258/259/260/261/262/263/264/265/266/267/268/269/270/271/272/27{0}	253/254/255/256/257/258/259/260/261/262/263/264/265/266/267/268/269/270/271/272/27{0}	{0}
Global subroutine: Deluxe ORG init1	144	unchanged	3/274/275/276/277/278/279/280/281/282/283/284/285/286/287/288/289	3/274/275/276/277/278/279/280/281/282/283/284/285/286/287/288/289	
Global subroutine: Deluxe ORG init1	145	unchanged	/	/	
Global subroutine: Deluxe ORG init1	146	unchanged	290/291/292/293/294/295/296/297/298/299/300/301/302/303/304/305/306/307/308/309/31{0}	290/291/292/293/294/295/296/297/298/299/300/301/302/303/304/305/306/307/308/309/31{0}	{0}
Global subroutine: Deluxe ORG init1	147	unchanged	0/311/312/313/314/315/316/317/318/319/320/321/322/323/324/325/326/327/328/329/330/{0}	0/311/312/313/314/315/316/317/318/319/320/321/322/323/324/325/326/327/328/329/330/{0}	{0}
Global subroutine: Deluxe ORG init1	148	unchanged	331/332/333/334/335/336/337/338/339/340/341/342/343/344/345/346/347/348/349/350/35{0}	331/332/333/334/335/336/337/338/339/340/341/342/343/344/345/346/347/348/349/350/35{0}	{0}
Global subroutine: Deluxe ORG init1	149	unchanged	1/352/353/354/355/356/357/358/359/360/361/362/363/364/365/366/367/368/369/370/371/{0}	1/352/353/354/355/356/357/358/359/360/361/362/363/364/365/366/367/368/369/370/371/{0}	{0}
Global subroutine: Deluxe ORG init1	150	unchanged	372/373/374/375/376/377/378/379/380/381/382/383/384/385/386/387/388/389/390/391/39{0}	372/373/374/375/376/377/378/379/380/381/382/383/384/385/386/387/388/389/390/391/39{0}	{0}
Global subroutine: Deluxe ORG init1	151	unchanged	2/393/394/395/396/397/398/399/400/401/402/403/404/405/406/407/408/409/410/411/412/{0}	2/393/394/395/396/397/398/399/400/401/402/403/404/405/406/407/408/409/410/411/412/{0}	{0}
Global subroutine: Deluxe ORG init1	152	unchanged	413/414/415/416/417/418/419/420/421/422/423/424/425/426/427/428/429/430/431/432/43{0}	413/414/415/416/417/418/419/420/421/422/423/424/425/426/427/428/429/430/431/432/43{0}	{0}
Global subroutine: Deluxe ORG init1	153	unchanged	3/434/435/436/437/438/439/440/441/442/443/444/445/446/447/448/449/450/451/452/453/{0}	3/434/435/436/437/438/439/440/441/442/443/444/445/446/447/448/449/450/451/452/453/{0}	{0}
Global subroutine: Deluxe ORG init1	154	unchanged	454/455/456/457/458/459/460/461/462/463/464/465/466/467/468/469/470/471/472/473/47{0}	454/455/456/457/458/459/460/461/462/463/464/465/466/467/468/469/470/471/472/473/47{0}	{0}
Global subroutine: Deluxe ORG init1	155	unchanged	4/475	4/475	
Global subroutine: Deluxe ORG init1	156	unchanged	/	/	
Global subroutine: Deluxe ORG init1	157	unchanged	99/99/99/99/99/99/99/99/99/99/99/99/99/99/99/99/99/99/99/99/99/99/99/99/99/99/99/9{0}	99/99/99/99/99/99/99/99/99/99/99/99/99/99/99/99/99/99/99/99/99/99/99/99/99/99/99/9{0}	{0}
Global subroutine: Deluxe ORG init1	158	unchanged	9/99/99/99/99/99/5/99/99/99/1/9/9/99/99/99/99/99/99/99/99/99/99/99/99/99/99/99/99/{0}	9/99/99/99/99/99/5/99/99/99/1/9/9/99/99/99/99/99/99/99/99/99/99/99/99/99/99/99/99/{0}	{0}
Global subroutine: Deluxe ORG init1	159	unchanged	99/99/99/99/99/5/5/3/99/5/5/5/99/5/5/99/99/99/99/99/99/99/99/99/99/99/99/99/99/99/{0}	99/99/99/99/99/5/5/3/99/5/5/5/99/5/5/99/99/99/99/99/99/99/99/99/99/99/99/99/99/99/{0}	{0}
Global subroutine: Deluxe ORG init1	160	unchanged	99/99/99/99/99/99/99/3/99/99/99/99/99/99/1/1/5/99/7/99/7/99/99/99/99/99/99/99/99/1{0}	99/99/99/99/99/99/99/3/99/99/99/99/99/99/1/1/5/99/7/99/7/99/99/99/99/99/99/99/99/1{0}	{0}
Global subroutine: Deluxe ORG init1	161	unchanged	/3/3/99/3/99/99/2/2/99/99/99/99/99/99/99/99/99/99/99/99/99/99/99/99/99/99/5/5/99/9{0}	/3/3/99/3/99/99/2/2/99/99/99/99/99/99/99/99/99/99/99/99/99/99/99/99/99/99/5/5/99/9{0}	{0}
Global subroutine: Deluxe ORG init1	162	unchanged	9/99/5/7/99/99/99/99/99/99/99/99/5/99/5/5/99/99/99/3/99/99/99/99/99/99/99/99/99/99{0}	9/99/5/7/99/99/99/99/99/99/99/99/5/99/5/5/99/99/99/3/99/99/99/99/99/99/99/99/99/99{0}	{0}
Global subroutine: Deluxe ORG init1	163	unchanged	/99/99/99/99/99/99/99/99/99/99/99/99/99/99/99/99/99/99/99/1/99/5/99/5/5/99/99/99/9{0}	/99/99/99/99/99/99/99/99/99/99/99/99/99/99/99/99/99/99/99/1/99/5/99/5/5/99/99/99/9{0}	{0}
Global subroutine: Deluxe ORG init1	164	unchanged	9/99/99/99/99/99/99/99/99/99/99/99/99/99/99/99/99/99/99/99/99/99/99/99/99/99/99/3/{0}	9/99/99/99/99/99/99/99/99/99/99/99/99/99/99/99/99/99/99/99/99/99/99/99/99/99/99/3/{0}	{0}
Global subroutine: Deluxe ORG init1	165	unchanged	99/99/99/99/99/3/99/99/99/99/99/99/99/99/99/99/99/99/99/99/99/99/99/99/99/99/99/99{0}	99/99/99/99/99/3/99/99/99/99/99/99/99/99/99/99/99/99/99/99/99/99/99/99/99/99/99/99{0}	{0}
Global subroutine: Deluxe ORG init1	166	unchanged	/99/99/99/99/99/99/99/5/99/5/5/99/99/99/99/99/99/99/99/99/99/99/99/99/99/99/99/99/{0}	/99/99/99/99/99/99/99/5/99/5/5/99/99/99/99/99/99/99/99/99/99/99/99/99/99/99/99/99/{0}	{0}
Global subroutine: Deluxe ORG init1	167	unchanged	99/99/99/99/3/3/99/99/99/99/3/3/5/3/5/99/99/5/99/99/99/99/99/99/99/99/99/99/99/99/{0}	99/99/99/99/3/3/99/99/99/99/3/3/5/3/5/99/99/5/99/99/99/99/99/99/99/99/99/99/99/99/{0}	{0}
Global subroutine: Deluxe ORG init1	168	unchanged	99/99/99/99/99/99/99/99/99/99/99/99/99/99/99/99/99/99/99/99/99/99/99/99/99/99/99/9{0}	99/99/99/99/99/99/99/99/99/99/99/99/99/99/99/99/99/99/99/99/99/99/99/99/99/99/99/9{0}	{0}
Global subroutine: Deluxe ORG init1	169	unchanged	9/99/99/99/99/99/99/99/99/3/99/99/99/99/99/5/99/99/99/99/5/4/99/4	9/99/99/99/99/99/99/99/99/3/99/99/99/99/99/5/99/99/99/99/5/4/99/4	
Global subroutine: Deluxe ORG init1	170	unchanged	/	/	
Global subroutine: Deluxe ORG init1	171	unchanged	99/99/3/99/99/3/99/99/99/99/99/99/99/99/99/99/99/99/99/99/8/99/99/99/99/99/99/99/9{0}	99/99/3/99/99/3/99/99/99/99/99/99/99/99/99/99/99/99/99/99/8/99/99/99/99/99/99/99/9{0}	{0}
Global subroutine: Deluxe ORG init1	172	unchanged	9/99/99/99/99/99/99/99/99/99/99/99/99/99/99/99/99/99/99/99/99/99/99/99/1/1/1/1/1/1{0}	9/99/99/99/99/99/99/99/99/99/99/99/99/99/99/99/99/99/99/99/99/99/99/99/1/1/1/1/1/1{0}	{0}
Global subroutine: Deluxe ORG init1	173	unchanged	/1/1/1/1/1/1/99/2/99/99/99/99/99/99/99/99/99/99/99/99/99/99/99/99/99/99/99/99/99/9{0}	/1/1/1/1/1/1/99/2/99/99/99/99/99/99/99/99/99/99/99/99/99/99/99/99/99/99/99/99/99/9{0}	{0}
Global subroutine: Deluxe ORG init1	174	unchanged	9/99/99/99/99/99/99/99/99/99/99/99/99/99/99/99/99/99/99/99/99	9/99/99/99/99/99/99/99/99/99/99/99/99/99/99/99/99/99/99/99/99	
Global subroutine: Deluxe ORG init1	175	unchanged	/	/	
Global subroutine: Deluxe ORG init1	176	unchanged	0/0/0/0/0/0/0/0/0/0/0/0/0/0/0/0/0/0/0/0/0/0/0/0/0/0/0/0/0/0/0/0/0/34/0/0/0/0/140/1{0}	0/0/0/0/0/0/0/0/0/0/0/0/0/0/0/0/0/0/0/0/0/0/0/0/0/0/0/0/0/0/0/0/0/34/0/0/0/0/140/1{0}	{0}
Global subroutine: Deluxe ORG init1	177	unchanged	40/0/0/0/0/0/0/0/0/0/0/0/0/0/0/0/0/0/0/0/0/0/62/154/64/0/265/67/68/0/70/71/0/0/0/0{0}	40/0/0/0/0/0/0/0/0/0/0/0/0/0/0/0/0/0/0/0/0/0/62/154/64/0/265/67/68/0/70/71/0/0/0/0{0}	{0}
Global subroutine: Deluxe ORG init1	178	unchanged	/0/0/0/0/0/0/0/0/0/0/0/0/0/0/0/0/0/0/216/0/0/0/0/0/0/104/102/103/0/108/0/112/0/0/0{0}	/0/0/0/0/0/0/0/0/0/0/0/0/0/0/0/0/0/0/216/0/0/0/0/0/0/104/102/103/0/108/0/112/0/0/0{0}	{0}
Global subroutine: Deluxe ORG init1	179	unchanged	/0/0/0/0/0/0/227/0/0/0/0/0/124/138/0/0/0/0/0/0/0/0/0/0/0/0/0/0/0/0/0/0/143/144/0/0{0}	/0/0/0/0/0/0/227/0/0/0/0/0/124/138/0/0/0/0/0/0/0/0/0/0/0/0/0/0/0/0/0/0/143/144/0/0{0}	{0}
Global subroutine: Deluxe ORG init1	180	unchanged	/0/148/151/0/0/0/0/0/0/0/0/158/0/160/161/0/0/0/166/0/0/0/0/0/0/0/0/0/0/0/0/0/0/0/0{0}	/0/148/151/0/0/0/0/0/0/0/0/158/0/160/161/0/0/0/166/0/0/0/0/0/0/0/0/0/0/0/0/0/0/0/0{0}	{0}
Global subroutine: Deluxe ORG init1	181	unchanged	/0/0/0/0/0/0/0/0/0/0/0/0/0/0/0/197/0/0/200/0/0/0/0/0/0/0/0/0/0/0/0/0/0/0/0/0/0/0/0{0}	/0/0/0/0/0/0/0/0/0/0/0/0/0/0/0/197/0/0/200/0/0/0/0/0/0/0/0/0/0/0/0/0/0/0/0/0/0/0/0{0}	{0}
Global subroutine: Deluxe ORG init1	182	unchanged	/0/0/0/0/0/0/0/0/0/0/0/0/0/0/0/0/0/0/0/0/0/0/0/0/0/0/0/0/0/0/0/0/0/0/0/0/0/0/0/0/0{0}	/0/0/0/0/0/0/0/0/0/0/0/0/0/0/0/0/0/0/0/0/0/0/0/0/0/0/0/0/0/0/0/0/0/0/0/0/0/0/0/0/0{0}	{0}
Global subroutine: Deluxe ORG init1	183	unchanged	/0/0/0/0/0/267/0/269/270/0/0/0/0/0/0/0/0/0/0/0/0/0/0/0/0/0/0/0/0/0/293/294/0/0/0/0{0}	/0/0/0/0/0/267/0/269/270/0/0/0/0/0/0/0/0/0/0/0/0/0/0/0/0/0/0/0/0/0/293/294/0/0/0/0{0}	{0}
Global subroutine: Deluxe ORG init1	184	unchanged	/301/302/306/304/307/0/0/305/0/0/0/0/0/0/0/0/0/0/0/0/0/0/0/0/0/0/0/0/0/0/0/0/0/0/0{0}	/301/302/306/304/307/0/0/305/0/0/0/0/0/0/0/0/0/0/0/0/0/0/0/0/0/0/0/0/0/0/0/0/0/0/0{0}	{0}
Global subroutine: Deluxe ORG init1	185	unchanged	/0/0/0/0/0/0/0/0/0/0/0/0/0/0/0/0/0/0/0/0/0/355/0/0/0/0/0/360/0/0/0/0/365/366/0/368{0}	/0/0/0/0/0/0/0/0/0/0/0/0/0/0/0/0/0/0/0/0/0/355/0/0/0/0/0/360/0/0/0/0/365/366/0/368{0}	{0}
Global subroutine: Deluxe ORG init1	186	unchanged	/0/0/371/0/0/374/0/0/0/0/0/0/0/0/0/0/0/0/0/0/389/0/0/0/0/0/0/0/0/0/0/0/0/0/0/0/0/0{0}	/0/0/371/0/0/374/0/0/0/0/0/0/0/0/0/0/0/0/0/0/389/0/0/0/0/0/0/0/0/0/0/0/0/0/0/0/0/0{0}	{0}
Global subroutine: Deluxe ORG init1	187	unchanged	/0/0/0/0/0/0/0/0/0/0/0/0/0/0/0/0/0/0/0/0/0/0/0/0/0/0/0/475/0/0/0/0/0/0/0/0/0/0/0/0{0}	/0/0/0/0/0/0/0/0/0/0/0/0/0/0/0/0/0/0/0/0/0/0/0/0/0/0/0/475/0/0/0/0/0/0/0/0/0/0/0/0{0}	{0}
Global subroutine: Deluxe ORG init1	188	unchanged	/0/0/0/0/0/0/0/0/0/0/0/0/0/0/0/0/0/0/0/0/0/0/0/0/0/0/0/0/0/0	/0/0/0/0/0/0/0/0/0/0/0/0/0/0/0/0/0/0/0/0/0/0/0/0/0/0/0/0/0/0	
Global subroutine: Deluxe ORG init1	189	unchanged	/	/	
Global subroutine: Deluxe ORG init1	190	unchanged	99/10/10/10/10/10/10/10/10/10/10/10/10/10/10/10/10/10/10/10/10/3/3/5/5/5/5/5/3/3/3{0}	99/10/10/10/10/10/10/10/10/10/10/10/10/10/10/10/10/10/10/10/10/3/3/5/5/5/5/5/3/3/3{0}	{0}
Global subroutine: Deluxe ORG init1	191	unchanged	/5/5/5/5/5/5/5/5/5/5/5/5/5/5/5/5/5/5/5/5/5/5/5/5/5/5/5/5/5/5/5/5/5/5/5/5/4/3/6/5/2{0}	/5/5/5/5/5/5/5/5/5/5/5/5/5/5/5/5/5/5/5/5/5/5/5/5/5/5/5/5/5/5/5/5/5/5/5/5/4/3/6/5/2{0}	{0}
Global subroutine: Deluxe ORG init1	192	unchanged	/2/5/5/5/5/5/5/5/5/5/5/5/5/5/5/5/5/5/5/5/5/5/5/5/5/5/5/5/5/5/5/5/5/5/5/5/5/5/5/5/5{0}	/2/5/5/5/5/5/5/5/5/5/5/5/5/5/5/5/5/5/5/5/5/5/5/5/5/5/5/5/5/5/5/5/5/5/5/5/5/5/5/5/5{0}	{0}
Global subroutine: Deluxe ORG init1	193	unchanged	/3/5/5/5/5/5/5/5/5/3/5/3/5/7/7/7/7/7/7/7/7/7/7/3/5/5/5/5/5/5/5/5/5/5/3/5/5/5/5/5/5{0}	/3/5/5/5/5/5/5/5/5/3/5/3/5/7/7/7/7/7/7/7/7/7/7/3/5/5/5/5/5/5/5/5/5/5/3/5/5/5/5/5/5{0}	{0}
Global subroutine: Deluxe ORG init1	194	unchanged	/5/5/5/5/5/5/5/5/5/5/5/5/5/5/5/5/5/5/5/5/5/5/5/5/5/5/5/5/5/5/5/5/5/5/5/5/5/5/5/5/5{0}	/5/5/5/5/5/5/5/5/5/5/5/5/5/5/5/5/5/5/5/5/5/5/5/5/5/5/5/5/5/5/5/5/5/5/5/5/5/5/5/5/5{0}	{0}
Global subroutine: Deluxe ORG init1	195	unchanged	/5/5/5/5/5/5/5/5/5/5/5/5/5/5/5/5/5/5/5/5/5/5/5/5/5/5/5/5/5/5/5/5/5/5/5/5/5/5/5/5/5{0}	/5/5/5/5/5/5/5/5/5/5/5/5/5/5/5/5/5/5/5/5/5/5/5/5/5/5/5/5/5/5/5/5/5/5/5/5/5/5/5/5/5{0}	{0}
Global subroutine: Deluxe ORG init1	196	unchanged	/5/5/5/5/5/5/5/5/5/5/5/5/5/5/5/5/5/5/5/5/5/5/5/5/5/5/5/5/5/5/5/5/5/5/5/5/5/5/5/5/5{0}	/5/5/5/5/5/5/5/5/5/5/5/5/5/5/5/5/5/5/5/5/5/5/5/5/5/5/5/5/5/5/5/5/5/5/5/5/5/5/5/5/5{0}	{0}
Global subroutine: Deluxe ORG init1	197	unchanged	/5/5/5/5/5/5/5/5/5/5/5/5/5/5/5/5/5/5/5/5/5/3/5/5/5/1/5/5/5/5/5/5/5/5/5/5/5/5/5/5/5{0}	/5/5/5/5/5/5/5/5/5/5/5/5/5/5/5/5/5/5/5/5/5/3/5/5/5/1/5/5/5/5/5/5/5/5/5/5/5/5/5/5/5{0}	{0}
Global subroutine: Deluxe ORG init1	198	unchanged	/5/5/5/5/5/5/5/5/5/5/5/5/5/5/5/5/5/5/5/5/5/5/5/5/5/5/5/5/5/5/5/5/5/5/5/5/5/5/5/5/5{0}	/5/5/5/5/5/5/5/5/5/5/5/5/5/5/5/5/5/5/5/5/5/5/5/5/5/5/5/5/5/5/5/5/5/5/5/5/5/5/5/5/5{0}	{0}
Global subroutine: Deluxe ORG init1	199	unchanged	/5/5/5/5/5/5/4/5/5/5/5/5/5/5/5/5/5/5/5/5/5/5/5/5/5/5/5/5/5/5/5/7/5/5/5/5/5/5/5/5/5{0}	/5/5/5/5/5/5/4/5/5/5/5/5/5/5/5/5/5/5/5/5/5/5/5/5/5/5/5/5/5/5/5/7/5/5/5/5/5/5/5/5/5{0}	{0}
Global subroutine: Deluxe ORG init1	200	unchanged	/5/5/5/5/5/5/5/5/5/5/5/5/5/5/5/5/5/5/5/5/5/5/5/5/5/5/5/5/5/5/5/5/3/5/3/5/5/5/5/5/5{0}	/5/5/5/5/5/5/5/5/5/5/5/5/5/5/5/5/5/5/5/5/5/5/5/5/5/5/5/5/5/5/5/5/3/5/3/5/5/5/5/5/5{0}	{0}
Global subroutine: Deluxe ORG init1	201	unchanged	/5/5/5/7/7/5/5/5/5/5/5/5/5/5/5/5/5/5/5/5/5/5/5/5/5/5/5/5/5/5/5/5/5/5/2	/5/5/5/7/7/5/5/5/5/5/5/5/5/5/5/5/5/5/5/5/5/5/5/5/5/5/5/5/5/5/5/5/5/5/2	
Global subroutine: Deluxe ORG init1	202	unchanged	/	/	
Global subroutine: Deluxe ORG init1	203	unchanged	0/0/0/0/0/0/0/0/0/0/0/0/0/0/0/0/0/0/0/0/0/0/0/0/0/0/0/0/0/0/0/32/0/35/36/0/0/0/0/0{0}	0/0/0/0/0/0/0/0/0/0/0/0/0/0/0/0/0/0/0/0/0/0/0/0/0/0/0/0/0/0/0/32/0/35/36/0/0/0/0/0{0}	{0}
Global subroutine: Deluxe ORG init1	204	unchanged	/0/0/0/0/0/0/0/0/0/0/0/0/0/0/0/0/0/0/0/0/0/63/64/0/0/352/80/399/0/94/91/91/0/0/0/0{0}	/0/0/0/0/0/0/0/0/0/0/0/0/0/0/0/0/0/0/0/0/0/63/64/0/0/352/80/399/0/94/91/91/0/0/0/0{0}	{0}
Global subroutine: Deluxe ORG init1	205	unchanged	/0/0/0/0/0/0/0/0/0/0/0/0/0/0/0/0/0/0/0/0/0/0/0/0/0/0/0/0/0/0/0/0/0/0/0/0/0/21/0/0/{0}	/0/0/0/0/0/0/0/0/0/0/0/0/0/0/0/0/0/0/0/0/0/0/0/0/0/0/0/0/0/0/0/0/0/0/0/0/0/21/0/0/{0}	{0}
Global subroutine: Deluxe ORG init1	206	unchanged	0/0/0/0/0/137/123/0/138/0/0/126/132/133/134/135/0/0/0/0/0/0/0/0/0/0/0/145/0/0/0/14{0}	0/0/0/0/0/137/123/0/138/0/0/126/132/133/134/135/0/0/0/0/0/0/0/0/0/0/0/145/0/0/0/14{0}	{0}
Global subroutine: Deluxe ORG init1	207	unchanged	9/150/0/0/0/0/0/0/0/0/0/0/162/165/0/0/0/0/0/0/0/0/0/0/0/0/0/0/0/0/0/0/0/0/0/0/0/0/{0}	9/150/0/0/0/0/0/0/0/0/0/0/162/165/0/0/0/0/0/0/0/0/0/0/0/0/0/0/0/0/0/0/0/0/0/0/0/0/{0}	{0}
Global subroutine: Deluxe ORG init1	208	unchanged	0/0/0/0/0/0/0/0/0/0/0/0/0/203/203/0/0/0/0/0/207/0/0/0/0/0/0/396/0/0/0/0/0/0/0/0/0/{0}	0/0/0/0/0/0/0/0/0/0/0/0/0/203/203/0/0/0/0/0/207/0/0/0/0/0/0/396/0/0/0/0/0/0/0/0/0/{0}	{0}
Global subroutine: Deluxe ORG init1	209	unchanged	0/0/0/0/0/0/0/0/0/0/0/0/0/0/0/0/0/0/0/0/0/0/0/0/0/0/0/0/0/0/0/0/0/0/0/0/0/0/0/0/0/{0}	0/0/0/0/0/0/0/0/0/0/0/0/0/0/0/0/0/0/0/0/0/0/0/0/0/0/0/0/0/0/0/0/0/0/0/0/0/0/0/0/0/{0}	{0}
Global subroutine: Deluxe ORG init1	210	unchanged	0/0/356/0/0/271/0/0/0/0/274/0/0/0/0/0/0/0/0/0/0/0/0/0/0/0/0/0/0/0/0/0/0/0/0/303/0/{0}	0/0/356/0/0/271/0/0/0/0/274/0/0/0/0/0/0/0/0/0/0/0/0/0/0/0/0/0/0/0/0/0/0/0/0/303/0/{0}	{0}
Global subroutine: Deluxe ORG init1	211	unchanged	0/0/303/0/0/0/0/0/0/0/0/0/0/0/0/0/0/0/0/0/0/0/0/0/0/0/0/0/0/0/0/0/0/0/0/0/0/0/0/0/{0}	0/0/303/0/0/0/0/0/0/0/0/0/0/0/0/0/0/0/0/0/0/0/0/0/0/0/0/0/0/0/0/0/0/0/0/0/0/0/0/0/{0}	{0}
Global subroutine: Deluxe ORG init1	212	unchanged	0/0/0/0/0/0/0/0/0/0/0/0/0/0/0/0/0/0/0/361/0/0/0/0/367/368/0/0/0/0/372/372/0/0/0/0/{0}	0/0/0/0/0/0/0/0/0/0/0/0/0/0/0/0/0/0/0/361/0/0/0/0/367/368/0/0/0/0/372/372/0/0/0/0/{0}	{0}
Global subroutine: Deluxe ORG init1	213	unchanged	377/0/0/0/0/0/0/0/0/0/0/0/0/0/391/0/0/0/0/0/0/0/0/0/0/0/0/0/0/0/0/0/0/0/0/0/0/0/0/{0}	377/0/0/0/0/0/0/0/0/0/0/0/0/0/391/0/0/0/0/0/0/0/0/0/0/0/0/0/0/0/0/0/0/0/0/0/0/0/0/{0}	{0}
Global subroutine: Deluxe ORG init1	214	unchanged	0/0/0/0/0/0/0/0/0/0/0/0/0/0/0/0/0/0/21/0/0/0/0/0/0/0/0/0/0/443/446/0/0/0/0/0/0/0/0{0}	0/0/0/0/0/0/0/0/0/0/0/0/0/0/0/0/0/0/21/0/0/0/0/0/0/0/0/0/0/443/446/0/0/0/0/0/0/0/0{0}	{0}
Global subroutine: Deluxe ORG init1	215	unchanged	/0/0/0/0/0/0/0/0/0/0/0/0/0/0/0/0/0/0/0/0/0/21	/0/0/0/0/0/0/0/0/0/0/0/0/0/0/0/0/0/0/0/0/0/21	
Global subroutine: Deluxe ORG init1	216	unchanged	/	/	
Global subroutine: Deluxe ORG init1	217	unchanged	99/10/10/10/10/10/10/10/5/10/10/10/10/10/10/10/10/10/10/10/10/5/2/5/5/5/5/5/2/2/2/{0}	99/10/10/10/10/10/10/10/5/10/10/10/10/10/10/10/10/10/10/10/10/5/2/5/5/5/5/5/2/2/2/{0}	{0}
Global subroutine: Deluxe ORG init1	218	unchanged	5/5/5/5/5/5/5/5/5/5/5/5/5/5/5/5/5/5/5/5/5/5/5/5/5/5/5/5/5/5/5/5/5/5/5/7/5/4/5/5/5/{0}	5/5/5/5/5/5/5/5/5/5/5/5/5/5/5/5/5/5/5/5/5/5/5/5/5/5/5/5/5/5/5/5/5/5/5/7/5/4/5/5/5/{0}	{0}
Global subroutine: Deluxe ORG init1	219	unchanged	4/3/3/3/3/3/3/3/5/7/5/4/5/5/5/5/5/5/5/5/5/5/5/8/5/5/5/5/5/5/5/5/5/5/5/5/5/5/5/5/5/{0}	4/3/3/3/3/3/3/3/5/7/5/4/5/5/5/5/5/5/5/5/5/5/5/8/5/5/5/5/5/5/5/5/5/5/5/5/5/5/5/5/5/{0}	{0}
Global subroutine: Deluxe ORG init1	220	unchanged	5/5/5/5/5/5/5/5/5/5/5/5/5/5/5/5/5/5/5/5/5/5/5/3/5/5/5/5/5/5/5/5/5/5/5/5/5/5/5/5/5/{0}	5/5/5/5/5/5/5/5/5/5/5/5/5/5/5/5/5/5/5/5/5/5/5/3/5/5/5/5/5/5/5/5/5/5/5/5/5/5/5/5/5/{0}	{0}
Global subroutine: Deluxe ORG init1	221	unchanged	5/5/5/5/5/5/5/5/5/5/5/5/5/5/5/5/5/5/5/5/5/5/5/5/5/5/5/5/5/5/5/5/5/5/5/5/5/5/5/5/5/{0}	5/5/5/5/5/5/5/5/5/5/5/5/5/5/5/5/5/5/5/5/5/5/5/5/5/5/5/5/5/5/5/5/5/5/5/5/5/5/5/5/5/{0}	{0}
Global subroutine: Deluxe ORG init1	222	unchanged	5/5/5/5/5/5/5/5/5/5/5/5/5/5/5/5/5/5/5/5/5/5/5/5/5/5/5/5/5/5/5/5/5/5/5/5/5/5/5/5/5/{0}	5/5/5/5/5/5/5/5/5/5/5/5/5/5/5/5/5/5/5/5/5/5/5/5/5/5/5/5/5/5/5/5/5/5/5/5/5/5/5/5/5/{0}	{0}
Global subroutine: Deluxe ORG init1	223	unchanged	5/5/5/5/5/5/5/5/5/5/5/5/5/5/5/5/5/5/5/5/5/5/5/5/5/5/5/5/5/5/5/5/5/5/5/5/5/5/5/5/5/{0}	5/5/5/5/5/5/5/5/5/5/5/5/5/5/5/5/5/5/5/5/5/5/5/5/5/5/5/5/5/5/5/5/5/5/5/5/5/5/5/5/5/{0}	{0}
Global subroutine: Deluxe ORG init1	224	unchanged	5/5/5/5/5/5/5/5/5/5/5/5/5/5/5/5/5/5/5/5/5/5/5/5/5/5/5/5/5/5/5/5/5/5/5/5/5/5/5/5/5/{0}	5/5/5/5/5/5/5/5/5/5/5/5/5/5/5/5/5/5/5/5/5/5/5/5/5/5/5/5/5/5/5/5/5/5/5/5/5/5/5/5/5/{0}	{0}
Global subroutine: Deluxe ORG init1	225	unchanged	5/5/5/5/5/5/5/5/5/5/5/5/5/5/5/5/5/5/5/5/5/5/5/5/5/5/5/5/5/5/5/5/5/5/5/5/5/5/5/5/5/{0}	5/5/5/5/5/5/5/5/5/5/5/5/5/5/5/5/5/5/5/5/5/5/5/5/5/5/5/5/5/5/5/5/5/5/5/5/5/5/5/5/5/{0}	{0}
Global subroutine: Deluxe ORG init1	226	unchanged	5/5/5/5/5/5/5/5/5/5/5/5/5/5/5/5/5/5/5/5/5/5/5/5/5/5/5/5/5/5/5/5/5/5/5/5/5/5/5/5/5/{0}	5/5/5/5/5/5/5/5/5/5/5/5/5/5/5/5/5/5/5/5/5/5/5/5/5/5/5/5/5/5/5/5/5/5/5/5/5/5/5/5/5/{0}	{0}
Global subroutine: Deluxe ORG init1	227	unchanged	5/5/5/5/5/5/5/5/5/5/5/5/5/5/5/5/5/5/5/5/5/5/5/5/5/5/5/5/5/5/5/5/2/5/2/5/5/5/5/5/5/{0}	5/5/5/5/5/5/5/5/5/5/5/5/5/5/5/5/5/5/5/5/5/5/5/5/5/5/5/5/5/5/5/5/2/5/2/5/5/5/5/5/5/{0}	{0}
Global subroutine: Deluxe ORG init1	228	unchanged	5/5/5/5/5/5/5/5/5/5/5/5/5/5/5/5/5/4/5/3/5/5/5/5/5/5/5/5/5/5/5/5/5/5/5	5/5/5/5/5/5/5/5/5/5/5/5/5/5/5/5/5/4/5/3/5/5/5/5/5/5/5/5/5/5/5/5/5/5/5	
Global subroutine: Deluxe ORG init1	229	unchanged	/	/	
Global subroutine: Deluxe ORG init1	230	unchanged	0/0/0/0/0/0/0/0/0/0/0/0/0/0/0/0/0/0/0/0/0/0/0/0/0/0/0/0/0/0/0/0/0/0/0/0/0/0/0/0/0/{0}	0/0/0/0/0/0/0/0/0/0/0/0/0/0/0/0/0/0/0/0/0/0/0/0/0/0/0/0/0/0/0/0/0/0/0/0/0/0/0/0/0/{0}	{0}
Global subroutine: Deluxe ORG init1	231	unchanged	0/0/0/0/0/0/0/0/0/0/0/0/0/0/0/0/0/0/0/0/0/0/0/0/0/0/0/0/92/0/0/95/0/0/0/0/0/0/0/0/{0}	0/0/0/0/0/0/0/0/0/0/0/0/0/0/0/0/0/0/0/0/0/0/0/0/0/0/0/0/92/0/0/95/0/0/0/0/0/0/0/0/{0}	{0}
Global subroutine: Deluxe ORG init1	232	unchanged	90/85/84/0/0/0/0/0/0/0/0/0/0/0/0/0/0/0/0/0/0/0/0/0/0/0/0/0/0/0/0/0/0/0/0/0/0/0/0/2{0}	90/85/84/0/0/0/0/0/0/0/0/0/0/0/0/0/0/0/0/0/0/0/0/0/0/0/0/0/0/0/0/0/0/0/0/0/0/0/0/2{0}	{0}
Global subroutine: Deluxe ORG init1	233	unchanged	91/0/0/0/0/0/0/0/0/0/0/0/0/0/0/0/0/0/0/0/0/0/0/0/0/0/0/0/0/0/0/0/0/0/0/0/0/0/0/163{0}	91/0/0/0/0/0/0/0/0/0/0/0/0/0/0/0/0/0/0/0/0/0/0/0/0/0/0/0/0/0/0/0/0/0/0/0/0/0/0/163{0}	{0}
Global subroutine: Deluxe ORG init1	234	unchanged	/0/0/0/0/0/0/0/0/0/0/0/0/0/0/0/0/0/0/0/0/0/0/0/0/0/0/0/0/0/0/0/0/0/0/0/0/0/0/204/0{0}	/0/0/0/0/0/0/0/0/0/0/0/0/0/0/0/0/0/0/0/0/0/0/0/0/0/0/0/0/0/0/0/0/0/0/0/0/0/0/204/0{0}	{0}
Global subroutine: Deluxe ORG init1	235	unchanged	/0/0/0/0/0/0/0/0/0/0/0/0/0/0/0/0/0/0/0/0/0/196/223/0/220/0/0/0/0/0/0/0/0/0/0/0/0/0{0}	/0/0/0/0/0/0/0/0/0/0/0/0/0/0/0/0/0/0/0/0/0/196/223/0/220/0/0/0/0/0/0/0/0/0/0/0/0/0{0}	{0}
Global subroutine: Deluxe ORG init1	236	unchanged	/0/0/0/0/0/0/0/0/0/0/0/0/0/0/0/0/0/0/0/0/0/0/0/0/362/0/0/354/0/0/0/0/0/0/0/0/0/0/0{0}	/0/0/0/0/0/0/0/0/0/0/0/0/0/0/0/0/0/0/0/0/0/0/0/0/362/0/0/354/0/0/0/0/0/0/0/0/0/0/0{0}	{0}
Global subroutine: Deluxe ORG init1	237	unchanged	/292/0/0/0/0/0/0/0/0/0/0/0/0/0/0/0/0/0/0/0/0/0/0/0/0/0/0/0/0/0/0/0/0/0/0/0/0/0/0/0{0}	/292/0/0/0/0/0/0/0/0/0/0/0/0/0/0/0/0/0/0/0/0/0/0/0/0/0/0/0/0/0/0/0/0/0/0/0/0/0/0/0{0}	{0}
Global subroutine: Deluxe ORG init1	238	unchanged	/0/0/0/0/0/0/0/0/0/0/0/0/0/0/0/0/0/0/0/0/0/0/0/0/0/0/0/0/0/0/0/0/0/0/0/0/0/0/0/0/0{0}	/0/0/0/0/0/0/0/0/0/0/0/0/0/0/0/0/0/0/0/0/0/0/0/0/0/0/0/0/0/0/0/0/0/0/0/0/0/0/0/0/0{0}	{0}
Global subroutine: Deluxe ORG init1	239	unchanged	/0/0/0/0/0/0/0/0/0/0/0/0/0/0/0/0/0/0/0/0/0/0/0/0/0/0/0/0/0/0/0/0/0/0/0/0/0/0/0/0/0{0}	/0/0/0/0/0/0/0/0/0/0/0/0/0/0/0/0/0/0/0/0/0/0/0/0/0/0/0/0/0/0/0/0/0/0/0/0/0/0/0/0/0{0}	{0}
Global subroutine: Deluxe ORG init1	240	unchanged	/0/0/0/0/0/0/0/0/0/0/0/0/0/0/0/0/0/0/0/0/0/0/0/0/0/0/0/0/0/0/0/0/0/0/0/0/0/0/0/0/0{0}	/0/0/0/0/0/0/0/0/0/0/0/0/0/0/0/0/0/0/0/0/0/0/0/0/0/0/0/0/0/0/0/0/0/0/0/0/0/0/0/0/0{0}	{0}
Global subroutine: Deluxe ORG init1	241	unchanged	/0/0/0/0/0/0/0/0/0/0/0/0/0/0/0/0/0/0/462/0/461/0/0/0/0/0/0/0/0/0/0/0/0/0/0/0	/0/0/0/0/0/0/0/0/0/0/0/0/0/0/0/0/0/0/462/0/461/0/0/0/0/0/0/0/0/0/0/0/0/0/0/0	
Global subroutine: Deluxe ORG init1	242	unchanged	/	/	
Global subroutine: Deluxe ORG init2	0	unchanged	0/0/0/0/0/0/0/0/0/0/0/0/0/0/0/0/0/0/0/0/0/0/0/0/0/0/0/0/0/0/0/0/0/0/0/0/0/0/0/0/0/{0}	0/0/0/0/0/0/0/0/0/0/0/0/0/0/0/0/0/0/0/0/0/0/0/0/0/0/0/0/0/0/0/0/0/0/0/0/0/0/0/0/0/{0}	{0}
Global subroutine: Deluxe ORG init2	1	unchanged	0/0/0/0/0/0/0/0/0/0/0/0/0/0/0/0/0/0/0/0/5/0/0/0/5/7/3/0/0/0/0/0/0/0/0/0/0/0/0/0/0/{0}	0/0/0/0/0/0/0/0/0/0/0/0/0/0/0/0/0/0/0/0/5/0/0/0/5/7/3/0/0/0/0/0/0/0/0/0/0/0/0/0/0/{0}	{0}
Global subroutine: Deluxe ORG init2	2	unchanged	0/0/0/0/0/0/0/0/0/0/0/0/0/0/0/0/5/0/3/0/0/0/4/0/0/0/5/0/0/0/5/0/0/0/0/0/0/0/0/0/0/{0}	0/0/0/0/0/0/0/0/0/0/0/0/0/0/0/0/5/0/3/0/0/0/4/0/0/0/5/0/0/0/5/0/0/0/0/0/0/0/0/0/0/{0}	{0}
Global subroutine: Deluxe ORG init2	3	unchanged	0/0/0/0/0/0/0/0/0/0/0/0/0/0/0/0/0/0/0/0/0/0/0/0/0/0/0/0/0/0/0/0/0/0/0/0/7/0/0/0/0/{0}	0/0/0/0/0/0/0/0/0/0/0/0/0/0/0/0/0/0/0/0/0/0/0/0/0/0/0/0/0/0/0/0/0/0/0/0/7/0/0/0/0/{0}	{0}
Global subroutine: Deluxe ORG init2	4	unchanged	0/0/0/0/0/0/0/0/0/0/0/0/0/0/0/0/0/0/0/0/0/5/5/5/0/0/0/0/0/0/0/0/0/0/5/5/5/0/0/0/0/{0}	0/0/0/0/0/0/0/0/0/0/0/0/0/0/0/0/0/0/0/0/0/5/5/5/0/0/0/0/0/0/0/0/0/0/5/5/5/0/0/0/0/{0}	{0}
Global subroutine: Deluxe ORG init2	5	unchanged	5/0/0/0/0/0/0/0/0/0/0/0/0/0/0/0/0/0/0/0/0/0/0/5/0/0/0/0/0/5/0/0/0/0/0/5/7/7/0/0/0/{0}	5/0/0/0/0/0/0/0/0/0/0/0/0/0/0/0/0/0/0/0/0/0/0/5/0/0/0/0/0/5/0/0/0/0/0/5/7/7/0/0/0/{0}	{0}
Global subroutine: Deluxe ORG init2	6	unchanged	0/0/0/0/0/0/0/0/0/0/0/0/0/0/0/0/0/0/0/3/0/0/0/0/0/0/0/5/0/0/0/0/0/0/0/0/0/0/0/0/0/{0}	0/0/0/0/0/0/0/0/0/0/0/0/0/0/0/0/0/0/0/3/0/0/0/0/0/0/0/5/0/0/0/0/0/0/0/0/0/0/0/0/0/{0}	{0}
Global subroutine: Deluxe ORG init2	7	unchanged	0/0/0/0/0/0/0/0/0/0/0/0/0/0/0/0/0/0/0/0/0/0/0/0/0/0/0/0/0/0/0/0/0/0/0/0/0/0/0/0/0/{0}	0/0/0/0/0/0/0/0/0/0/0/0/0/0/0/0/0/0/0/0/0/0/0/0/0/0/0/0/0/0/0/0/0/0/0/0/0/0/0/0/0/{0}	{0}
Global subroutine: Deluxe ORG init2	8	unchanged	0/0/0/0/0/0/0/0/0/0/0/0/0/0/0/0/0/0/0/0/0/0/0/0/0/0/0/0/0/7/0/0/5/0/0/0/0/0/0/0/0/{0}	0/0/0/0/0/0/0/0/0/0/0/0/0/0/0/0/0/0/0/0/0/0/0/0/0/0/0/0/0/7/0/0/5/0/0/0/0/0/0/0/0/{0}	{0}
Global subroutine: Deluxe ORG init2	9	unchanged	0/0/0/0/0/0/0/0/0/0/0/0/0/0/0/0/0/0/0/0/0/0/0/0/0/0/0/0/5/0/0/0/0/0/0/0/0/0/0/0/0/{0}	0/0/0/0/0/0/0/0/0/0/0/0/0/0/0/0/0/0/0/0/0/0/0/0/0/0/0/0/5/0/0/0/0/0/0/0/0/0/0/0/0/{0}	{0}
Global subroutine: Deluxe ORG init2	10	unchanged	0/0/0/0/0/5/0/0/0/0/0/0/0/0/0/0/0/0/0/0/0/0/0/0/0/0/0/0/0/0/0/0/0/0/0/0/0/6/0/0/0/{0}	0/0/0/0/0/5/0/0/0/0/0/0/0/0/0/0/0/0/0/0/0/0/0/0/0/0/0/0/0/0/0/0/0/0/0/0/0/6/0/0/0/{0}	{0}
Global subroutine: Deluxe ORG init2	11	unchanged	0/0/0/0/0/0/0/0/0/0/0/0/0/0/0/0/0/0/0/0/0/0/0/0/0	0/0/0/0/0/0/0/0/0/0/0/0/0/0/0/0/0/0/0/0/0/0/0/0/0	
Global subroutine: Deluxe ORG init2	12	unchanged	/	/	
Global subroutine: Deluxe ORG init2	13	unchanged	0/0/0/0/0/0/0/0/0/0/0/0/0/0/0/0/0/0/0/0/0/0/0/0/0/0/0/0/0/0/0/0/0/0/0/0/0/0/0/0/0/{0}	0/0/0/0/0/0/0/0/0/0/0/0/0/0/0/0/0/0/0/0/0/0/0/0/0/0/0/0/0/0/0/0/0/0/0/0/0/0/0/0/0/{0}	{0}
Global subroutine: Deluxe ORG init2	14	unchanged	0/0/0/0/0/0/0/0/0/0/0/0/0/0/0/0/0/0/0/0/139/0/0/0/353/93/216/0/0/0/0/0/0/0/0/0/0/0{0}	0/0/0/0/0/0/0/0/0/0/0/0/0/0/0/0/0/0/0/0/139/0/0/0/353/93/216/0/0/0/0/0/0/0/0/0/0/0{0}	{0}
Global subroutine: Deluxe ORG init2	15	unchanged	/0/0/0/0/0/0/0/0/0/0/0/0/0/0/0/0/0/0/0/434/0/101/0/0/0/111/0/0/0/111/0/0/0/194/0/0{0}	/0/0/0/0/0/0/0/0/0/0/0/0/0/0/0/0/0/0/0/434/0/101/0/0/0/111/0/0/0/111/0/0/0/194/0/0{0}	{0}
Global subroutine: Deluxe ORG init2	16	unchanged	/0/0/0/0/0/0/0/0/0/0/0/0/0/0/0/0/0/0/0/0/0/0/0/0/0/0/0/0/0/0/0/0/0/0/0/0/0/0/0/0/0{0}	/0/0/0/0/0/0/0/0/0/0/0/0/0/0/0/0/0/0/0/0/0/0/0/0/0/0/0/0/0/0/0/0/0/0/0/0/0/0/0/0/0{0}	{0}
Global subroutine: Deluxe ORG init2	17	unchanged	/0/0/0/164/0/0/0/0/0/0/0/0/0/0/0/0/0/0/0/0/0/0/0/0/0/0/0/0/0/191/192/193/0/0/0/0/0{0}	/0/0/0/164/0/0/0/0/0/0/0/0/0/0/0/0/0/0/0/0/0/0/0/0/0/0/0/0/0/191/192/193/0/0/0/0/0{0}	{0}
Global subroutine: Deluxe ORG init2	18	unchanged	/0/0/0/0/0/201/201/202/0/0/0/0/206/0/0/0/0/0/0/0/0/0/0/0/0/0/0/0/0/0/0/0/0/0/0/257{0}	/0/0/0/0/0/201/201/202/0/0/0/0/206/0/0/0/0/0/0/0/0/0/0/0/0/0/0/0/0/0/0/0/0/0/0/257{0}	{0}
Global subroutine: Deluxe ORG init2	19	unchanged	/0/0/0/0/0/255/0/0/0/0/0/256/243/244/0/0/0/0/0/0/0/0/0/0/0/0/0/0/0/0/0/0/0/0/0/0/3{0}	/0/0/0/0/0/255/0/0/0/0/0/256/243/244/0/0/0/0/0/0/0/0/0/0/0/0/0/0/0/0/0/0/0/0/0/0/3{0}	{0}
Global subroutine: Deluxe ORG init2	20	unchanged	53/0/0/0/0/0/0/0/275/0/0/0/0/0/0/0/0/0/0/0/0/0/0/0/0/0/0/0/0/0/0/0/0/0/0/0/0/0/0/0{0}	53/0/0/0/0/0/0/0/275/0/0/0/0/0/0/0/0/0/0/0/0/0/0/0/0/0/0/0/0/0/0/0/0/0/0/0/0/0/0/0{0}	{0}
Global subroutine: Deluxe ORG init2	21	unchanged	/0/0/0/0/0/0/0/0/0/0/0/0/0/0/0/0/0/0/0/0/0/0/0/0/0/0/0/0/0/0/0/0/0/0/0/0/0/0/0/0/0{0}	/0/0/0/0/0/0/0/0/0/0/0/0/0/0/0/0/0/0/0/0/0/0/0/0/0/0/0/0/0/0/0/0/0/0/0/0/0/0/0/0/0{0}	{0}
Global subroutine: Deluxe ORG init2	22	unchanged	/0/0/0/0/0/0/0/0/0/0/0/358/0/0/434/0/0/0/0/0/0/0/0/0/0/0/0/0/0/0/0/0/0/0/0/0/0/0/0{0}	/0/0/0/0/0/0/0/0/0/0/0/358/0/0/434/0/0/0/0/0/0/0/0/0/0/0/0/0/0/0/0/0/0/0/0/0/0/0/0{0}	{0}
Global subroutine: Deluxe ORG init2	23	unchanged	/0/0/0/0/0/0/0/0/0/0/0/0/398/0/0/0/0/0/0/0/0/0/0/0/0/0/0/0/0/0/416/0/0/0/0/0/0/0/0{0}	/0/0/0/0/0/0/0/0/0/0/0/0/398/0/0/0/0/0/0/0/0/0/0/0/0/0/0/0/0/0/416/0/0/0/0/0/0/0/0{0}	{0}
Global subroutine: Deluxe ORG init2	24	unchanged	/0/0/0/0/0/0/0/0/0/0/0/0/0/0/0/0/0/0/0/0/0/0/0/448/0/0/0/0/0/0/0/0/0/0/0/0/0/0/0/0{0}	/0/0/0/0/0/0/0/0/0/0/0/0/0/0/0/0/0/0/0/0/0/0/0/448/0/0/0/0/0/0/0/0/0/0/0/0/0/0/0/0{0}	{0}
Global subroutine: Deluxe ORG init2	25	unchanged	/0/0/0/0/0/0/0/0/0/0/0/0	/0/0/0/0/0/0/0/0/0/0/0/0	
Global subroutine: Deluxe ORG init2	26	unchanged	/	/	
Global subroutine: Deluxe ORG init2	27	unchanged	99/10/10/10/10/10/99/10/10/10/10/10/10/10/10/10/10/10/10/10/10/5/3/5/5/5/5/5/3/3/3{0}	99/10/10/10/10/10/99/10/10/10/10/10/10/10/10/10/10/10/10/10/10/5/3/5/5/5/5/5/3/3/3{0}	{0}
Global subroutine: Deluxe ORG init2	28	unchanged	/5/5/5/5/5/5/5/5/5/5/5/5/5/5/5/5/5/5/5/5/5/5/5/5/5/5/5/5/5/5/5/5/5/5/5/5/5/5/6/5/2{0}	/5/5/5/5/5/5/5/5/5/5/5/5/5/5/5/5/5/5/5/5/5/5/5/5/5/5/5/5/5/5/5/5/5/5/5/5/5/5/6/5/2{0}	{0}
Global subroutine: Deluxe ORG init2	29	unchanged	/5/5/5/5/5/5/5/5/5/5/5/5/5/5/5/5/5/5/5/5/5/5/5/5/5/3/5/5/5/5/5/5/3/5/5/5/3/5/5/5/5{0}	/5/5/5/5/5/5/5/5/5/5/5/5/5/5/5/5/5/5/5/5/5/5/5/5/5/3/5/5/5/5/5/5/3/5/5/5/3/5/5/5/5{0}	{0}
Global subroutine: Deluxe ORG init2	30	unchanged	/3/5/5/5/5/5/5/5/5/3/5/5/5/5/5/5/5/5/5/5/5/5/5/3/5/5/5/5/5/5/5/5/5/5/3/5/5/5/5/5/5{0}	/3/5/5/5/5/5/5/5/5/3/5/5/5/5/5/5/5/5/5/5/5/5/5/3/5/5/5/5/5/5/5/5/5/5/3/5/5/5/5/5/5{0}	{0}
Global subroutine: Deluxe ORG init2	31	unchanged	/5/5/5/5/5/5/5/5/5/5/5/5/5/5/5/5/5/5/5/5/5/5/5/5/5/5/5/5/5/5/5/5/5/5/5/5/5/5/5/5/5{0}	/5/5/5/5/5/5/5/5/5/5/5/5/5/5/5/5/5/5/5/5/5/5/5/5/5/5/5/5/5/5/5/5/5/5/5/5/5/5/5/5/5{0}	{0}
Global subroutine: Deluxe ORG init2	32	unchanged	/5/5/5/5/5/5/5/5/5/5/5/5/5/5/5/5/5/5/5/5/5/5/5/5/5/5/5/5/5/5/5/5/5/5/5/5/5/5/5/5/5{0}	/5/5/5/5/5/5/5/5/5/5/5/5/5/5/5/5/5/5/5/5/5/5/5/5/5/5/5/5/5/5/5/5/5/5/5/5/5/5/5/5/5{0}	{0}
Global subroutine: Deluxe ORG init2	33	unchanged	/5/5/5/5/5/5/5/5/5/5/5/5/5/5/5/5/5/5/5/5/5/5/5/5/5/5/5/5/5/3/5/5/5/5/5/5/5/5/5/5/5{0}	/5/5/5/5/5/5/5/5/5/5/5/5/5/5/5/5/5/5/5/5/5/5/5/5/5/5/5/5/5/3/5/5/5/5/5/5/5/5/5/5/5{0}	{0}
Global subroutine: Deluxe ORG init2	34	unchanged	/5/5/5/5/5/5/5/5/5/5/5/5/5/5/5/5/5/5/5/5/5/4/5/5/5/1/5/5/5/5/5/5/5/5/5/5/5/5/5/5/5{0}	/5/5/5/5/5/5/5/5/5/5/5/5/5/5/5/5/5/5/5/5/5/4/5/5/5/1/5/5/5/5/5/5/5/5/5/5/5/5/5/5/5{0}	{0}
Global subroutine: Deluxe ORG init2	35	unchanged	/5/5/5/5/5/5/5/5/5/5/5/5/5/5/5/5/5/5/5/5/5/5/5/5/5/5/5/5/5/5/5/5/5/5/5/5/5/5/5/5/5{0}	/5/5/5/5/5/5/5/5/5/5/5/5/5/5/5/5/5/5/5/5/5/5/5/5/5/5/5/5/5/5/5/5/5/5/5/5/5/5/5/5/5{0}	{0}
Global subroutine: Deluxe ORG init2	36	unchanged	/5/5/5/5/5/5/4/5/5/5/5/5/5/5/5/5/5/5/5/5/5/5/5/5/5/5/5/5/5/5/5/5/5/5/5/5/5/5/5/5/5{0}	/5/5/5/5/5/5/4/5/5/5/5/5/5/5/5/5/5/5/5/5/5/5/5/5/5/5/5/5/5/5/5/5/5/5/5/5/5/5/5/5/5{0}	{0}
Global subroutine: Deluxe ORG init2	37	unchanged	/5/5/5/5/5/5/4/5/5/5/5/5/5/5/5/5/5/5/5/5/5/5/5/5/5/5/5/5/5/5/5/5/3/5/3/5/5/5/5/5/5{0}	/5/5/5/5/5/5/4/5/5/5/5/5/5/5/5/5/5/5/5/5/5/5/5/5/5/5/5/5/5/5/5/5/3/5/3/5/5/5/5/5/5{0}	{0}
Global subroutine: Deluxe ORG init2	38	unchanged	/5/5/5/5/5/5/5/5/5/5/5/5/5/4/5/5/5/5/5/5/5/5/5/5/5/5/3/5/5/5/6/6/5/5/2	/5/5/5/5/5/5/5/5/5/5/5/5/5/4/5/5/5/5/5/5/5/5/5/5/5/5/3/5/5/5/6/6/5/5/2	
Global subroutine: Deluxe ORG init2	39	unchanged	/	/	
Global subroutine: Deluxe ORG init2	40	unchanged	0/0/0/0/0/0/0/0/0/0/0/0/0/0/0/0/0/0/0/0/0/0/0/0/0/0/0/0/0/0/0/32/0/35/36/0/0/0/0/0{0}	0/0/0/0/0/0/0/0/0/0/0/0/0/0/0/0/0/0/0/0/0/0/0/0/0/0/0/0/0/0/0/32/0/35/36/0/0/0/0/0{0}	{0}
Global subroutine: Deluxe ORG init2	41	unchanged	/0/0/0/0/0/0/0/0/0/0/0/0/0/0/0/0/0/0/0/0/0/63/64/0/0/352/0/399/0/94/91/91/0/0/0/0/{0}	/0/0/0/0/0/0/0/0/0/0/0/0/0/0/0/0/0/0/0/0/0/63/64/0/0/352/0/399/0/94/91/91/0/0/0/0/{0}	{0}
Global subroutine: Deluxe ORG init2	42	unchanged	0/0/0/0/0/0/0/0/0/0/0/0/0/0/0/0/0/0/0/0/0/89/0/0/0/0/0/0/109/0/0/0/110/0/136/0/0/2{0}	0/0/0/0/0/0/0/0/0/0/0/0/0/0/0/0/0/0/0/0/0/89/0/0/0/0/0/0/109/0/0/0/110/0/136/0/0/2{0}	{0}
Global subroutine: Deluxe ORG init2	43	unchanged	1/0/0/0/120/0/0/0/137/123/0/0/0/0/0/0/0/0/0/0/0/0/0/0/0/0/0/0/0/0/145/145/0/0/149/{0}	1/0/0/0/120/0/0/0/137/123/0/0/0/0/0/0/0/0/0/0/0/0/0/0/0/0/0/0/0/0/145/145/0/0/149/{0}	{0}
Global subroutine: Deluxe ORG init2	44	unchanged	150/0/0/0/0/0/0/156/0/0/0/162/165/0/0/0/0/0/0/0/0/0/0/0/0/0/0/0/0/0/0/0/0/0/0/0/0/{0}	150/0/0/0/0/0/0/156/0/0/0/162/165/0/0/0/0/0/0/0/0/0/0/0/0/0/0/0/0/0/0/0/0/0/0/0/0/{0}	{0}
Global subroutine: Deluxe ORG init2	45	unchanged	188/189/190/0/0/0/0/0/0/195/0/0/0/203/203/0/0/0/0/0/207/0/0/0/0/0/0/396/0/0/0/0/0/{0}	188/189/190/0/0/0/0/0/0/195/0/0/0/203/203/0/0/0/0/0/207/0/0/0/0/0/0/396/0/0/0/0/0/{0}	{0}
Global subroutine: Deluxe ORG init2	46	unchanged	0/0/0/0/0/0/0/0/0/0/0/0/0/0/0/0/0/0/0/0/0/0/0/0/0/0/0/0/0/0/0/0/0/0/0/0/0/0/0/0/0/{0}	0/0/0/0/0/0/0/0/0/0/0/0/0/0/0/0/0/0/0/0/0/0/0/0/0/0/0/0/0/0/0/0/0/0/0/0/0/0/0/0/0/{0}	{0}
Global subroutine: Deluxe ORG init2	47	unchanged	0/0/0/335/264/0/356/0/0/271/272/272/0/0/274/0/0/277/0/0/0/0/0/0/0/0/0/0/0/0/0/0/0/{0}	0/0/0/335/264/0/356/0/0/271/272/272/0/0/274/0/0/277/0/0/0/0/0/0/0/0/0/0/0/0/0/0/0/{0}	{0}
Global subroutine: Deluxe ORG init2	48	unchanged	0/0/0/0/0/0/303/0/0/0/303/0/0/0/0/0/0/0/0/0/0/0/0/0/0/0/0/0/0/0/0/0/0/0/0/0/0/0/0/{0}	0/0/0/0/0/0/303/0/0/0/303/0/0/0/0/0/0/0/0/0/0/0/0/0/0/0/0/0/0/0/0/0/0/0/0/0/0/0/0/{0}	{0}
Global subroutine: Deluxe ORG init2	49	unchanged	0/0/0/336/0/0/0/0/0/0/0/0/0/0/0/0/0/0/0/0/0/0/0/0/0/0/0/0/361/0/0/0/0/367/368/0/0/{0}	0/0/0/336/0/0/0/0/0/0/0/0/0/0/0/0/0/0/0/0/0/0/0/0/0/0/0/0/361/0/0/0/0/367/368/0/0/{0}	{0}
Global subroutine: Deluxe ORG init2	50	unchanged	0/0/372/372/0/0/0/0/378/0/0/0/0/0/0/0/0/0/387/0/0/0/0/0/0/0/395/0/0/0/0/0/0/0/0/0/{0}	0/0/372/372/0/0/0/0/378/0/0/0/0/0/0/0/0/0/387/0/0/0/0/0/0/0/395/0/0/0/0/0/0/0/0/0/{0}	{0}
Global subroutine: Deluxe ORG init2	51	unchanged	0/0/407/0/0/0/0/0/0/0/0/417/0/0/0/0/0/0/0/0/0/0/0/0/0/0/0/0/0/21/0/0/0/0/0/0/0/0/0{0}	0/0/407/0/0/0/0/0/0/0/0/417/0/0/0/0/0/0/0/0/0/0/0/0/0/0/0/0/0/21/0/0/0/0/0/0/0/0/0{0}	{0}
Global subroutine: Deluxe ORG init2	52	unchanged	/0/0/0/0/0/0/0/0/0/0/0/455/0/0/0/0/0/0/0/0/0/0/0/0/468/0/0/0/473	/0/0/0/0/0/0/0/0/0/0/0/455/0/0/0/0/0/0/0/0/0/0/0/0/468/0/0/0/473	
Global subroutine: Deluxe ORG init2	53	unchanged	/	/	
Global subroutine: Deluxe ORG init2	54	unchanged	474/0/0/21	474/0/0/21	
Global subroutine: Deluxe ORG init2	55	unchanged	/	/	
Global subroutine: Deluxe ORG init2	56	unchanged	0/0/0/0/0/0/0/0/0/0/0/0/0/0/0/0/0/0/0/0/0/0/0/0/0/0/0/0/0/0/0/0/0/0/0/0/0/0/0/0/0/{0}	0/0/0/0/0/0/0/0/0/0/0/0/0/0/0/0/0/0/0/0/0/0/0/0/0/0/0/0/0/0/0/0/0/0/0/0/0/0/0/0/0/{0}	{0}
Global subroutine: Deluxe ORG init2	57	unchanged	0/0/0/0/0/0/0/0/0/0/0/0/0/0/0/0/0/0/0/0/0/0/0/0/0/0/0/0/0/0/0/0/0/0/0/0/0/0/0/0/0/{0}	0/0/0/0/0/0/0/0/0/0/0/0/0/0/0/0/0/0/0/0/0/0/0/0/0/0/0/0/0/0/0/0/0/0/0/0/0/0/0/0/0/{0}	{0}
Global subroutine: Deluxe ORG init2	58	unchanged	0/0/0/0/0/0/0/0/0/0/0/0/0/0/0/0/0/0/104/103/103/0/108/0/0/0/0/0/0/0/0/0/115/117/11{0}	0/0/0/0/0/0/0/0/0/0/0/0/0/0/0/0/0/0/104/103/103/0/108/0/0/0/0/0/0/0/0/0/115/117/11{0}	{0}
Global subroutine: Deluxe ORG init2	59	unchanged	8/119/0/0/0/0/0/0/0/0/0/0/0/0/0/0/0/0/0/0/0/0/0/0/0/0/0/0/0/0/0/151/151/0/0/0/0/0/{0}	8/119/0/0/0/0/0/0/0/0/0/0/0/0/0/0/0/0/0/0/0/0/0/0/0/0/0/0/0/0/0/151/151/0/0/0/0/0/{0}	{0}
Global subroutine: Deluxe ORG init2	60	unchanged	31/0/0/0/0/0/0/0/0/0/0/0/0/0/0/0/0/0/0/0/0/0/0/0/0/0/0/0/0/0/0/0/0/0/0/0/0/0/0/0/0{0}	31/0/0/0/0/0/0/0/0/0/0/0/0/0/0/0/0/0/0/0/0/0/0/0/0/0/0/0/0/0/0/0/0/0/0/0/0/0/0/0/0{0}	{0}
Global subroutine: Deluxe ORG init2	61	unchanged	/0/0/0/0/0/0/0/0/0/0/0/0/0/211/0/0/0/0/0/0/0/0/0/0/0/0/0/0/0/0/0/0/0/0/230/0/0/0/0{0}	/0/0/0/0/0/0/0/0/0/0/0/0/0/211/0/0/0/0/0/0/0/0/0/0/0/0/0/0/0/0/0/0/0/0/230/0/0/0/0{0}	{0}
Global subroutine: Deluxe ORG init2	62	unchanged	/0/236/0/0/0/0/0/0/0/0/0/0/0/0/0/0/0/0/0/0/0/0/0/0/0/0/0/0/0/0/0/0/0/0/0/0/0/0/0/0{0}	/0/236/0/0/0/0/0/0/0/0/0/0/0/0/0/0/0/0/0/0/0/0/0/0/0/0/0/0/0/0/0/0/0/0/0/0/0/0/0/0{0}	{0}
Global subroutine: Deluxe ORG init2	63	unchanged	/0/0/0/0/0/0/0/0/0/0/0/0/0/0/0/0/276/293/294/0/0/0/0/0/0/306/0/307/0/0/305/0/0/0/0{0}	/0/0/0/0/0/0/0/0/0/0/0/0/0/0/0/0/276/293/294/0/0/0/0/0/0/306/0/307/0/0/305/0/0/0/0{0}	{0}
Global subroutine: Deluxe ORG init2	64	unchanged	/0/0/0/0/0/0/0/0/0/0/0/0/0/0/0/0/0/0/0/0/0/0/0/0/0/0/0/0/0/0/0/0/0/0/0/0/0/0/0/0/0{0}	/0/0/0/0/0/0/0/0/0/0/0/0/0/0/0/0/0/0/0/0/0/0/0/0/0/0/0/0/0/0/0/0/0/0/0/0/0/0/0/0/0{0}	{0}
Global subroutine: Deluxe ORG init2	65	unchanged	/0/0/0/355/0/0/0/0/0/98/98/0/0/0/0/0/0/0/0/0/0/0/0/0/0/0/0/0/0/0/0/0/0/0/0/0/0/0/0{0}	/0/0/0/355/0/0/0/0/0/98/98/0/0/0/0/0/0/0/0/0/0/0/0/0/0/0/0/0/0/0/0/0/0/0/0/0/0/0/0{0}	{0}
Global subroutine: Deluxe ORG init2	66	unchanged	/0/0/0/0/0/0/0/0/0/0/0/0/0/0/0/0/0/0/0/0/0/0/0/0/0/0/0/0/0/0/0/0/0/0/0/0/0/0/0/0/0{0}	/0/0/0/0/0/0/0/0/0/0/0/0/0/0/0/0/0/0/0/0/0/0/0/0/0/0/0/0/0/0/0/0/0/0/0/0/0/0/0/0/0{0}	{0}
Global subroutine: Deluxe ORG init2	67	unchanged	/0/0/0/0/0/0/0/0/0/0/0/0/0/0/0/0/0/0/0/0/0/0/0/0/0/0/0/0/0/0/0/0/0/0/0/0/0/0/0/0/0{0}	/0/0/0/0/0/0/0/0/0/0/0/0/0/0/0/0/0/0/0/0/0/0/0/0/0/0/0/0/0/0/0/0/0/0/0/0/0/0/0/0/0{0}	{0}
Global subroutine: Deluxe ORG init2	68	unchanged	/0/0/0/0/0	/0/0/0/0/0	
Global subroutine: Deluxe ORG init2	69	unchanged	/	/	
Global subroutine: Deluxe ORG init2	70	unchanged	21/21/265/265/354/358/358/358/358/358/360/360/360/360/360/360/360/360/434/434/432/{0}	21/21/265/265/354/358/358/358/358/358/360/360/360/360/360/360/360/360/434/434/432/{0}	{0}
Global subroutine: Deluxe ORG init2	71	unchanged	475/475/475/475/475/475/475/475/32/32/32/32/32/32/32/32/34/34/34/34/34/34/34/34/39{0}	475/475/475/475/475/475/475/475/32/32/32/32/32/32/32/32/34/34/34/34/34/34/34/34/39{0}	{0}
Global subroutine: Deluxe ORG init2	72	unchanged	/39/39/39/39/39/66/67/68/70/73/73/74/74/76/77/78/79/79/113/121/124/124/21/71/71/71{0}	/39/39/39/39/39/66/67/68/70/73/73/74/74/76/77/78/79/79/113/121/124/124/21/71/71/71{0}	{0}
Global subroutine: Deluxe ORG init2	73	unchanged	/71/144/144/151/151/158/167/169/171/167/170/172/168/169/173/168/170/174/169/170/17{0}	/71/144/144/151/151/158/167/169/171/167/170/172/168/169/173/168/170/174/169/170/17{0}	{0}
Global subroutine: Deluxe ORG init2	74	unchanged	5/171/172/175/176/177/180/181/178/179/180/182/168/183/184/167/169/170/168/169/170/{0}	5/171/172/175/176/177/180/181/178/179/180/182/168/183/184/167/169/170/168/169/170/{0}	{0}
Global subroutine: Deluxe ORG init2	75	unchanged	62/156/145/145/109/105/106/77/199/209/77/194/194/194/110/194/110/196/197/110/216/7{0}	62/156/145/145/109/105/106/77/199/209/77/194/194/194/110/194/110/196/197/110/216/7{0}	{0}
Global subroutine: Deluxe ORG init2	76	unchanged	2/72/72/84/110/84/231/231/231/232/237/237/237/238/227/257/144/255/144/256/144/255/{0}	2/72/72/84/110/84/231/231/231/232/237/237/237/238/227/257/144/255/144/256/144/255/{0}	{0}
Global subroutine: Deluxe ORG init2	77	unchanged	148/150/243/243/258/259/108/262/34/104/104/104/165/64/274/275/286/286/287/287/288/{0}	148/150/243/243/258/259/108/262/34/104/104/104/165/64/274/275/286/286/287/287/288/{0}	{0}
Global subroutine: Deluxe ORG init2	78	unchanged	288/289/289/295/306/295/309/306/305/307/308/303/296/296/296/296/310/310/310/311/31{0}	288/289/289/295/306/295/309/306/305/307/308/303/296/296/296/296/310/310/310/311/31{0}	{0}
Global subroutine: Deluxe ORG init2	79	unchanged	1/312/314/314/315/317/311/312/313/312/313/313/315/316/316/318/317/318/319/319/320/{0}	1/312/314/314/315/317/311/312/313/312/313/313/315/316/316/318/317/318/319/319/320/{0}	{0}
Global subroutine: Deluxe ORG init2	80	unchanged	321/322/323/335/337/337/335/336/343/343/336/337/338/339/340/340/346/346/349/349/33{0}	321/322/323/335/337/337/335/336/343/343/336/337/338/339/340/340/346/346/349/349/33{0}	{0}
Global subroutine: Deluxe ORG init2	81	unchanged	2/303/303/303/63/160/269/269/371/379/380/381/243/62/365/127/38/39/62/399/368/404/4{0}	2/303/303/303/63/160/269/269/371/379/380/381/243/62/365/127/38/39/62/399/368/404/4{0}	{0}
Global subroutine: Deluxe ORG init2	82	unchanged	04/405/243/432/75/178/414/374/400/401/358/245/77/3/432/358/63/79	04/405/243/432/75/178/414/374/400/401/358/245/77/3/432/358/63/79	
Global subroutine: Deluxe ORG init2	83	unchanged	/	/	
Global subroutine: Deluxe ORG init2	84	unchanged	399/399/156/273/187/38/40/32/41/475/475/32/44/39/79/194/109/72/72/461/194/209/354/{0}	399/399/156/273/187/38/40/32/41/475/475/32/44/39/79/194/109/72/72/461/194/209/354/{0}	{0}
Global subroutine: Deluxe ORG init2	85	unchanged	256/217/217/70/143	256/217/217/70/143	
Global subroutine: Deluxe ORG init2	86	unchanged	/	/	
Global subroutine: Deluxe ORG init2	87	unchanged	25/26/127/129/21/434/432/22/30/29/38/40/41/43/44/46/48/51/432/119/21/38/40/42/43/4{0}	25/26/127/129/21/434/432/22/30/29/38/40/41/43/44/46/48/51/432/119/21/38/40/42/43/4{0}	{0}
Global subroutine: Deluxe ORG init2	88	unchanged	5/46/49/52/38/41/42/43/47/48/49/53/38/40/41/42/44/45/47/50/40/44/49/53/52/54/72/72{0}	5/46/49/52/38/41/42/43/47/48/49/53/38/40/41/42/44/45/47/50/40/44/49/53/52/54/72/72{0}	{0}
Global subroutine: Deluxe ORG init2	89	unchanged	/72/77/75/77/75/76/85/85/85/85/84/125/127/127/130/22/144/151/158/161/158/161/158/1{0}	/72/77/75/77/75/76/85/85/85/85/84/125/127/127/130/22/144/151/158/161/158/161/158/1{0}	{0}
Global subroutine: Deluxe ORG init2	90	unchanged	61/161/158/144/71/161/144/71/158/151/71/161/151/71/161/158/71/161/158/144/161/158/{0}	61/161/158/144/71/161/144/71/158/151/71/161/151/71/161/158/71/161/158/144/161/158/{0}	{0}
Global subroutine: Deluxe ORG init2	91	unchanged	144/71/161/158/151/71/118/118/118/175/172/171/175/174/173/77/194/152/195/195/109/1{0}	144/71/161/158/151/71/118/118/118/175/172/171/175/174/173/77/194/152/195/195/109/1{0}	{0}
Global subroutine: Deluxe ORG init2	92	unchanged	45/199/211/209/211/201/196/197/214/216/194/218/218/217/218/160/200/199/194/225/218{0}	45/199/211/209/211/201/196/197/214/216/194/218/218/217/218/160/200/199/194/225/218{0}	{0}
Global subroutine: Deluxe ORG init2	93	unchanged	/231/232/233/232/237/238/239/238/227/243/246/243/248/243/250/245/143/143/258/193/2{0}	/231/232/233/232/237/238/239/238/227/243/246/243/248/243/250/245/143/143/258/193/2{0}	{0}
Global subroutine: Deluxe ORG init2	94	unchanged	60/193/114/184/152/214/217/225/272/272/272/272/120/277/120/277/120/277/120/277/303{0}	60/193/114/184/152/214/217/225/272/272/272/272/120/277/120/277/120/277/120/277/303{0}	{0}
Global subroutine: Deluxe ORG init2	95	unchanged	/307/296/324/324/324/324/296/301/302/301/304/299/301/304/306/304/299/299/304/299/2{0}	/307/296/324/324/324/324/296/301/302/301/304/299/301/304/306/304/299/299/304/299/2{0}	{0}
Global subroutine: Deluxe ORG init2	96	unchanged	99/299/302/302/302/301/301/304/301/301/304/304/302/302/302/301/299/304/301/302/332{0}	99/299/302/302/302/301/301/304/301/301/304/304/302/302/302/301/299/304/301/302/332{0}	{0}
Global subroutine: Deluxe ORG init2	97	unchanged	/123/110/333/332/123/110/333/299/299/299/123/110/123/110/123/110/303/262/324/362/3{0}	/123/110/333/332/123/110/333/299/299/299/123/110/123/110/123/110/303/262/324/362/3{0}	{0}
Global subroutine: Deluxe ORG init2	98	unchanged	69/369/371/374/374/374/371/269/382/383/383/389/85/392/79/272/272/310/329/262/398/8{0}	69/369/371/374/374/374/371/269/382/383/383/389/85/392/79/272/272/310/329/262/398/8{0}	{0}
Global subroutine: Deluxe ORG init2	99	unchanged	5/299/273/118/166/120/120/387/255/419/4/435/436/25/439/440/439/127	5/299/273/118/166/120/120/387/255/419/4/435/436/25/439/440/439/127	
Global subroutine: Deluxe ORG init2	100	unchanged	/	/	
Global subroutine: Deluxe ORG init2	101	unchanged	127/241/138/138/449/138/449/450/451/138/452/160/455/456/273/459/462/463/459/204/44{0}	127/241/138/138/449/138/449/450/451/138/452/160/455/456/273/459/462/463/459/204/44{0}	{0}
Global subroutine: Deluxe ORG init2	102	unchanged	0/120/277/117/117	0/120/277/117/117	
Global subroutine: Deluxe ORG init2	103	unchanged	/	/	
Global subroutine: Deluxe ORG init2	104	unchanged	28/27/130/131/23/24/25/26/27/28/42/45/47/49/50/52/53/54/22/125/29/41/44/47/48/50/5{0}	28/27/130/131/23/24/25/26/27/28/42/45/47/49/50/52/53/54/22/125/29/41/44/47/48/50/5{0}	{0}
Global subroutine: Deluxe ORG init2	105	unchanged	1/53/54/40/44/45/46/50/51/52/54/43/46/48/49/51/52/53/54/55/56/57/58/59/60/81/82/83{0}	1/53/54/40/44/45/46/50/51/52/54/43/46/48/49/51/52/53/54/55/56/57/58/59/60/81/82/83{0}	{0}
Global subroutine: Deluxe ORG init2	106	unchanged	/78/76/79/77/79/87/88/96/86/97/127/128/129/131/30/167/168/169/170/171/172/173/174/{0}	/78/76/79/77/79/87/88/96/86/97/127/128/129/131/30/167/168/169/170/171/172/173/174/{0}	{0}
Global subroutine: Deluxe ORG init2	107	unchanged	175/176/176/176/177/177/177/178/178/178/179/179/179/180/180/180/181/181/181/183/18{0}	175/176/176/176/177/177/177/178/178/178/179/179/179/180/180/180/181/181/181/183/18{0}	{0}
Global subroutine: Deluxe ORG init2	108	unchanged	3/183/183/184/184/184/184/185/186/187/183/183/183/184/184/184/155/152/153/105/106/{0}	3/183/183/184/184/184/184/185/186/187/183/183/183/184/184/184/155/152/153/105/106/{0}	{0}
Global subroutine: Deluxe ORG init2	109	unchanged	146/146/205/209/210/212/213/214/214/215/217/218/215/215/219/219/221/222/224/225/22{0}	146/146/205/209/210/212/213/214/214/215/217/218/215/215/219/219/221/222/224/225/22{0}	{0}
Global subroutine: Deluxe ORG init2	110	unchanged	6/226/232/233/234/234/238/239/240/240/228/246/247/248/249/250/251/252/253/254/259/{0}	6/226/232/233/234/234/238/239/240/240/228/246/247/248/249/250/251/252/253/254/259/{0}	{0}
Global subroutine: Deluxe ORG init2	111	unchanged	260/261/261/262/263/107/215/219/226/286/287/288/289/278/279/280/281/282/283/284/28{0}	260/261/261/262/263/107/215/219/226/286/287/288/289/278/279/280/281/282/283/284/28{0}	{0}
Global subroutine: Deluxe ORG init2	112	unchanged	5/308/309/324/325/326/327/328/329/330/310/311/312/313/314/315/316/317/318/319/320/{0}	5/308/309/324/325/326/327/328/329/330/310/311/312/313/314/315/316/317/318/319/320/{0}	{0}
Global subroutine: Deluxe ORG init2	113	unchanged	321/322/323/314/315/316/317/318/319/320/321/322/323/320/321/322/323/331/331/331/33{0}	321/322/323/314/315/316/317/318/319/320/321/322/323/320/321/322/323/331/331/331/33{0}	{0}
Global subroutine: Deluxe ORG init2	114	unchanged	1/337/338/339/340/343/344/345/346/349/350/351/341/342/347/348/350/351/333/334/329/{0}	1/337/338/339/340/343/344/345/346/349/350/351/341/342/347/348/350/351/333/334/329/{0}	{0}
Global subroutine: Deluxe ORG init2	115	unchanged	363/375/376/379/380/381/382/382/382/383/384/385/390/392/393/394/400/401/402/403/40{0}	363/375/376/379/380/381/382/382/382/383/384/385/390/392/393/394/400/401/402/403/40{0}	{0}
Global subroutine: Deluxe ORG init2	116	unchanged	6/408/412/413/414/415/418/409/410/411/252/369/7/436/437/438/440	6/408/412/413/414/415/418/409/410/411/252/369/7/436/437/438/440	
Global subroutine: Deluxe ORG init2	117	unchanged	/	/	
Global subroutine: Deluxe ORG init2	118	unchanged	441/442/444/445/447/449/450/450/451/451/452/452/452/453/454/456/457/458/460/463/46{0}	441/442/444/445/447/449/450/450/451/451/452/452/452/453/454/456/457/458/460/463/46{0}	{0}
Global subroutine: Deluxe ORG init2	119	unchanged	4/465/466/467/469/470/471/472	4/465/466/467/469/470/471/472	
Global subroutine: Deluxe ORG init2	120	unchanged	/	/	
Global subroutine: Deluxe ORG init2	121	unchanged	0/0/0/0/0/0/0/0/0/0/0/0/0/0/0/0/0/0/0/0/0/0/0/0/0/0/0/0/0/0/0/0/0/0/0/0/0/0/0/0/0/{0}	0/0/0/0/0/0/0/0/0/0/0/0/0/0/0/0/0/0/0/0/0/0/0/0/0/0/0/0/0/0/0/0/0/0/0/0/0/0/0/0/0/{0}	{0}
Global subroutine: Deluxe ORG init2	122	unchanged	0/0/0/0/0/0/0/0/0/0/0/0/0/0/0/0/0/0/0/0/0/0/61/61/0/0/0/0/0/0/0/0/0/0/0/0/0/0/0/0/{0}	0/0/0/0/0/0/0/0/0/0/0/0/0/0/0/0/0/0/0/0/0/0/61/61/0/0/0/0/0/0/0/0/0/0/0/0/0/0/0/0/{0}	{0}
Global subroutine: Deluxe ORG init2	123	unchanged	0/0/0/0/0/0/0/0/0/0/0/0/0/0/0/0/0/0/0/0/0/0/0/0/0/0/0/0/0/0/0/0/0/0/0/0/0/0/0/0/0/{0}	0/0/0/0/0/0/0/0/0/0/0/0/0/0/0/0/0/0/0/0/0/0/0/0/0/0/0/0/0/0/0/0/0/0/0/0/0/0/0/0/0/{0}	{0}
Global subroutine: Deluxe ORG init2	124	unchanged	0/0/0/0/0/0/0/0/0/0/0/0/0/0/0/0/0/0/0/0/0/0/0/0/0/0/0/0/0/0/0/0/0/0/61/0/0/0/0/0/1{0}	0/0/0/0/0/0/0/0/0/0/0/0/0/0/0/0/0/0/0/0/0/0/0/0/0/0/0/0/0/0/0/0/0/0/61/0/0/0/0/0/1{0}	{0}
Global subroutine: Deluxe ORG init2	125	unchanged	59/0/0/159/0/0/0/0/0/0/0/0/0/0/0/0/0/0/0/0/0/0/0/0/0/0/0/0/0/0/0/0/0/0/0/0/0/0/0/0{0}	59/0/0/159/0/0/0/0/0/0/0/0/0/0/0/0/0/0/0/0/0/0/0/0/0/0/0/0/0/0/0/0/0/0/0/0/0/0/0/0{0}	{0}
Global subroutine: Deluxe ORG init2	126	unchanged	/0/198/0/0/77/77/0/0/0/0/0/0/0/0/0/0/0/0/0/0/0/0/0/0/0/0/0/0/0/0/0/0/0/0/0/0/0/0/0{0}	/0/198/0/0/77/77/0/0/0/0/0/0/0/0/0/0/0/0/0/0/0/0/0/0/0/0/0/0/0/0/0/0/0/0/0/0/0/0/0{0}	{0}
Global subroutine: Deluxe ORG init2	127	unchanged	/0/0/0/0/0/0/0/0/0/0/0/245/0/0/0/0/0/0/0/0/0/0/0/0/0/0/0/0/0/0/0/0/0/273/0/0/0/0/0{0}	/0/0/0/0/0/0/0/0/0/0/0/245/0/0/0/0/0/0/0/0/0/0/0/0/0/0/0/0/0/0/0/0/0/273/0/0/0/0/0{0}	{0}
Global subroutine: Deluxe ORG init2	128	unchanged	/0/0/0/0/0/0/0/0/0/0/0/0/0/0/0/0/0/0/0/0/0/0/0/0/0/0/0/0/0/0/0/0/0/0/0/0/0/0/0/0/0{0}	/0/0/0/0/0/0/0/0/0/0/0/0/0/0/0/0/0/0/0/0/0/0/0/0/0/0/0/0/0/0/0/0/0/0/0/0/0/0/0/0/0{0}	{0}
Global subroutine: Deluxe ORG init2	129	unchanged	/0/0/0/0/0/0/0/0/0/0/0/0/0/0/0/0/0/0/0/0/0/0/0/0/0/0/0/0/0/0/0/0/0/0/0/0/0/0/0/0/0{0}	/0/0/0/0/0/0/0/0/0/0/0/0/0/0/0/0/0/0/0/0/0/0/0/0/0/0/0/0/0/0/0/0/0/0/0/0/0/0/0/0/0{0}	{0}
Global subroutine: Deluxe ORG init2	130	unchanged	/0/0/0/0/0/364/0/0/0/0/0/0/0/0/0/0/0/0/0/0/0/0/61/364/0/0/0/0/0/388/0/0/0/73/77/0/{0}	/0/0/0/0/0/364/0/0/0/0/0/0/0/0/0/0/0/0/0/0/0/0/61/364/0/0/0/0/0/388/0/0/0/73/77/0/{0}	{0}
Global subroutine: Deluxe ORG init2	131	unchanged	0/0/0/0/404/404/0/0/0/405/397/66/364/386/432/75/0/0/273/273/159/0/0/0/0/0/0/0/0/0/{0}	0/0/0/0/404/404/0/0/0/405/397/66/364/386/432/75/0/0/273/273/159/0/0/0/0/0/0/0/0/0/{0}	{0}
Global subroutine: Deluxe ORG init2	132	unchanged	0/0/0/0/0/0/0/0/0/435/0/0/0/439/439/0/0/0/273/0/241/0/0/0/0/122/0/0/0/0/0/0/0/0/0/{0}	0/0/0/0/0/0/0/0/0/435/0/0/0/439/439/0/0/0/273/0/241/0/0/0/0/122/0/0/0/0/0/0/0/0/0/{0}	{0}
Global subroutine: Deluxe ORG init2	133	unchanged	0/0/459/65/0/440/0/0/0/0/69/142/0	0/0/459/65/0/440/0/0/0/0/69/142/0	
Global subroutine: Deluxe ORG init2	134	unchanged	/	/	
Global subroutine: Deluxe ORG init2	135	unchanged	63,64,354,355,23,24,25,26,28,27/354,23,55,56,57,58,59,60/85,86,87,88,89,90,96/354,{0}	63,64,354,355,23,24,25,26,28,27/354,23,55,56,57,58,59,60/85,86,87,88,89,90,96/354,{0}	{0}
Global subroutine: Deluxe ORG init2	136	unchanged	23,126,132,133,134,135/193,188,189,190,191,192/105,106,107,146,152,153,194,101,103{0}	23,126,132,133,134,135/193,188,189,190,191,192/105,106,107,146,152,153,194,101,103{0}	{0}
Global subroutine: Deluxe ORG init2	137	unchanged	,109,110,111,156,218/196,202,203,209,210,211,213,214,215,219,220,223,226/193,246,2{0}	,109,110,111,156,218/196,202,203,209,210,211,213,214,215,219,220,223,226/193,246,2{0}	{0}
Global subroutine: Deluxe ORG init2	138	unchanged	47,248,249,250,251,259,260,261,264,111/278,279,280,281,282,283,284,285,293,294/308{0}	47,248,249,250,251,259,260,261,264,111/278,279,280,281,282,283,284,285,293,294/308{0}	{0}
Global subroutine: Deluxe ORG init2	139	unchanged	,310,311,312,313,324,325,326,327,328,329,330,331/337,338,339,337,338,339,337,338,3{0}	,310,311,312,313,324,325,326,327,328,329,330,331/337,338,339,337,338,339,337,338,3{0}	{0}
Global subroutine: Deluxe ORG init2	140	unchanged	39,340,341,342,343,344,345,346,347,348,349,350,351,362,363/63,64,162,165,367,377,4{0}	39,340,341,342,343,344,345,346,347,348,349,350,351,362,363/63,64,162,165,367,377,4{0}	{0}
Global subroutine: Deluxe ORG init2	141	unchanged	18,375,378,384,385,156	18,375,378,384,385,156	
Global subroutine: Deluxe ORG init2	142	unchanged	/	/	
Global subroutine: Deluxe ORG init2	143	unchanged	,	,	
Global subroutine: Deluxe ORG init2	144	unchanged	0,352,353,356,358,360,361,475,32,139/0,63,64,352,353,355,356,361,475,35,36,139,140{0}	0,352,353,356,358,360,361,475,32,139/0,63,64,352,353,355,356,361,475,35,36,139,140{0}	{0}
Global subroutine: Deluxe ORG init2	145	unchanged	/0,80,91,92,93,94,95,216/0,352,353,355,356,120,293,123,137,138/0,91,92,94,120,293,{0}	/0,80,91,92,93,94,95,216/0,352,353,355,356,120,293,123,137,138/0,91,92,94,120,293,{0}	{0}
Global subroutine: Deluxe ORG init2	146	unchanged	145,147,148,148,150,158,162,163,164,165,166,176,177,178,179,180,181,253,254/0,61,6{0}	145,147,148,148,150,158,162,163,164,165,166,176,177,178,179,180,181,253,254/0,61,6{0}	{0}
Global subroutine: Deluxe ORG init2	147	unchanged	2,63,64,33,34,35,36,77,100,102,104,108,112,142,143,144,145,154,155,195/0,101,102,1{0}	2,63,64,33,34,35,36,77,100,102,104,108,112,142,143,144,145,154,155,195/0,101,102,1{0}	{0}
Global subroutine: Deluxe ORG init2	148	unchanged	03,106,109,110,111,162,163,164,165,166,194,195,204,218,84,85,90/0,190,109,110,101,{0}	03,106,109,110,111,162,163,164,165,166,194,195,204,218,84,85,90/0,190,109,110,101,{0}	{0}
Global subroutine: Deluxe ORG init2	149	unchanged	102,103,120,293,145,143/0,162,163,165,63,64,32,274,275,271,272,139,164,166/0,295,2{0}	102,103,120,293,145,143/0,162,163,165,63,64,32,274,275,271,272,139,164,166/0,295,2{0}	{0}
Global subroutine: Deluxe ORG init2	150	unchanged	96,297,298,299,300,301,302,303,304,305,306,307,309,314,315,316,317,318,319,320,321{0}	96,297,298,299,300,301,302,303,304,305,306,307,309,314,315,316,317,318,319,320,321{0}	{0}
Global subroutine: Deluxe ORG init2	151	unchanged	,322,323/0,332,333,335,336,101,102,103,109,110,111,118,120,293,123,138,299,306/0,2{0}	,322,323/0,332,333,335,336,101,102,103,109,110,111,118,120,293,123,138,299,306/0,2{0}	{0}
Global subroutine: Deluxe ORG init2	152	unchanged	71,372,374,383	71,372,374,383	
Global subroutine: Deluxe ORG init2	153	unchanged	/	/	
Global subroutine: Deluxe ORG init2	154	unchanged	,	,	
Global subroutine: Deluxe ORG init2	155	unchanged	61,65,433,357,359,432/37,61,359,33,433,65/66,72,69,73,74,75/114,359,113,121,122,65{0}	61,65,433,357,359,432/37,61,359,33,433,65/66,72,69,73,74,75/114,359,113,121,122,65{0}	{0}
Global subroutine: Deluxe ORG init2	156	unchanged	/159,142,114,69,157,147/61,142,112,100,33,77/198,159,112,100,66,72/114,142,184,100{0}	/159,142,114,69,157,147/61,142,112,100,33,77/198,159,112,100,66,72/114,142,184,100{0}	{0}
Global subroutine: Deluxe ORG init2	157	unchanged	,241,258/114,61,290,159,273,268/295,296,298,297,300,299/114,332,298,100,122,299/26{0}	,241,258/114,61,290,159,273,268/295,296,298,297,300,299/114,332,298,100,122,299/26{0}	{0}
Global subroutine: Deluxe ORG init2	158	unchanged	8,370,373,74,241,75	8,370,373,74,241,75	
Global subroutine: Deluxe ORG init2	159	unchanged	/	/	
Global subroutine: Deluxe ORG init2	160	unchanged	,	,	
Global subroutine: Deluxe ORG init2	161	unchanged	411,437/393,453/412,441,442/391,443,446/416,417,448/395,455,456,457/396,206,207,46{0}	411,437/393,453/412,441,442/391,443,446/416,417,448/395,455,456,457/396,206,207,46{0}	{0}
Global subroutine: Deluxe ORG init2	162	unchanged	4,465,466/408,252,468/409,410,469,470/402,403,413/407,473,474/203,274	4,465,466/408,252,468/409,410,469,470/402,403,413/407,473,474/203,274	
Global subroutine: Deluxe ORG init2	163	unchanged	/	/	
Global subroutine: Deluxe ORG init2	164	unchanged	,	,	
Global subroutine: Deluxe ORG init2	165	unchanged	Steak&Pasta/Burgeria/Fried Chicken/Pizzeria/Dumpling/Korean Rice Dish/Japanese Rice Dish/Korean Noodles/Taqueria/Ice Cream{0}	Steak&Pasta/Burgeria/Fried Chicken/Pizzeria/Dumpling/Korean Rice Dish/Japanese Rice Dish/Korean Noodles/Taqueria/Ice Cream{0}	{0}
Global subroutine: Deluxe ORG init2	166	unchanged	/Pancake/Butcher Restaurant	/Pancake/Butcher Restaurant	
Global subroutine: Deluxe ORG init2	167	unchanged	/	/	
Global subroutine: Deluxe ORG init2	168	unchanged	Purchase Storage/Purchase Random Item/Purchase Random Boots/Upgrade Fryer/Upgrade Pot/Upgrade Grill/{0}	Purchase Storage/Purchase Random Item/Purchase Random Boots/Upgrade Fryer/Upgrade Pot/Upgrade Grill/{0}	{0}
Global subroutine: Deluxe ORG init2	169	unchanged	Upgrade Pan/Increase Personal Movement Speed/Increase Team Time Limit/Exchange Coin	Upgrade Pan/Increase Personal Movement Speed/Increase Team Time Limit/Exchange Coin	
Global subroutine: Deluxe ORG init2	170	unchanged	/	/	
Global subroutine: Deluxe ORG init3	0	unchanged	8,9,11,12,15,16,17,19	8,9,11,12,15,16,17,19	
Global subroutine: Deluxe ORG init3	1	unchanged	,	,	
Global subroutine: Deluxe ORG init3	2	unchanged	0,12,12,16,15,16/0,17,16,13,13,14/1,6,2,3,4,5,7,8,9,11,12,15,16,19,17,10,13,14/8,8{0}	0,12,12,16,15,16/0,17,16,13,13,14/1,6,2,3,4,5,7,8,9,11,12,15,16,19,17,10,13,14/8,8{0}	{0}
Global subroutine: Deluxe ORG init3	3	unchanged	,8,8,9,11,11,11,11,12,12,15,16,16,19,19,19,17,17	,8,8,9,11,11,11,11,12,12,15,16,16,19,19,19,17,17	
Global subroutine: Deluxe ORG init3	4	unchanged	/	/	
Global subroutine: Deluxe ORG init3	5	unchanged	,	,	
Global subroutine: Deluxe ORG init3	6	unchanged	N	N	
Global subroutine: Deluxe ORG init3	7	unchanged	0/1/2/3/4/5/6/7/8/9/10/11/12/13/14/15/16/17/18/19/20	0/1/2/3/4/5/6/7/8/9/10/11/12/13/14/15/16/17/18/19/20	
Global subroutine: Deluxe ORG init3	8	unchanged	/	/	
Global subroutine: Deluxe ORG init3	9	unchanged	0/1/2/3/4/5/6/7/8/9/10/11/12/13/14/15/16/17/18/19/20	0/1/2/3/4/5/6/7/8/9/10/11/12/13/14/15/16/17/18/19/20	
Global subroutine: Deluxe ORG init3	10	unchanged	/	/	
Global subroutine: Deluxe CAFE init1	0	unchanged	D/L/T/T/T/T/G/Z/L/Z/U/Y/T/U/U/Z/R/Z/Y/Y/B/S/S/S/S/S/F/N/P/P/X/O/O/M/O/O/S/S/S/O/F/{0}	D/L/T/T/T/T/G/Z/L/Z/U/Y/T/U/U/Z/R/Z/Y/Y/B/S/S/S/S/S/F/N/P/P/X/O/O/M/O/O/S/S/S/O/F/{0}	{0}
Global subroutine: Deluxe CAFE init1	1	unchanged	F/A/A/X/X/M/R/R/R/S/R/G/G/G/G/S/S/S/S/J/J/X/H/O/M/S/S/P/P/M/S/H/O/H/O/O/M/S/S/J/J/{0}	F/A/A/X/X/M/R/R/R/S/R/G/G/G/G/S/S/S/S/J/J/X/H/O/M/S/S/P/P/M/S/H/O/H/O/O/M/S/S/J/J/{0}	{0}
Global subroutine: Deluxe CAFE init1	2	unchanged	F/N/O/O/O/F/P/P/F/O/R/R/C/C/S/N/N/R/R/S/S/G/G/G/L/L/M/O/O/G/S/C/C/L/M/O/O/O/F/F/S/{0}	F/N/O/O/O/F/P/P/F/O/R/R/C/C/S/N/N/R/R/S/S/G/G/G/L/L/M/O/O/G/S/C/C/L/M/O/O/O/F/F/S/{0}	{0}
Global subroutine: Deluxe CAFE init1	3	unchanged	H/G/O/H/S/S/H/G/O/H/H/P/M/M/H/W/Y/F/Y/Y/F/F/X/O/H/F/G/H/H/F/N/N/N/N/N/G/H/X/O/F/X/{0}	H/G/O/H/S/S/H/G/O/H/H/P/M/M/H/W/Y/F/Y/Y/F/F/X/O/H/F/G/H/H/F/N/N/N/N/N/G/H/X/O/F/X/{0}	{0}
Global subroutine: Deluxe CAFE init1	4	unchanged	X/O/R/R/K/K/K/O/Y/Y/Y/Y/F/F/N/N/R/R/K/K/Y/Y/F/N/N/X/X/A/A/C/C/Q/Q/Y/Y/N/N/X/X/A/A/{0}	X/O/R/R/K/K/K/O/Y/Y/Y/Y/F/F/N/N/R/R/K/K/Y/Y/F/N/N/X/X/A/A/C/C/Q/Q/Y/Y/N/N/X/X/A/A/{0}	{0}
Global subroutine: Deluxe CAFE init1	5	unchanged	N/R/K/Y/F/F/F/R/R/R/R/Y/Y/P/P/Y/H/H/R/R/H/H/A/M/M/O/P/P/S/S/S/S/S/N/O/O/A/A/A/M/X/{0}	N/R/K/Y/F/F/F/R/R/R/R/Y/Y/P/P/Y/H/H/R/R/H/H/A/M/M/O/P/P/S/S/S/S/S/N/O/O/A/A/A/M/X/{0}	{0}
Global subroutine: Deluxe CAFE init1	6	unchanged	S/S/M/O/P/O/H/Q/Q/Q/S/S/K/K/Q/Q/C/C/F/F/F/P/L/L/L/S/P/O/N/S/S/X/H/Q/N/N/E/E/O/S/L/{0}	S/S/M/O/P/O/H/Q/Q/Q/S/S/K/K/Q/Q/C/C/F/F/F/P/L/L/L/S/P/O/N/S/S/X/H/Q/N/N/E/E/O/S/L/{0}	{0}
Global subroutine: Deluxe CAFE init1	7	unchanged	L/L/L/L/K/O/M/M/P/F/F/O/O/P/L/O/C/O/M/P/Y/O/A/Y/Y/Y/M/M/F/C/C/M/Y/Y/M/M/Y/M/P/P/P/{0}	L/L/L/L/K/O/M/M/P/F/F/O/O/P/L/O/C/O/M/P/Y/O/A/Y/Y/Y/M/M/F/C/C/M/Y/Y/M/M/Y/M/P/P/P/{0}	{0}
Global subroutine: Deluxe CAFE init1	8	unchanged	Y/Y/R/R/K/K/M/N/R/S/G/X/N/R/S/G/X/J/J/K/F/Y/L/F/F/F/F/C/O/O/M/R/R/C/C/K/K/O/M/H/O/{0}	Y/Y/R/R/K/K/M/N/R/S/G/X/N/R/S/G/X/J/J/K/F/Y/L/F/F/F/F/C/O/O/M/R/R/C/C/K/K/O/M/H/O/{0}	{0}
Global subroutine: Deluxe CAFE init1	9	unchanged	H/R/C/K/A/Y/S/F/H/F/Y/Y/Y/O/C/C/X/X/C/C/O/O/O/O/Y/C/R/K/Y/W	H/R/C/K/A/Y/S/F/H/F/Y/Y/Y/O/C/C/X/X/C/C/O/O/O/O/Y/C/R/K/Y/W	
Global subroutine: Deluxe CAFE init1	10	unchanged	/	/	
Global subroutine: Deluxe CAFE init1	11	unchanged	D/R/M/Y/W/L/G/H/T/S/C/F/V/O/A/P/B/N/Q/X/Z/U/E/J/K	D/R/M/Y/W/L/G/H/T/S/C/F/V/O/A/P/B/N/Q/X/Z/U/E/J/K	
Global subroutine: Deluxe CAFE init1	12	unchanged	/	/	
Global subroutine: Deluxe CAFE init1	13	unchanged	Burnt Food/Butter Knife/Carbon-Steel Knife/Portable Knife/Sharp Knife/Genji's Dagg{0}	Burnt Food/Butter Knife/Carbon-Steel Knife/Portable Knife/Sharp Knife/Genji's Dagg{0}	{0}
Global subroutine: Deluxe CAFE init1	14	unchanged	er/Kitchen Knife/Head Chef's Knife/Energy Drink/Suspicious Drinks/Jump Boots/Seaso{0}	er/Kitchen Knife/Head Chef's Knife/Energy Drink/Suspicious Drinks/Jump Boots/Seaso{0}	{0}
Global subroutine: Deluxe CAFE init1	15	unchanged	ning Packets/Vacuum/Dash Boots/Teleport Spell/Food Dupe Spell/Gas Torch/ServingBal{0}	ning Packets/Vacuum/Dash Boots/Teleport Spell/Food Dupe Spell/Gas Torch/ServingBal{0}	{0}
Global subroutine: Deluxe CAFE init1	16	unchanged	l/$100/Food Box/Freeze Gun/Coffee Beans/Ground Coffee/Espresso/Americano/Iced Amer{0}	l/$100/Food Box/Freeze Gun/Coffee Beans/Ground Coffee/Espresso/Americano/Iced Amer{0}	{0}
Global subroutine: Deluxe CAFE init1	17	unchanged	icano/Milk/Steamed Milk/Latte/Iced Latte/Vanilla Syrup/Vanilla Latte/Iced Vanilla {0}	icano/Milk/Steamed Milk/Latte/Iced Latte/Vanilla Syrup/Vanilla Latte/Iced Vanilla {0}	{0}
Global subroutine: Deluxe CAFE init1	18	unchanged	Latte/Caramel Syrup/Caramel Macchiato/Iced Caramel Macchiato/Chocolate Syrup/Mocha{0}	Latte/Caramel Syrup/Caramel Macchiato/Iced Caramel Macchiato/Chocolate Syrup/Mocha{0}	{0}
Global subroutine: Deluxe CAFE init1	19	unchanged	/Iced Mocha/Coffee Frappe/Frozen Milk/Shaved Ice Base/Sweet Red Beans/Red Bean Sha{0}	/Iced Mocha/Coffee Frappe/Frozen Milk/Shaved Ice Base/Sweet Red Beans/Red Bean Sha{0}	{0}
Global subroutine: Deluxe CAFE init1	20	unchanged	ved Ice/Soybean Powder/Injeolmi Shaved Ice/Red Bean Injeolmi Shaved Ice/Strawberry{0}	ved Ice/Soybean Powder/Injeolmi Shaved Ice/Red Bean Injeolmi Shaved Ice/Strawberry{0}	{0}
Global subroutine: Deluxe CAFE init1	21	unchanged	/Sliced Strawberry/Strawberry Shaved Ice/Chocolate Shaved Ice/Strawberry Chocolate{0}	/Sliced Strawberry/Strawberry Shaved Ice/Chocolate Shaved Ice/Strawberry Chocolate{0}	{0}
Global subroutine: Deluxe CAFE init1	22	unchanged	 Shaved Ice/Matcha Powder/Matcha Shaved Ice/Matcha Red Bean Shaved Ice/Matcha Choc{0}	 Shaved Ice/Matcha Powder/Matcha Shaved Ice/Matcha Red Bean Shaved Ice/Matcha Choc{0}	{0}
Global subroutine: Deluxe CAFE init1	23	unchanged	olate Shaved Ice/Chocolate/Chocolate Chips/Melted Chocolate/Chocolate Milk/Mint Sy{0}	olate Shaved Ice/Chocolate/Chocolate Chips/Melted Chocolate/Chocolate Milk/Mint Sy{0}	{0}
Global subroutine: Deluxe CAFE init1	24	unchanged	rup/Mint Chocolate Milk/Cookie Dough/Cookie/Chocolate Chip Cookie Dough/Chocolate {0}	rup/Mint Chocolate Milk/Cookie Dough/Cookie/Chocolate Chip Cookie Dough/Chocolate {0}	{0}
Global subroutine: Deluxe CAFE init1	25	unchanged	Chip Cookie/Chocolate Cookie Dough/Chocolate Cookie/Almond	Chip Cookie/Chocolate Cookie Dough/Chocolate Cookie/Almond	
Global subroutine: Deluxe CAFE init1	26	unchanged	/	/	
Global subroutine: Deluxe CAFE init1	27	unchanged	Sliced Almonds/Roasted Almonds/Almond Chocolate/Whole Almond Cookie Dough/Whole Al{0}	Sliced Almonds/Roasted Almonds/Almond Chocolate/Whole Almond Cookie Dough/Whole Al{0}	{0}
Global subroutine: Deluxe CAFE init1	28	unchanged	mond Cookie/Almond Cookie Dough/Almond Cookie/Almond Choco Chip Cookie Dough/Almon{0}	mond Cookie/Almond Cookie Dough/Almond Cookie/Almond Choco Chip Cookie Dough/Almon{0}	{0}
Global subroutine: Deluxe CAFE init1	29	unchanged	d Choco Chip Cookie/Iced Chocolate/Chocolate Frappe/Iced Mint Chocolate/Mint Choco{0}	d Choco Chip Cookie/Iced Chocolate/Chocolate Frappe/Iced Mint Chocolate/Mint Choco{0}	{0}
Global subroutine: Deluxe CAFE init1	30	unchanged	late Frappe/Stretched Bread Dough/Bagel Dough/Bagel/Sugar/Melted Sugar/Hotteok Bat{0}	late Frappe/Stretched Bread Dough/Bagel Dough/Bagel/Sugar/Melted Sugar/Hotteok Bat{0}	{0}
Global subroutine: Deluxe CAFE init1	31	unchanged	ter/Hotteok/Donut/Sugar Donut/Glazed Donut/Mashed Strawberry/Strawberry+Sugar/Stra{0}	ter/Hotteok/Donut/Sugar Donut/Glazed Donut/Mashed Strawberry/Strawberry+Sugar/Stra{0}	{0}
Global subroutine: Deluxe CAFE init1	32	unchanged	wberry Jam/Strawberry Jam Donut/Choco Donut/Whipped Cream/Whipped Cream Donut/Stra{0}	wberry Jam/Strawberry Jam Donut/Choco Donut/Whipped Cream/Whipped Cream Donut/Stra{0}	{0}
Global subroutine: Deluxe CAFE init1	33	unchanged	wberry Cream/Strawberry Cream Donut/Chocolate Cream/Chocolate Cream Donut/Matcha C{0}	wberry Cream/Strawberry Cream Donut/Chocolate Cream/Chocolate Cream Donut/Matcha C{0}	{0}
Global subroutine: Deluxe CAFE init1	34	unchanged	ream/Matcha Cream Donut/Tea Leaves/Matcha+Water/Matcha/Oolong Tea Leaves/Oolong Te{0}	ream/Matcha Cream Donut/Tea Leaves/Matcha+Water/Matcha/Oolong Tea Leaves/Oolong Te{0}	{0}
Global subroutine: Deluxe CAFE init1	35	unchanged	a Leaves+Water/Oolong Tea/Brewed Tea Leaves/Black Tea Leaves/Black Tea Leaves+Wate{0}	a Leaves+Water/Oolong Tea/Brewed Tea Leaves/Black Tea Leaves/Black Tea Leaves+Wate{0}	{0}
Global subroutine: Deluxe CAFE init1	36	unchanged	r/Black Tea/Herbs/Dried Herbs/Herbs+Water/Herbal Tea/Iced Tea/Milk+Sugar/Boiled Wa{0}	r/Black Tea/Herbs/Dried Herbs/Herbs+Water/Herbal Tea/Iced Tea/Milk+Sugar/Boiled Wa{0}	{0}
Global subroutine: Deluxe CAFE init1	37	unchanged	ter/Brown Sugar Pearls/Milk Tea/Matcha Milk Tea/Oolong Milk Tea/Herbal Milk Tea/Ta{0}	ter/Brown Sugar Pearls/Milk Tea/Matcha Milk Tea/Oolong Milk Tea/Herbal Milk Tea/Ta{0}	{0}
Global subroutine: Deluxe CAFE init1	38	unchanged	pioca Pearls/Cooked Tapioca Pearls/Bubble Tea/Matcha Bubble Tea/Oolong Bubble Tea/{0}	pioca Pearls/Cooked Tapioca Pearls/Bubble Tea/Matcha Bubble Tea/Oolong Bubble Tea/{0}	{0}
Global subroutine: Deluxe CAFE init1	39	unchanged	Herbal Bubble Tea/Sugar Water/Sugar Syrup/Brown Sugar Milk Tea	Herbal Bubble Tea/Sugar Water/Sugar Syrup/Brown Sugar Milk Tea	
Global subroutine: Deluxe CAFE init1	40	unchanged	/	/	
Global subroutine: Deluxe CAFE init1	41	unchanged	Brown Sugar Bubble Tea/Almond Flour/Egg/Peeled Egg/Egg White/Egg Yolk/Mixed Egg/Bu{0}	Brown Sugar Bubble Tea/Almond Flour/Egg/Peeled Egg/Egg White/Egg Yolk/Mixed Egg/Bu{0}	{0}
Global subroutine: Deluxe CAFE init1	42	unchanged	tter/Mashed Butter/Custard Cream/Pudding/Crème Brûlée/Butter Filling/Matcha Fillin{0}	tter/Mashed Butter/Custard Cream/Pudding/Crème Brûlée/Butter Filling/Matcha Fillin{0}	{0}
Global subroutine: Deluxe CAFE init1	43	unchanged	g/Black Tea Powder/Earl Grey Filling/Egg White+Sugar/Meringue/Meringue Cookie/Maca{0}	g/Black Tea Powder/Earl Grey Filling/Egg White+Sugar/Meringue/Meringue Cookie/Maca{0}	{0}
Global subroutine: Deluxe CAFE init1	44	unchanged	ron Batter/Macaron Shells/Macaron/Matcha Macaron/Earl Grey Macaron/Soufflé Batter/{0}	ron Batter/Macaron Shells/Macaron/Matcha Macaron/Earl Grey Macaron/Soufflé Batter/{0}	{0}
Global subroutine: Deluxe CAFE init1	45	unchanged	Soufflé Pancake/Creamed Butter/Butter+Egg Yolk/Egg Cookie Dough/Egg Cookie/Frozen {0}	Soufflé Pancake/Creamed Butter/Butter+Egg Yolk/Egg Cookie Dough/Egg Cookie/Frozen {0}	{0}
Global subroutine: Deluxe CAFE init1	46	unchanged	Strawberry/Strawberry Juice/Blueberry/Frozen Blueberry/Blueberry Juice/Mango/Slice{0}	Strawberry/Strawberry Juice/Blueberry/Frozen Blueberry/Blueberry Juice/Mango/Slice{0}	{0}
Global subroutine: Deluxe CAFE init1	47	unchanged	d Mango/Frozen Mango/Mango Juice/Banana/Peeled Banana/Frozen Banana/Yogurt Powder/{0}	d Mango/Frozen Mango/Mango Juice/Banana/Peeled Banana/Frozen Banana/Yogurt Powder/{0}	{0}
Global subroutine: Deluxe CAFE init1	48	unchanged	Yogurt+Milk/Strawberry+Milk/Strawberry Smoothie/Blueberry+Milk/Blueberry Smoothie/{0}	Yogurt+Milk/Strawberry+Milk/Strawberry Smoothie/Blueberry+Milk/Blueberry Smoothie/{0}	{0}
Global subroutine: Deluxe CAFE init1	49	unchanged	Mango+Milk/Mango Smoothie/Banana+Milk/Strawberry+Banana+Milk/Strawberry Banana Smo{0}	Mango+Milk/Mango Smoothie/Banana+Milk/Strawberry+Banana+Milk/Strawberry Banana Smo{0}	{0}
Global subroutine: Deluxe CAFE init1	50	unchanged	othie/Mango+Banana+Milk/Mango Banana Smoothie/Strawberry+Blueberry+Milk/Mixed Berr{0}	othie/Mango+Banana+Milk/Mango Banana Smoothie/Strawberry+Blueberry+Milk/Mixed Berr{0}	{0}
Global subroutine: Deluxe CAFE init1	51	unchanged	y Smoothie/Strawberry+Yogurt/Strawberry Yogurt Smoothie/Blueberry+Yogurt/Blueberry{0}	y Smoothie/Strawberry+Yogurt/Strawberry Yogurt Smoothie/Blueberry+Yogurt/Blueberry{0}	{0}
Global subroutine: Deluxe CAFE init1	52	unchanged	 Yogurt Smoothie/Mango+Yogurt/Mango Yogurt Smoothie/Strawberry+Banana+Yogurt/Straw{0}	 Yogurt Smoothie/Mango+Yogurt/Mango Yogurt Smoothie/Strawberry+Banana+Yogurt/Straw{0}	{0}
Global subroutine: Deluxe CAFE init1	53	unchanged	berry Banana Yogurt Smoothie/Mango+Banana+Yogurt	berry Banana Yogurt Smoothie/Mango+Banana+Yogurt	
Global subroutine: Deluxe CAFE init1	54	unchanged	/	/	
Global subroutine: Deluxe CAFE init1	55	unchanged	Mango Banana Yogurt Smoothie/Strawberry+Blueberry+Yogurt/Mixed Berry Yogurt Smooth{0}	Mango Banana Yogurt Smoothie/Strawberry+Blueberry+Yogurt/Mixed Berry Yogurt Smooth{0}	{0}
Global subroutine: Deluxe CAFE init1	56	unchanged	ie/Yogurt Ice Cream/Strawberry Yogurt Ice Cream/Blueberry Yogurt Ice Cream/Mango Y{0}	ie/Yogurt Ice Cream/Strawberry Yogurt Ice Cream/Blueberry Yogurt Ice Cream/Mango Y{0}	{0}
Global subroutine: Deluxe CAFE init1	57	unchanged	ogurt Ice Cream/Banana+Yogurt/Banana Yogurt Ice Cream/Bread Dough/Tomato/Sliced To{0}	ogurt Ice Cream/Banana+Yogurt/Banana Yogurt Ice Cream/Bread Dough/Tomato/Sliced To{0}	{0}
Global subroutine: Deluxe CAFE init1	58	unchanged	mato/Mashed Tomato/Tomato Sauce/Cheese/Sliced Cheese/Muffin/Egg Bread/Cheese+Dough{0}	mato/Mashed Tomato/Tomato Sauce/Cheese/Sliced Cheese/Muffin/Egg Bread/Cheese+Dough{0}	{0}
Global subroutine: Deluxe CAFE init1	59	unchanged	/Cheese Bread/Cheese Pancake/Tomato+Dough/Tomato+Cheese+Dough/Pizza Bread/Pizza Pa{0}	/Cheese Bread/Cheese Pancake/Tomato+Dough/Tomato+Cheese+Dough/Pizza Bread/Pizza Pa{0}	{0}
Global subroutine: Deluxe CAFE init1	60	unchanged	ncake/Sweet Red Bean+Dough/Sweet Red Bean Bread/Sweet Bean Pancake/Custard Cream+D{0}	ncake/Sweet Red Bean+Dough/Sweet Red Bean Bread/Sweet Bean Pancake/Custard Cream+D{0}	{0}
Global subroutine: Deluxe CAFE init1	61	unchanged	ough/Cream Bread/Custard Pancake/Chocolate Chips+Dough/Choco Chip Bread/Chocolate {0}	ough/Cream Bread/Custard Pancake/Chocolate Chips+Dough/Choco Chip Bread/Chocolate {0}	{0}
Global subroutine: Deluxe CAFE init1	62	unchanged	Pancake/Chocolate Batter/Chocolate Bread/Condensed Milk/Condensed Milk Latte/Iced {0}	Pancake/Chocolate Batter/Chocolate Bread/Condensed Milk/Condensed Milk Latte/Iced {0}	{0}
Global subroutine: Deluxe CAFE init1	63	unchanged	Condensed Milk Latte/Condensed Milk Red Bean Shaved Ice/Red Bean Butter Bun/Red Be{0}	Condensed Milk Latte/Condensed Milk Red Bean Shaved Ice/Red Bean Butter Bun/Red Be{0}	{0}
Global subroutine: Deluxe CAFE init1	64	unchanged	an Butter Dough/Red Bean Butter Pancake/Vanilla Cream/Chocolate Cookie+Vanilla Cre{0}	an Butter Dough/Red Bean Butter Pancake/Vanilla Cream/Chocolate Cookie+Vanilla Cre{0}	{0}
Global subroutine: Deluxe CAFE init1	65	unchanged	am/Oreo/Cinnamon Powder/Cinnamon Cookie Dough/Cinnamon Cookie/Mango Shaved Ice/Cre{0}	am/Oreo/Cinnamon Powder/Cinnamon Cookie Dough/Cinnamon Cookie/Mango Shaved Ice/Cre{0}	{0}
Global subroutine: Deluxe CAFE init1	66	unchanged	am Donut/Taro Powder/Taro Milk Tea/Taro Bubble Tea/Chocolate Milk Tea/Chocolate Bu{0}	am Donut/Taro Powder/Taro Milk Tea/Taro Bubble Tea/Chocolate Milk Tea/Chocolate Bu{0}	{0}
Global subroutine: Deluxe CAFE init1	67	unchanged	bble Tea/Blueberry+Sugar/Blueberry Jam/Blueberry Filling	bble Tea/Blueberry+Sugar/Blueberry Jam/Blueberry Filling	
Global subroutine: Deluxe CAFE init1	68	unchanged	/	/	
Global subroutine: Deluxe CAFE init1	69	unchanged	Blueberry Macaron/Strawberry Filling/Strawberry Macaron/Cream Cheese/Cream Cheese {0}	Blueberry Macaron/Strawberry Filling/Strawberry Macaron/Cream Cheese/Cream Cheese {0}	{0}
Global subroutine: Deluxe CAFE init1	70	unchanged	Filling/Cream Cheese Macaron/Caramel Pudding/Melon/Sliced Melon/Melon Shaved Ice/C{0}	Filling/Cream Cheese Macaron/Caramel Pudding/Melon/Sliced Melon/Melon Shaved Ice/C{0}	{0}
Global subroutine: Deluxe CAFE init1	71	unchanged	offee Cubes/Coffee Cube Latte/Iced Tea (Extra Shot)/Marshmallow/Marshmallow+Choco {0}	offee Cubes/Coffee Cube Latte/Iced Tea (Extra Shot)/Marshmallow/Marshmallow+Choco {0}	{0}
Global subroutine: Deluxe CAFE init1	72	unchanged	Cookie Dough/Marshmallow Choco Cookie/Marshmallow+Cookie Dough/Marshmallow Cookie/{0}	Cookie Dough/Marshmallow Choco Cookie/Marshmallow+Cookie Dough/Marshmallow Cookie/{0}	{0}
Global subroutine: Deluxe CAFE init1	73	unchanged	Blueberry Jam Donut/Yogurt Cream/Yogurt Cream Donut/Glutinous Rice Flour/Glutinous{0}	Blueberry Jam Donut/Yogurt Cream/Yogurt Cream Donut/Glutinous Rice Flour/Glutinous{0}	{0}
Global subroutine: Deluxe CAFE init1	74	unchanged	 Rice Dough/Glutinous Rice Donut/Chocolate Yogurt Ice Cream/Frozen Melon/Melon+Mil{0}	 Rice Dough/Glutinous Rice Donut/Chocolate Yogurt Ice Cream/Frozen Melon/Melon+Mil{0}	{0}
Global subroutine: Deluxe CAFE init1	75	unchanged	k/Melon Smoothie/Melon+Yogurt+Milk/Melon Yogurt Smoothie/Frozen Grapes/Red Bean+In{0}	k/Melon Smoothie/Melon+Yogurt+Milk/Melon Yogurt Smoothie/Frozen Grapes/Red Bean+In{0}	{0}
Global subroutine: Deluxe CAFE init1	76	unchanged	jeolmi+Dough/Injeolmi Red Bean Pancake/Fried Bread/Twisted Donut/Cream Cheese Donu{0}	jeolmi+Dough/Injeolmi Red Bean Pancake/Fried Bread/Twisted Donut/Cream Cheese Donu{0}	{0}
Global subroutine: Deluxe CAFE init1	77	unchanged	t/Cream Cheese Bagel/Walnut/Walnut+Red Bean+Dough/Walnut Cake/Matcha+Milk+Sugar/Oo{0}	t/Cream Cheese Bagel/Walnut/Walnut+Red Bean+Dough/Walnut Cake/Matcha+Milk+Sugar/Oo{0}	{0}
Global subroutine: Deluxe CAFE init1	78	unchanged	long Tea Leaves+Milk+Sugar/Black Tea Leaves+Milk+Sugar/Dried Herbs+Milk+Sugar/Cinn{0}	long Tea Leaves+Milk+Sugar/Black Tea Leaves+Milk+Sugar/Dried Herbs+Milk+Sugar/Cinn{0}	{0}
Global subroutine: Deluxe CAFE init1	79	unchanged	amon Sugar/Churros/Cheese+Glutinous Rice Dough/Cheese Ball/Bacon/Fried Egg/Scrambl{0}	amon Sugar/Churros/Cheese+Glutinous Rice Dough/Cheese Ball/Bacon/Fried Egg/Scrambl{0}	{0}
Global subroutine: Deluxe CAFE init1	80	unchanged	ed Eggs/Omelette/Grilled Bacon/Bacon & Eggs/Boiled Egg/Strawberry Jam Bagel/Strawb{0}	ed Eggs/Omelette/Grilled Bacon/Bacon & Eggs/Boiled Egg/Strawberry Jam Bagel/Strawb{0}	{0}
Global subroutine: Deluxe CAFE init1	81	unchanged	erry Jam Muffin/Muffin+Bacon/Muffin+Egg/Muffin+Cheese	erry Jam Muffin/Muffin+Bacon/Muffin+Egg/Muffin+Cheese	
Global subroutine: Deluxe CAFE init1	82	unchanged	/	/	
Global subroutine: Deluxe CAFE init1	83	unchanged	Muffin+Bacon+Egg/Muffin+Bacon+Cheese/Muffin+Egg+Cheese/Muffin+Bacon+Egg+Cheese/Bac{0}	Muffin+Bacon+Egg/Muffin+Bacon+Cheese/Muffin+Egg+Cheese/Muffin+Bacon+Egg+Cheese/Bac{0}	{0}
Global subroutine: Deluxe CAFE init1	84	unchanged	on Egg Muffin/Egg Muffin/Bacon Muffin/Scrambled Eggs+Cheese/Cheese Omelette/Strawb{0}	on Egg Muffin/Egg Muffin/Bacon Muffin/Scrambled Eggs+Cheese/Cheese Omelette/Strawb{0}	{0}
Global subroutine: Deluxe CAFE init1	85	unchanged	erry Soufflé Pancake/Strawberry Cream Cheese Bagel/Blueberry Soufflé Pancake/Blueb{0}	erry Soufflé Pancake/Strawberry Cream Cheese Bagel/Blueberry Soufflé Pancake/Blueb{0}	{0}
Global subroutine: Deluxe CAFE init1	86	unchanged	erry Bagel Dough/Blueberry Bagel/Ice Cream/Strawberry Ice Cream/Chocolate Ice Crea{0}	erry Bagel Dough/Blueberry Bagel/Ice Cream/Strawberry Ice Cream/Chocolate Ice Crea{0}	{0}
Global subroutine: Deluxe CAFE init1	87	unchanged	m/Matcha Ice Cream/Vanilla Ice Cream/Milkshake/Strawberry Shake/Chocolate Shake/Ma{0}	m/Matcha Ice Cream/Vanilla Ice Cream/Milkshake/Strawberry Shake/Chocolate Shake/Ma{0}	{0}
Global subroutine: Deluxe CAFE init1	88	unchanged	tcha Shake/Vanilla Shake/Mint Chocolate Ice Cream/Mint Chocolate Shake/Blueberry P{0}	tcha Shake/Vanilla Shake/Mint Chocolate Ice Cream/Mint Chocolate Shake/Blueberry P{0}	{0}
Global subroutine: Deluxe CAFE init1	89	unchanged	arfait/Banana Parfait/Mango Parfait/Melon Parfait/Ice/Ice Water/Pie Dough/Tart Dou{0}	arfait/Banana Parfait/Mango Parfait/Melon Parfait/Ice/Ice Water/Pie Dough/Tart Dou{0}	{0}
Global subroutine: Deluxe CAFE init1	90	unchanged	gh/Apple/Sliced Apple/Raw Walnut Pie/Walnut Pie/Raw Strawberry Pie/Strawberry Pie/{0}	gh/Apple/Sliced Apple/Raw Walnut Pie/Walnut Pie/Raw Strawberry Pie/Strawberry Pie/{0}	{0}
Global subroutine: Deluxe CAFE init1	91	unchanged	Raw Apple Pie/Apple Pie/Raw Blueberry Pie/Blueberry Pie/Raw Walnut Tart/Walnut Tar{0}	Raw Apple Pie/Apple Pie/Raw Blueberry Pie/Blueberry Pie/Raw Walnut Tart/Walnut Tar{0}	{0}
Global subroutine: Deluxe CAFE init1	92	unchanged	t/Raw Egg Tart/Egg Tart/Baked Tart Shell/Strawberry Tart/Apple Tart/Blueberry Tart{0}	t/Raw Egg Tart/Egg Tart/Baked Tart Shell/Strawberry Tart/Apple Tart/Blueberry Tart{0}	{0}
Global subroutine: Deluxe CAFE init1	93	unchanged	/Mixed Berry Tart/Mango Tart/Chocolate Tart/Raw Cream Cheese Tart/Cream Cheese Tar{0}	/Mixed Berry Tart/Mango Tart/Chocolate Tart/Raw Cream Cheese Tart/Cream Cheese Tar{0}	{0}
Global subroutine: Deluxe CAFE init1	94	unchanged	t/Sparkling Water/Lemon/Sliced Lemon/Lemon Juice/Grapefruit/Sliced Grapefruit/Grap{0}	t/Sparkling Water/Lemon/Sliced Lemon/Lemon Juice/Grapefruit/Sliced Grapefruit/Grap{0}	{0}
Global subroutine: Deluxe CAFE init1	95	unchanged	efruit Juice/Lemon+Water/Lemon Tea/Grapefruit+Water/Grapefruit Tea	efruit Juice/Lemon+Water/Lemon Tea/Grapefruit+Water/Grapefruit Tea	
Global subroutine: Deluxe CAFE init1	96	unchanged	/	/	
Global subroutine: Deluxe CAFE init1	97	unchanged	Apple+Water/Apple Tea/Apple Juice/Apple Fizz/Lemon Fizz/Grapefruit Fizz/Strawberry{0}	Apple+Water/Apple Tea/Apple Juice/Apple Fizz/Lemon Fizz/Grapefruit Fizz/Strawberry{0}	{0}
Global subroutine: Deluxe CAFE init1	98	unchanged	 Fizz/Blueberry Fizz/Mango Fizz/Water	 Fizz/Blueberry Fizz/Mango Fizz/Water	
Global subroutine: Deluxe CAFE init1	99	unchanged	/	/	
Global subroutine: Deluxe CAFE init1	100	unchanged	0/0/0/0/0/0/0/0/0/0/0/0/0/0/0/0/0/0/0/0/0/0/0/3/4/5/0/0/4/5/0/5/6/0/5/6/0/5/6/6/0/{0}	0/0/0/0/0/0/0/0/0/0/0/0/0/0/0/0/0/0/0/0/0/0/0/3/4/5/0/0/4/5/0/5/6/0/5/6/0/5/6/6/0/{0}	{0}
Global subroutine: Deluxe CAFE init1	101	unchanged	0/0/4/0/4/5/0/0/5/4/5/0/4/5/5/0/0/0/4/0/4/0/3/0/4/0/5/0/0/0/4/0/3/0/4/0/5/6/7/6/7/{0}	0/0/4/0/4/5/0/0/5/4/5/0/4/5/5/0/0/0/4/0/4/0/3/0/4/0/5/0/0/0/4/0/3/0/4/0/5/6/7/6/7/{0}	{0}
Global subroutine: Deluxe CAFE init1	102	unchanged	0/0/4/0/0/0/4/3/3/4/0/0/3/5/4/0/0/0/5/0/5/0/4/0/0/3/0/0/4/0/0/0/4/0/0/0/4/4/0/0/0/{0}	0/0/4/0/0/0/4/3/3/4/0/0/3/5/4/0/0/0/5/0/5/0/4/0/0/3/0/0/4/0/0/0/4/0/0/0/4/4/0/0/0/{0}	{0}
Global subroutine: Deluxe CAFE init1	103	unchanged	5/4/5/5/0/0/6/5/6/6/0/0/7/8/0/0/0/0/0/0/0/0/0/3/4/0/0/0/0/0/0/4/0/5/7/8/9/0/5/0/0/{0}	5/4/5/5/0/0/6/5/6/6/0/0/7/8/0/0/0/0/0/0/0/0/0/3/4/0/0/0/0/0/0/4/0/5/7/8/9/0/5/0/0/{0}	{0}
Global subroutine: Deluxe CAFE init1	104	unchanged	0/6/0/3/0/0/6/0/0/0/7/0/0/0/0/0/0/4/0/4/0/5/0/0/6/0/7/0/6/0/5/0/5/0/6/0/7/0/8/0/7/{0}	0/6/0/3/0/0/6/0/0/0/7/0/0/0/0/0/0/4/0/4/0/5/0/0/6/0/7/0/6/0/5/0/5/0/6/0/7/0/8/0/7/{0}	{0}
Global subroutine: Deluxe CAFE init1	105	unchanged	5/6/5/6/0/6/0/0/0/0/0/0/0/3/3/0/4/4/0/0/6/6/0/4/4/0/4/4/0/5/5/0/5/0/7/8/7/0/0/8/0/{0}	5/6/5/6/0/6/0/0/0/0/0/0/0/3/3/0/4/4/0/0/6/6/0/4/4/0/4/4/0/5/5/0/5/0/7/8/7/0/0/8/0/{0}	{0}
Global subroutine: Deluxe CAFE init1	106	unchanged	0/9/0/0/7/8/7/0/7/8/9/9/0/0/0/9/0/9/0/0/9/7/0/0/9/0/9/9/6/0/8/0/7/9/0/8/0/0/7/9/0/{0}	0/9/0/0/7/8/7/0/7/8/9/9/0/0/0/9/0/9/0/0/9/7/0/0/9/0/9/9/6/0/8/0/7/9/0/8/0/0/7/9/0/{0}	{0}
Global subroutine: Deluxe CAFE init1	107	unchanged	0/8/0/9/0/0/8/0/7/7/8/0/0/8/0/0/0/0/0/8/0/9/0/3/3/4/3/4/3/6/5/0/0/0/0/0/0/0/8/7/7/{0}	0/8/0/9/0/0/8/0/7/7/8/0/0/8/0/0/0/0/0/8/0/9/0/3/3/4/3/4/3/6/5/0/0/0/0/0/0/0/8/7/7/{0}	{0}
Global subroutine: Deluxe CAFE init1	108	unchanged	0/4/6/9/9/0/8/3/3/4/3/3/4/4/5/4/4/7/8/7/8/8/9/0/3/0/0/0/0/0/4/0/5/0/4/0/4/0/4/0/4/{0}	0/4/6/9/9/0/8/3/3/4/3/3/4/4/5/4/4/7/8/7/8/8/9/0/3/0/0/0/0/0/4/0/5/0/4/0/4/0/4/0/4/{0}	{0}
Global subroutine: Deluxe CAFE init1	109	unchanged	0/5/5/4/6/8/8/0/9/0/0/0/0/0/0/4/0/4/0/4/0/4/4/5/4/5/4/7/8/0	0/5/5/4/6/8/8/0/9/0/0/0/0/0/0/4/0/4/0/4/0/4/4/5/4/5/4/7/8/0	
Global subroutine: Deluxe CAFE init1	110	unchanged	/	/	
Global subroutine: Deluxe CAFE init1	111	unchanged	0/1/2/3/4/5/6/7/8/9	0/1/2/3/4/5/6/7/8/9	
Global subroutine: Deluxe CAFE init1	112	unchanged	/	/	
Global subroutine: Deluxe CAFE init1	113	unchanged	0/1/2/3/4/5/6/7/8/9/10/11/12/13/14/15/16/17/18/19/20/21/22/23/24/25/26/27/28/29/30{0}	0/1/2/3/4/5/6/7/8/9/10/11/12/13/14/15/16/17/18/19/20/21/22/23/24/25/26/27/28/29/30{0}	{0}
Global subroutine: Deluxe CAFE init1	114	unchanged	/31/32/33/34/35/36/37/38/39/40/41/42/43/44/45/46/47/48/49/50/51/52/53/54/55/56/57/{0}	/31/32/33/34/35/36/37/38/39/40/41/42/43/44/45/46/47/48/49/50/51/52/53/54/55/56/57/{0}	{0}
Global subroutine: Deluxe CAFE init1	115	unchanged	58/59/60/61/62/63/64/65/66/67/68/69/70/71/72/73/74/75/76/77/78/79/80/81/82/83/84/8{0}	58/59/60/61/62/63/64/65/66/67/68/69/70/71/72/73/74/75/76/77/78/79/80/81/82/83/84/8{0}	{0}
Global subroutine: Deluxe CAFE init1	116	unchanged	5/86/87/88/89/90/91/92/93/94/95/96/97/98/99/100/101/102/103/104/105/106/107/108/10{0}	5/86/87/88/89/90/91/92/93/94/95/96/97/98/99/100/101/102/103/104/105/106/107/108/10{0}	{0}
Global subroutine: Deluxe CAFE init1	117	unchanged	9/110/111/112/113/114/115/116/117/118/119/120/121/122/123/124/125/126/127/128/129/{0}	9/110/111/112/113/114/115/116/117/118/119/120/121/122/123/124/125/126/127/128/129/{0}	{0}
Global subroutine: Deluxe CAFE init1	118	unchanged	130/131/132/133/134/135/136/137/138/139/140/141/142/143/144/145/146/147/148/149/15{0}	130/131/132/133/134/135/136/137/138/139/140/141/142/143/144/145/146/147/148/149/15{0}	{0}
Global subroutine: Deluxe CAFE init1	119	unchanged	0/151/152/153/154/155/156/157/158/159/160/161/162/163/164/165/166/167/168/169/170/{0}	0/151/152/153/154/155/156/157/158/159/160/161/162/163/164/165/166/167/168/169/170/{0}	{0}
Global subroutine: Deluxe CAFE init1	120	unchanged	171/172/173/174/175/176/177/178/179/180/181/182/183/184/185/186/187/188/189/190/19{0}	171/172/173/174/175/176/177/178/179/180/181/182/183/184/185/186/187/188/189/190/19{0}	{0}
Global subroutine: Deluxe CAFE init1	121	unchanged	1/192/193/194/195/196/197/198/199/200/201/202/203/204/205/206/207/208/209/210/211/{0}	1/192/193/194/195/196/197/198/199/200/201/202/203/204/205/206/207/208/209/210/211/{0}	{0}
Global subroutine: Deluxe CAFE init1	122	unchanged	212/213/214/215/216/217/218/219/220/221/222/223/224/225/226/227/228/229/230/231/23{0}	212/213/214/215/216/217/218/219/220/221/222/223/224/225/226/227/228/229/230/231/23{0}	{0}
Global subroutine: Deluxe CAFE init1	123	unchanged	2/233/234/235/236/237/238/239/240/241/242/243/244/245/246/247/248/249/250/251/252/{0}	2/233/234/235/236/237/238/239/240/241/242/243/244/245/246/247/248/249/250/251/252/{0}	{0}
Global subroutine: Deluxe CAFE init1	124	unchanged	253/254/255/256/257/258/259/260/261/262/263/264/265/266/267/268/269/270/271/272/27{0}	253/254/255/256/257/258/259/260/261/262/263/264/265/266/267/268/269/270/271/272/27{0}	{0}
Global subroutine: Deluxe CAFE init1	125	unchanged	3/274/275/276/277/278/279/280/281/282/283/284/285/286/287/288/289	3/274/275/276/277/278/279/280/281/282/283/284/285/286/287/288/289	
Global subroutine: Deluxe CAFE init1	126	unchanged	/	/	
Global subroutine: Deluxe CAFE init1	127	unchanged	290/291/292/293/294/295/296/297/298/299/300/301/302/303/304/305/306/307/308/309/31{0}	290/291/292/293/294/295/296/297/298/299/300/301/302/303/304/305/306/307/308/309/31{0}	{0}
Global subroutine: Deluxe CAFE init1	128	unchanged	0/311/312/313/314/315/316/317/318/319/320/321/322/323/324/325/326/327/328/329/330/{0}	0/311/312/313/314/315/316/317/318/319/320/321/322/323/324/325/326/327/328/329/330/{0}	{0}
Global subroutine: Deluxe CAFE init1	129	unchanged	331/332/333/334/335/336/337/338/339/340/341/342/343/344/345/346/347/348/349/350/35{0}	331/332/333/334/335/336/337/338/339/340/341/342/343/344/345/346/347/348/349/350/35{0}	{0}
Global subroutine: Deluxe CAFE init1	130	unchanged	1/352/353/354/355/356/357/358/359/360/361/362/363/364/365/366/367/368/369/370/371/{0}	1/352/353/354/355/356/357/358/359/360/361/362/363/364/365/366/367/368/369/370/371/{0}	{0}
Global subroutine: Deluxe CAFE init1	131	unchanged	372/373/374/375/376/377/378/379/380/381/382/383/384/385/386/387/388/389/390/391/39{0}	372/373/374/375/376/377/378/379/380/381/382/383/384/385/386/387/388/389/390/391/39{0}	{0}
Global subroutine: Deluxe CAFE init1	132	unchanged	2/393/394/395/396/397/398	2/393/394/395/396/397/398	
Global subroutine: Deluxe CAFE init1	133	unchanged	/	/	
Global subroutine: Deluxe CAFE init1	134	unchanged	99/99/99/99/99/99/99/99/99/99/99/99/99/99/99/99/99/99/99/99/99/3/99/99/99/99/99/99{0}	99/99/99/99/99/99/99/99/99/99/99/99/99/99/99/99/99/99/99/99/99/3/99/99/99/99/99/99{0}	{0}
Global subroutine: Deluxe CAFE init1	135	unchanged	/99/3/99/99/99/99/99/99/99/99/99/99/3/99/99/99/99/99/99/3/3/99/99/99/99/99/99/99/3{0}	/99/3/99/99/99/99/99/99/99/99/99/99/3/99/99/99/99/99/99/3/3/99/99/99/99/99/99/99/3{0}	{0}
Global subroutine: Deluxe CAFE init1	136	unchanged	/99/99/99/99/99/99/99/99/99/99/99/3/99/99/99/99/99/99/99/99/99/3/99/3/99/99/99/99/{0}	/99/99/99/99/99/99/99/99/99/99/99/3/99/99/99/99/99/99/99/99/99/3/99/3/99/99/99/99/{0}	{0}
Global subroutine: Deluxe CAFE init1	137	unchanged	99/99/99/99/99/99/99/3/99/99/99/99/99/99/99/99/99/99/99/99/3/99/99/99/99/99/99/3/9{0}	99/99/99/99/99/99/99/3/99/99/99/99/99/99/99/99/99/99/99/99/3/99/99/99/99/99/99/3/9{0}	{0}
Global subroutine: Deluxe CAFE init1	138	unchanged	9/99/99/99/99/99/99/99/99/99/99/99/99/99/99/99/99/99/99/99/99/99/99/99/99/1/1/99/9{0}	9/99/99/99/99/99/99/99/99/99/99/99/99/99/99/99/99/99/99/99/99/99/99/99/99/1/1/99/9{0}	{0}
Global subroutine: Deluxe CAFE init1	139	unchanged	9/99/99/99/99/99/99/99/99/99/99/99/99/99/99/99/99/99/99/99/99/99/99/99/99/99/99/3/{0}	9/99/99/99/99/99/99/99/99/99/99/99/99/99/99/99/99/99/99/99/99/99/99/99/99/99/99/3/{0}	{0}
Global subroutine: Deluxe CAFE init1	140	unchanged	99/99/4/3/99/99/3/99/99/99/99/3/99/3/99/3/99/99/3/99/3/99/3/99/3/99/3/99/3/99/3/99{0}	99/99/4/3/99/99/3/99/99/99/99/3/99/3/99/3/99/99/3/99/3/99/3/99/3/99/3/99/3/99/3/99{0}	{0}
Global subroutine: Deluxe CAFE init1	141	unchanged	/3/99/3/99/99/99/99/99/99/99/3/5/99/99/99/2/99/99/99/99/99/99/99/99/99/99/99/99/99{0}	/3/99/3/99/99/99/99/99/99/99/3/5/99/99/99/2/99/99/99/99/99/99/99/99/99/99/99/99/99{0}	{0}
Global subroutine: Deluxe CAFE init1	142	unchanged	/99/99/99/99/99/99/99/99/99/99/99/99/99/99/99/99/99/99/99/99/99/99/99/99/99/99/99/{0}	/99/99/99/99/99/99/99/99/99/99/99/99/99/99/99/99/99/99/99/99/99/99/99/99/99/99/99/{0}	{0}
Global subroutine: Deluxe CAFE init1	143	unchanged	99/99/99/99/99/99/99/99/99/99/99/6/99/99/99/99/99/99/99/99/99/99/99/99/99/99/99/99{0}	99/99/99/99/99/99/99/99/99/99/99/6/99/99/99/99/99/99/99/99/99/99/99/99/99/99/99/99{0}	{0}
Global subroutine: Deluxe CAFE init1	144	unchanged	/99/99/3/99/3/99/99/99/99/99/99/99/99/99/99/99/99/99/99/99/99/99/99/99/99/99/99/99{0}	/99/99/3/99/3/99/99/99/99/99/99/99/99/99/99/99/99/99/99/99/99/99/99/99/99/99/99/99{0}	{0}
Global subroutine: Deluxe CAFE init1	145	unchanged	/99/99/99/99/99/99/99/99/99/99/99/99/99/99/99/99/99/99/99/99/99/99/99/99/99/99/99/{0}	/99/99/99/99/99/99/99/99/99/99/99/99/99/99/99/99/99/99/99/99/99/99/99/99/99/99/99/{0}	{0}
Global subroutine: Deluxe CAFE init1	146	unchanged	99/99/99/99/99/99/99/99/99/99/99/99/99/1/99/4/3/99/99/99/99/99/99	99/99/99/99/99/99/99/99/99/99/99/99/99/1/99/4/3/99/99/99/99/99/99	
Global subroutine: Deluxe CAFE init1	147	unchanged	/	/	
Global subroutine: Deluxe CAFE init1	148	unchanged	99/99/99/99/99/99/99/99/99/99/99/99/99/99/99/99/3/3/99/4/3/99/99/99/99/99/99/99/99{0}	99/99/99/99/99/99/99/99/99/99/99/99/99/99/99/99/3/3/99/4/3/99/99/99/99/99/99/99/99{0}	{0}
Global subroutine: Deluxe CAFE init1	149	unchanged	/99/99/99/99/99/99/99	/99/99/99/99/99/99/99	
Global subroutine: Deluxe CAFE init1	150	unchanged	/	/	
Global subroutine: Deluxe CAFE init1	151	unchanged	0/0/0/0/0/0/0/0/0/0/0/0/0/0/0/0/0/0/0/0/0/22/0/0/0/0/0/0/0/39/0/0/0/0/0/0/0/0/0/0/{0}	0/0/0/0/0/0/0/0/0/0/0/0/0/0/0/0/0/0/0/0/0/22/0/0/0/0/0/0/0/39/0/0/0/0/0/0/0/0/0/0/{0}	{0}
Global subroutine: Deluxe CAFE init1	152	unchanged	41/0/0/0/0/0/0/48/167/0/0/0/0/0/0/0/57/0/0/0/0/0/0/0/0/0/0/0/69/0/0/0/0/0/0/0/0/0/{0}	41/0/0/0/0/0/0/48/167/0/0/0/0/0/0/0/57/0/0/0/0/0/0/0/0/0/0/0/69/0/0/0/0/0/0/0/0/0/{0}	{0}
Global subroutine: Deluxe CAFE init1	153	unchanged	79/0/81/0/0/0/0/0/0/0/0/0/0/0/167/0/0/0/0/0/0/0/0/0/0/0/0/52/0/0/0/0/0/0/150/0/0/0{0}	79/0/81/0/0/0/0/0/0/0/0/0/0/0/167/0/0/0/0/0/0/0/0/0/0/0/0/52/0/0/0/0/0/0/150/0/0/0{0}	{0}
Global subroutine: Deluxe CAFE init1	154	unchanged	/0/0/0/0/0/0/0/0/0/0/0/0/0/0/0/0/0/0/0/0/0/0/139/0/0/0/0/0/0/0/0/0/0/0/0/0/0/0/0/0{0}	/0/0/0/0/0/0/0/0/0/0/0/0/0/0/0/0/0/0/0/0/0/0/139/0/0/0/0/0/0/0/0/0/0/0/0/0/0/0/0/0{0}	{0}
Global subroutine: Deluxe CAFE init1	155	unchanged	/0/0/0/0/0/0/0/0/0/0/0/0/170/0/0/172/174/0/0/176/0/0/0/0/181/0/183/0/185/0/0/188/0{0}	/0/0/0/0/0/0/0/0/0/0/0/0/170/0/0/172/174/0/0/176/0/0/0/0/181/0/183/0/185/0/0/188/0{0}	{0}
Global subroutine: Deluxe CAFE init1	156	unchanged	/190/0/192/0/194/0/196/0/198/0/200/0/202/0/204/0/0/0/0/0/0/0/82/213/0/0/0/217/0/0/{0}	/190/0/192/0/194/0/196/0/198/0/200/0/202/0/204/0/0/0/0/0/0/0/82/213/0/0/0/217/0/0/{0}	{0}
Global subroutine: Deluxe CAFE init1	157	unchanged	0/0/0/0/0/0/0/0/0/0/0/0/0/0/0/0/0/0/0/0/0/0/0/0/0/0/0/0/0/0/0/0/0/0/0/0/0/0/0/0/0/{0}	0/0/0/0/0/0/0/0/0/0/0/0/0/0/0/0/0/0/0/0/0/0/0/0/0/0/0/0/0/0/0/0/0/0/0/0/0/0/0/0/0/{0}	{0}
Global subroutine: Deluxe CAFE init1	158	unchanged	0/0/0/0/0/0/0/0/269/0/0/0/0/0/0/0/0/0/0/0/0/0/0/0/0/0/0/288/0/290/0/0/0/0/0/0/0/0/{0}	0/0/0/0/0/0/0/0/269/0/0/0/0/0/0/0/0/0/0/0/0/0/0/0/0/0/0/288/0/290/0/0/0/0/0/0/0/0/{0}	{0}
Global subroutine: Deluxe CAFE init1	159	unchanged	0/0/0/0/0/0/0/0/0/0/0/0/0/0/0/0/0/0/0/0/0/0/0/0/0/0/0/0/0/0/0/0/0/0/0/0/0/0/0/0/0/{0}	0/0/0/0/0/0/0/0/0/0/0/0/0/0/0/0/0/0/0/0/0/0/0/0/0/0/0/0/0/0/0/0/0/0/0/0/0/0/0/0/0/{0}	{0}
Global subroutine: Deluxe CAFE init1	160	unchanged	0/0/0/0/0/0/0/0/0/0/0/0/0/0/0/0/356/391/0/0/0/0/0/0/0/0/0/0/0/0/0/0/0/0/0/0/0/0/0/{0}	0/0/0/0/0/0/0/0/0/0/0/0/0/0/0/0/356/391/0/0/0/0/0/0/0/0/0/0/0/0/0/0/0/0/0/0/0/0/0/{0}	{0}
Global subroutine: Deluxe CAFE init1	161	unchanged	0/380/381/0/383/384/0/0/0/0/0/0/0/0/0/0/0/0/0/0/0	0/380/381/0/383/384/0/0/0/0/0/0/0/0/0/0/0/0/0/0/0	
Global subroutine: Deluxe CAFE init1	162	unchanged	/	/	
Global subroutine: Deluxe CAFE init1	163	unchanged	99/10/10/10/10/10/10/10/10/10/10/10/10/10/10/10/10/10/10/10/10/5/5/5/5/5/5/5/5/5/5{0}	99/10/10/10/10/10/10/10/10/10/10/10/10/10/10/10/10/10/10/10/10/5/5/5/5/5/5/5/5/5/5{0}	{0}
Global subroutine: Deluxe CAFE init1	164	unchanged	/5/5/5/5/5/5/5/5/5/5/5/5/5/5/5/5/5/5/5/5/5/5/5/5/5/4/1/5/5/5/5/5/5/5/5/5/5/5/5/5/5{0}	/5/5/5/5/5/5/5/5/5/5/5/5/5/5/5/5/5/5/5/5/5/5/5/5/5/4/1/5/5/5/5/5/5/5/5/5/5/5/5/5/5{0}	{0}
Global subroutine: Deluxe CAFE init1	165	unchanged	/5/5/5/5/5/5/5/5/5/5/5/5/5/3/5/5/5/5/5/5/5/5/5/5/5/5/5/5/5/5/5/5/5/5/5/5/5/5/5/5/5{0}	/5/5/5/5/5/5/5/5/5/5/5/5/5/3/5/5/5/5/5/5/5/5/5/5/5/5/5/5/5/5/5/5/5/5/5/5/5/5/5/5/5{0}	{0}
Global subroutine: Deluxe CAFE init1	166	unchanged	/5/5/3/5/5/5/5/5/5/5/5/5/5/5/5/5/5/5/5/5/5/5/5/5/5/5/5/5/5/5/5/5/5/5/5/5/5/5/5/5/5{0}	/5/5/3/5/5/5/5/5/5/5/5/5/5/5/5/5/5/5/5/5/5/5/5/5/5/5/5/5/5/5/5/5/5/5/5/5/5/5/5/5/5{0}	{0}
Global subroutine: Deluxe CAFE init1	167	unchanged	/5/5/5/5/5/5/5/5/5/5/5/5/5/5/5/5/5/5/5/5/5/5/5/5/5/5/5/5/5/5/5/5/5/5/5/5/5/5/5/5/5{0}	/5/5/5/5/5/5/5/5/5/5/5/5/5/5/5/5/5/5/5/5/5/5/5/5/5/5/5/5/5/5/5/5/5/5/5/5/5/5/5/5/5{0}	{0}
Global subroutine: Deluxe CAFE init1	168	unchanged	/5/5/5/5/5/5/5/5/5/5/5/5/5/5/5/5/5/5/5/5/5/5/5/5/5/5/5/5/5/5/5/5/5/5/5/5/5/5/5/5/5{0}	/5/5/5/5/5/5/5/5/5/5/5/5/5/5/5/5/5/5/5/5/5/5/5/5/5/5/5/5/5/5/5/5/5/5/5/5/5/5/5/5/5{0}	{0}
Global subroutine: Deluxe CAFE init1	169	unchanged	/5/5/5/5/5/5/5/5/5/5/5/5/5/5/5/5/5/5/5/5/5/5/5/5/5/5/5/5/5/5/5/5/5/5/5/5/5/5/2/5/5{0}	/5/5/5/5/5/5/5/5/5/5/5/5/5/5/5/5/5/5/5/5/5/5/5/5/5/5/5/5/5/5/5/5/5/5/5/5/5/5/2/5/5{0}	{0}
Global subroutine: Deluxe CAFE init1	170	unchanged	/5/5/5/5/5/5/5/5/5/5/5/5/5/5/5/5/5/5/5/5/5/5/5/5/5/5/5/5/5/5/5/5/3/5/5/5/5/5/5/5/5{0}	/5/5/5/5/5/5/5/5/5/5/5/5/5/5/5/5/5/5/5/5/5/5/5/5/5/5/5/5/5/5/5/5/3/5/5/5/5/5/5/5/5{0}	{0}
Global subroutine: Deluxe CAFE init1	171	unchanged	/5/5/5/5/5/5/5/5/5/5/5/5/5/5/5/5/5/5/5/5/5/5/5/5/5/5/5/5/5/5/5/5/5/5/5/5/5/5/5/5/5{0}	/5/5/5/5/5/5/5/5/5/5/5/5/5/5/5/5/5/5/5/5/5/5/5/5/5/5/5/5/5/5/5/5/5/5/5/5/5/5/5/5/5{0}	{0}
Global subroutine: Deluxe CAFE init1	172	unchanged	/5/5/5/5/5/5/5/5/5/5/5/5/5/5/5/5/5/5/5/5/5/5/5/5/5/5/5/5/5/5/5/5/5/5/5/5/5/5/5/5	/5/5/5/5/5/5/5/5/5/5/5/5/5/5/5/5/5/5/5/5/5/5/5/5/5/5/5/5/5/5/5/5/5/5/5/5/5/5/5/5	
Global subroutine: Deluxe CAFE init1	173	unchanged	/	/	
Global subroutine: Deluxe CAFE init1	174	unchanged	0/0/0/0/0/0/0/0/0/0/0/0/0/0/0/0/0/0/0/0/0/0/0/0/0/0/0/0/0/0/0/0/0/0/0/0/0/0/0/0/0/{0}	0/0/0/0/0/0/0/0/0/0/0/0/0/0/0/0/0/0/0/0/0/0/0/0/0/0/0/0/0/0/0/0/0/0/0/0/0/0/0/0/0/{0}	{0}
Global subroutine: Deluxe CAFE init1	175	unchanged	0/0/0/0/0/0/0/0/0/0/0/0/0/0/0/58/58/0/0/0/0/63/0/65/0/67/0/0/0/0/0/73/0/75/0/77/0/{0}	0/0/0/0/0/0/0/0/0/0/0/0/0/0/0/58/58/0/0/0/0/63/0/65/0/67/0/0/0/0/0/73/0/75/0/77/0/{0}	{0}
Global subroutine: Deluxe CAFE init1	176	unchanged	0/0/0/0/0/84/0/86/0/0/0/0/0/0/0/0/0/0/0/0/0/0/0/0/0/0/0/0/0/0/0/0/0/0/0/0/0/116/0/{0}	0/0/0/0/0/84/0/86/0/0/0/0/0/0/0/0/0/0/0/0/0/0/0/0/0/0/0/0/0/0/0/0/0/0/0/0/0/116/0/{0}	{0}
Global subroutine: Deluxe CAFE init1	177	unchanged	0/0/0/0/0/0/0/0/0/0/0/0/0/0/0/0/0/0/0/0/0/0/0/0/0/0/0/0/0/0/0/0/0/0/0/0/154/0/156/{0}	0/0/0/0/0/0/0/0/0/0/0/0/0/0/0/0/0/0/0/0/0/0/0/0/0/0/0/0/0/0/0/0/0/0/0/0/154/0/156/{0}	{0}
Global subroutine: Deluxe CAFE init1	178	unchanged	0/0/0/0/0/0/0/0/165/0/0/0/0/0/0/0/0/0/0/0/0/0/0/0/0/0/0/0/0/0/0/0/0/0/0/0/0/0/0/0/{0}	0/0/0/0/0/0/0/0/165/0/0/0/0/0/0/0/0/0/0/0/0/0/0/0/0/0/0/0/0/0/0/0/0/0/0/0/0/0/0/0/{0}	{0}
Global subroutine: Deluxe CAFE init1	179	unchanged	0/0/0/0/0/0/0/0/0/0/0/0/0/0/0/218/0/0/0/0/0/0/0/0/221/0/0/0/225/0/0/228/0/0/231/0/{0}	0/0/0/0/0/0/0/0/0/0/0/0/0/0/0/218/0/0/0/0/0/0/0/0/221/0/0/0/225/0/0/228/0/0/231/0/{0}	{0}
Global subroutine: Deluxe CAFE init1	180	unchanged	0/234/0/0/237/0/0/0/0/0/0/0/0/0/0/0/0/250/0/0/0/0/0/0/0/0/0/0/0/0/0/0/0/0/0/0/0/0/{0}	0/234/0/0/237/0/0/0/0/0/0/0/0/0/0/0/0/250/0/0/0/0/0/0/0/0/0/0/0/0/0/0/0/0/0/0/0/0/{0}	{0}
Global subroutine: Deluxe CAFE init1	181	unchanged	0/0/0/0/0/276/0/278/0/0/0/0/0/0/0/0/0/0/0/0/0/0/0/0/0/0/0/0/0/0/0/0/0/0/0/0/0/0/0/{0}	0/0/0/0/0/276/0/278/0/0/0/0/0/0/0/0/0/0/0/0/0/0/0/0/0/0/0/0/0/0/0/0/0/0/0/0/0/0/0/{0}	{0}
Global subroutine: Deluxe CAFE init1	182	unchanged	313/0/0/0/0/0/0/0/0/0/0/0/0/0/0/0/0/0/0/0/0/0/0/0/334/0/0/0/0/0/0/0/0/0/0/0/0/0/0/{0}	313/0/0/0/0/0/0/0/0/0/0/0/0/0/0/0/0/0/0/0/0/0/0/0/334/0/0/0/0/0/0/0/0/0/0/0/0/0/0/{0}	{0}
Global subroutine: Deluxe CAFE init1	183	unchanged	0/0/0/0/0/0/369/0/0/358/0/360/0/362/0/364/0/366/0/368/0/0/0/0/0/0/0/0/377/0/0/0/0/{0}	0/0/0/0/0/0/369/0/0/358/0/360/0/362/0/364/0/366/0/368/0/0/0/0/0/0/0/0/377/0/0/0/0/{0}	{0}
Global subroutine: Deluxe CAFE init1	184	unchanged	0/0/0/0/0/0/0/0/0/0/0/0/0/0/0/0/0/0	0/0/0/0/0/0/0/0/0/0/0/0/0/0/0/0/0/0	
Global subroutine: Deluxe CAFE init1	185	unchanged	/	/	
Global subroutine: Deluxe CAFE init1	186	unchanged	99/10/10/10/10/10/10/10/10/10/10/10/10/10/10/10/10/10/10/10/10/5/5/5/5/5/5/5/5/5/5{0}	99/10/10/10/10/10/10/10/10/10/10/10/10/10/10/10/10/10/10/10/10/5/5/5/5/5/5/5/5/5/5{0}	{0}
Global subroutine: Deluxe CAFE init1	187	unchanged	/5/5/5/5/5/5/5/5/5/5/5/5/5/5/5/5/5/5/5/5/5/5/5/5/5/5/5/5/5/5/5/5/5/5/5/5/5/5/5/5/5{0}	/5/5/5/5/5/5/5/5/5/5/5/5/5/5/5/5/5/5/5/5/5/5/5/5/5/5/5/5/5/5/5/5/5/5/5/5/5/5/5/5/5{0}	{0}
Global subroutine: Deluxe CAFE init1	188	unchanged	/5/5/5/5/5/5/5/5/5/5/5/5/5/5/5/5/5/5/5/5/5/5/5/5/5/5/5/5/5/5/5/5/5/5/5/5/5/5/5/5/5{0}	/5/5/5/5/5/5/5/5/5/5/5/5/5/5/5/5/5/5/5/5/5/5/5/5/5/5/5/5/5/5/5/5/5/5/5/5/5/5/5/5/5{0}	{0}
Global subroutine: Deluxe CAFE init1	189	unchanged	/5/5/5/5/5/5/5/5/5/5/5/5/5/5/5/5/5/5/5/5/5/5/5/5/5/5/5/5/5/5/5/5/5/5/5/5/5/5/5/5/5{0}	/5/5/5/5/5/5/5/5/5/5/5/5/5/5/5/5/5/5/5/5/5/5/5/5/5/5/5/5/5/5/5/5/5/5/5/5/5/5/5/5/5{0}	{0}
Global subroutine: Deluxe CAFE init1	190	unchanged	/5/5/5/5/5/5/5/5/5/5/5/5/5/5/5/5/5/5/5/5/5/5/5/5/5/5/5/5/5/5/5/5/5/5/5/5/5/5/5/5/5{0}	/5/5/5/5/5/5/5/5/5/5/5/5/5/5/5/5/5/5/5/5/5/5/5/5/5/5/5/5/5/5/5/5/5/5/5/5/5/5/5/5/5{0}	{0}
Global subroutine: Deluxe CAFE init1	191	unchanged	/5/5/5/5/5/5/5/5/5/5/5/5/5/5/5/5/5/5/5/5/5/5/5/5/5/5/5/5/5/5/5/5/5/5/5/5/5/5/5/5/5{0}	/5/5/5/5/5/5/5/5/5/5/5/5/5/5/5/5/5/5/5/5/5/5/5/5/5/5/5/5/5/5/5/5/5/5/5/5/5/5/5/5/5{0}	{0}
Global subroutine: Deluxe CAFE init1	192	unchanged	/5/5/5/5/5/5/5/5/5/5/5/5/5/5/5/5/5/5/5/5/5/5/5/5/5/5/5/5/5/5/5/5/5/5/5/5/5/5/5/5/5{0}	/5/5/5/5/5/5/5/5/5/5/5/5/5/5/5/5/5/5/5/5/5/5/5/5/5/5/5/5/5/5/5/5/5/5/5/5/5/5/5/5/5{0}	{0}
Global subroutine: Deluxe CAFE init1	193	unchanged	/5/5/5/5/5/5/5/5/5/5/5/5/5/5/5/5/5/5/5/5/5/5/5/5/5/5/5/5/5/5/5/5/5/5/5/5/5/5/5/5/5{0}	/5/5/5/5/5/5/5/5/5/5/5/5/5/5/5/5/5/5/5/5/5/5/5/5/5/5/5/5/5/5/5/5/5/5/5/5/5/5/5/5/5{0}	{0}
Global subroutine: Deluxe CAFE init1	194	unchanged	/5/5/5/5/5/5/5/5/5/5/5/5/5/5/5/5/5/5/5/5/5/5/5/5/5/5/5/5/5/5/5/5/5/5/5/5/5/5/5/5/5{0}	/5/5/5/5/5/5/5/5/5/5/5/5/5/5/5/5/5/5/5/5/5/5/5/5/5/5/5/5/5/5/5/5/5/5/5/5/5/5/5/5/5{0}	{0}
Global subroutine: Deluxe CAFE init1	195	unchanged	/5/5/5/5/5/5/5/5/5/5/5/5/5/5/5/5/5/5/5/5/5/5/5/5/5/5/5/5/5/5/5/5/5/5/5/5/5/5/5/5	/5/5/5/5/5/5/5/5/5/5/5/5/5/5/5/5/5/5/5/5/5/5/5/5/5/5/5/5/5/5/5/5/5/5/5/5/5/5/5/5	
Global subroutine: Deluxe CAFE init1	196	unchanged	/	/	
Global subroutine: Deluxe CAFE init1	197	unchanged	0/0/0/0/0/0/0/0/0/0/0/0/0/0/0/0/0/0/0/0/0/0/0/0/0/0/0/0/0/0/0/0/0/0/0/0/0/0/0/0/0/{0}	0/0/0/0/0/0/0/0/0/0/0/0/0/0/0/0/0/0/0/0/0/0/0/0/0/0/0/0/0/0/0/0/0/0/0/0/0/0/0/0/0/{0}	{0}
Global subroutine: Deluxe CAFE init1	198	unchanged	0/0/0/0/0/0/0/0/0/0/0/0/0/0/0/0/0/0/0/0/0/0/0/0/0/0/0/0/0/0/0/0/0/0/0/0/0/0/0/0/0/{0}	0/0/0/0/0/0/0/0/0/0/0/0/0/0/0/0/0/0/0/0/0/0/0/0/0/0/0/0/0/0/0/0/0/0/0/0/0/0/0/0/0/{0}	{0}
Global subroutine: Deluxe CAFE init1	199	unchanged	294/0/0/0/0/88/0/0/0/0/0/0/0/0/0/0/0/0/0/0/0/0/0/0/0/0/0/0/0/0/0/0/0/0/0/0/0/0/0/0{0}	294/0/0/0/0/88/0/0/0/0/0/0/0/0/0/0/0/0/0/0/0/0/0/0/0/0/0/0/0/0/0/0/0/0/0/0/0/0/0/0{0}	{0}
Global subroutine: Deluxe CAFE init1	200	unchanged	/0/0/0/0/0/0/0/0/0/0/0/0/0/0/0/0/0/0/0/0/0/0/0/0/0/0/0/0/0/0/0/0/0/0/0/0/0/0/0/0/0{0}	/0/0/0/0/0/0/0/0/0/0/0/0/0/0/0/0/0/0/0/0/0/0/0/0/0/0/0/0/0/0/0/0/0/0/0/0/0/0/0/0/0{0}	{0}
Global subroutine: Deluxe CAFE init1	201	unchanged	/0/0/0/0/0/0/0/0/0/0/0/0/0/0/0/0/0/0/0/0/0/0/0/0/0/0/0/0/0/0/0/0/0/0/0/0/0/0/0/0/0{0}	/0/0/0/0/0/0/0/0/0/0/0/0/0/0/0/0/0/0/0/0/0/0/0/0/0/0/0/0/0/0/0/0/0/0/0/0/0/0/0/0/0{0}	{0}
Global subroutine: Deluxe CAFE init1	202	unchanged	/0/0/0/0/0/0/0/89/0/0/0/0/0/0/0/0/0/0/0/0/0/0/0/0/0/0/0/0/0/0/0/0/0/0/0/0/0/0/0/0/{0}	/0/0/0/0/0/0/0/89/0/0/0/0/0/0/0/0/0/0/0/0/0/0/0/0/0/0/0/0/0/0/0/0/0/0/0/0/0/0/0/0/{0}	{0}
Global subroutine: Deluxe CAFE init1	203	unchanged	0/0/0/0/0/0/0/0/0/0/0/0/0/0/0/0/0/0/0/0/0/0/0/0/0/0/0/0/0/0/0/0/0/0/0/0/0/0/0/284/{0}	0/0/0/0/0/0/0/0/0/0/0/0/0/0/0/0/0/0/0/0/0/0/0/0/0/0/0/0/0/0/0/0/0/0/0/0/0/0/0/284/{0}	{0}
Global subroutine: Deluxe CAFE init1	204	unchanged	0/0/0/0/0/0/0/0/0/0/0/0/0/0/0/0/0/0/0/0/0/0/0/308/0/0/0/0/0/0/0/0/0/0/0/0/0/0/0/0/{0}	0/0/0/0/0/0/0/0/0/0/0/0/0/0/0/0/0/0/0/0/0/0/0/308/0/0/0/0/0/0/0/0/0/0/0/0/0/0/0/0/{0}	{0}
Global subroutine: Deluxe CAFE init1	205	unchanged	0/0/0/0/0/0/0/0/0/0/0/0/0/0/0/0/0/0/0/0/0/0/0/0/0/0/0/0/0/0/0/0/0/0/0/0/0/0/0/0/0/{0}	0/0/0/0/0/0/0/0/0/0/0/0/0/0/0/0/0/0/0/0/0/0/0/0/0/0/0/0/0/0/0/0/0/0/0/0/0/0/0/0/0/{0}	{0}
Global subroutine: Deluxe CAFE init1	206	unchanged	0/0/0/0/0/0/0/0/0/0/0/0/0/0/0/0/0/0/0/0/0/0/0/0/0/0/0/0/0/0/0/0/0/0	0/0/0/0/0/0/0/0/0/0/0/0/0/0/0/0/0/0/0/0/0/0/0/0/0/0/0/0/0/0/0/0/0/0	
Global subroutine: Deluxe CAFE init1	207	unchanged	/	/	
Global subroutine: Deluxe CAFE init1	208	unchanged	99/99/99/99/99/99/99/99/99/99/99/99/99/99/99/99/99/99/99/99/99/99/99/5/99/99/5/99/{0}	99/99/99/99/99/99/99/99/99/99/99/99/99/99/99/99/99/99/99/99/99/99/99/5/99/99/5/99/{0}	{0}
Global subroutine: Deluxe CAFE init1	209	unchanged	99/99/99/99/99/99/99/99/99/99/99/99/99/99/99/99/99/99/99/3/3/99/99/99/99/99/99/99/{0}	99/99/99/99/99/99/99/99/99/99/99/99/99/99/99/99/99/99/99/3/3/99/99/99/99/99/99/99/{0}	{0}
Global subroutine: Deluxe CAFE init1	210	unchanged	99/99/99/99/99/99/99/99/99/99/99/99/99/99/99/99/99/99/99/99/99/99/99/99/99/99/99/9{0}	99/99/99/99/99/99/99/99/99/99/99/99/99/99/99/99/99/99/99/99/99/99/99/99/99/99/99/9{0}	{0}
Global subroutine: Deluxe CAFE init1	211	unchanged	9/99/99/99/99/99/99/99/99/99/99/99/99/99/5/99/5/99/5/99/5/99/99/99/99/99/99/99/99/{0}	9/99/99/99/99/99/99/99/99/99/99/99/99/99/5/99/5/99/5/99/5/99/99/99/99/99/99/99/99/{0}	{0}
Global subroutine: Deluxe CAFE init1	212	unchanged	99/99/99/99/99/99/99/99/99/3/99/99/99/99/99/99/99/99/99/99/99/99/1/99/99/99/99/99/{0}	99/99/99/99/99/99/99/99/99/3/99/99/99/99/99/99/99/99/99/99/99/99/1/99/99/99/99/99/{0}	{0}
Global subroutine: Deluxe CAFE init1	213	unchanged	99/99/99/99/99/99/99/99/99/99/99/99/99/99/99/99/99/99/99/99/99/99/99/99/99/99/99/9{0}	99/99/99/99/99/99/99/99/99/99/99/99/99/99/99/99/99/99/99/99/99/99/99/99/99/99/99/9{0}	{0}
Global subroutine: Deluxe CAFE init1	214	unchanged	9/3/99/99/99/3/99/99/99/3/99/99/5/99/99/99/99/99/99/99/99/99/99/99/99/99/99/99/99/{0}	9/3/99/99/99/3/99/99/99/3/99/99/5/99/99/99/99/99/99/99/99/99/99/99/99/99/99/99/99/{0}	{0}
Global subroutine: Deluxe CAFE init1	215	unchanged	99/99/99/99/99/99/99/99/99/99/99/99/99/99/99/99/99/99/99/99/99/99/99/99/99/99/99/9{0}	99/99/99/99/99/99/99/99/99/99/99/99/99/99/99/99/99/99/99/99/99/99/99/99/99/99/99/9{0}	{0}
Global subroutine: Deluxe CAFE init1	216	unchanged	9/99/99/99/99/99/99/99/99/99/99/99/99/99/99/99/99/99/99/99/99/99/5/99/99/99/99/99/{0}	9/99/99/99/99/99/99/99/99/99/99/99/99/99/99/99/99/99/99/99/99/99/5/99/99/99/99/99/{0}	{0}
Global subroutine: Deluxe CAFE init1	217	unchanged	99/99/99/99/99/99/99/99/99/99/99/99/99/99/99/99/99/99/3/99/99/99/99/99/99/99/99/99{0}	99/99/99/99/99/99/99/99/99/99/99/99/99/99/99/99/99/99/3/99/99/99/99/99/99/99/99/99{0}	{0}
Global subroutine: Deluxe CAFE init1	218	unchanged	/99/99/99/99/99/99/99/99/99/99/99/99/99/99/99/99/99/99/99/99/99/99/99/99/99/99/99/{0}	/99/99/99/99/99/99/99/99/99/99/99/99/99/99/99/99/99/99/99/99/99/99/99/99/99/99/99/{0}	{0}
Global subroutine: Deluxe CAFE init1	219	unchanged	99/99/99/99/99/99/99/99/99/99/99/99/99/99/99/99/99/99/99/99/99/99/99/99/99/99/99/9{0}	99/99/99/99/99/99/99/99/99/99/99/99/99/99/99/99/99/99/99/99/99/99/99/99/99/99/99/9{0}	{0}
Global subroutine: Deluxe CAFE init1	220	unchanged	9/99/99/99/99/99/99/99/99/99/99/99/99/99/99/99/99/99/99/99/99/99	9/99/99/99/99/99/99/99/99/99/99/99/99/99/99/99/99/99/99/99/99/99	
Global subroutine: Deluxe CAFE init1	221	unchanged	/	/	
Global subroutine: Deluxe CAFE init1	222	unchanged	99/99/99/99/99/99/99/99/99/99/99/99/99/99/99/99/99/99/99/99/99/99/99/99/99/99/99/9{0}	99/99/99/99/99/99/99/99/99/99/99/99/99/99/99/99/99/99/99/99/99/99/99/99/99/99/99/9{0}	{0}
Global subroutine: Deluxe CAFE init1	223	unchanged	9/99/99/99/99/99/99/99/99/99/99/99/99/99/99/99/5	9/99/99/99/99/99/99/99/99/99/99/99/99/99/99/99/5	
Global subroutine: Deluxe CAFE init1	224	unchanged	/	/	
Global subroutine: Deluxe CAFE init1	225	unchanged	0/0/0/0/0/0/0/0/0/0/0/0/0/0/0/0/0/0/0/0/0/0/0/271/0/0/40/0/0/0/0/0/0/0/0/0/0/0/0/0{0}	0/0/0/0/0/0/0/0/0/0/0/0/0/0/0/0/0/0/0/0/0/0/0/271/0/0/40/0/0/0/0/0/0/0/0/0/0/0/0/0{0}	{0}
Global subroutine: Deluxe CAFE init1	226	unchanged	/0/0/0/0/0/0/0/166/166/0/0/0/0/0/0/0/0/0/0/0/0/0/0/0/0/0/0/0/0/0/0/0/0/0/0/0/0/0/0{0}	/0/0/0/0/0/0/0/166/166/0/0/0/0/0/0/0/0/0/0/0/0/0/0/0/0/0/0/0/0/0/0/0/0/0/0/0/0/0/0{0}	{0}
Global subroutine: Deluxe CAFE init1	227	unchanged	/0/0/0/0/0/0/0/0/0/0/0/0/0/0/0/0/0/0/335/0/336/0/337/0/338/0/0/0/0/0/0/0/0/0/0/0/0{0}	/0/0/0/0/0/0/0/0/0/0/0/0/0/0/0/0/0/0/335/0/336/0/337/0/338/0/0/0/0/0/0/0/0/0/0/0/0{0}	{0}
Global subroutine: Deluxe CAFE init1	228	unchanged	/0/0/0/0/0/351/0/0/0/0/0/0/0/0/0/0/0/0/353/0/0/0/0/0/0/0/0/0/0/0/0/0/0/0/0/0/0/0/0{0}	/0/0/0/0/0/351/0/0/0/0/0/0/0/0/0/0/0/0/353/0/0/0/0/0/0/0/0/0/0/0/0/0/0/0/0/0/0/0/0{0}	{0}
Global subroutine: Deluxe CAFE init1	229	unchanged	/0/0/0/0/0/0/0/0/0/0/0/0/0/169/0/0/0/173/0/0/0/177/0/0/205/0/0/0/0/0/0/0/0/0/0/0/0{0}	/0/0/0/0/0/0/0/0/0/0/0/0/0/169/0/0/0/173/0/0/0/177/0/0/205/0/0/0/0/0/0/0/0/0/0/0/0{0}	{0}
Global subroutine: Deluxe CAFE init1	230	unchanged	/0/0/0/0/0/0/0/0/0/0/0/0/0/0/0/0/0/0/0/0/0/0/0/0/0/0/0/0/0/0/0/0/0/0/0/0/0/0/0/0/0{0}	/0/0/0/0/0/0/0/0/0/0/0/0/0/0/0/0/0/0/0/0/0/0/0/0/0/0/0/0/0/0/0/0/0/0/0/0/0/0/0/0/0{0}	{0}
Global subroutine: Deluxe CAFE init1	231	unchanged	/0/0/0/0/0/0/0/0/0/0/0/0/339/0/0/0/0/0/0/0/0/0/0/0/0/0/0/0/0/0/0/0/0/0/0/0/286/0/0{0}	/0/0/0/0/0/0/0/0/0/0/0/0/339/0/0/0/0/0/0/0/0/0/0/0/0/0/0/0/0/0/0/0/0/0/0/0/286/0/0{0}	{0}
Global subroutine: Deluxe CAFE init1	232	unchanged	/0/0/0/0/0/0/0/0/0/0/0/0/0/0/0/0/0/0/0/0/0/0/0/0/0/0/0/0/0/0/0/0/0/0/0/0/0/0/0/0/0{0}	/0/0/0/0/0/0/0/0/0/0/0/0/0/0/0/0/0/0/0/0/0/0/0/0/0/0/0/0/0/0/0/0/0/0/0/0/0/0/0/0/0{0}	{0}
Global subroutine: Deluxe CAFE init1	233	unchanged	/0/0/0/0/0/0/0/0/0/0/0/0/0/0/0/0/0/0/0/0/0/0/0/0/0/0/0/0/0/0/0/0/0/0/0/0/0/0/0/0/0{0}	/0/0/0/0/0/0/0/0/0/0/0/0/0/0/0/0/0/0/0/0/0/0/0/0/0/0/0/0/0/0/0/0/0/0/0/0/0/0/0/0/0{0}	{0}
Global subroutine: Deluxe CAFE init1	234	unchanged	/0/0/0/0/0/0/0/0/0/0/0/0/0/0/0/0/0/0/0/0/0/0/0/0/0/0/0/0/0/0/0/0/0/0/0/0/0/0/0/0/0{0}	/0/0/0/0/0/0/0/0/0/0/0/0/0/0/0/0/0/0/0/0/0/0/0/0/0/0/0/0/0/0/0/0/0/0/0/0/0/0/0/0/0{0}	{0}
Global subroutine: Deluxe CAFE init1	235	unchanged	/0/0/0/351	/0/0/0/351	
Global subroutine: Deluxe CAFE init1	236	unchanged	/	/	
Global subroutine: Deluxe CAFE init2	0	unchanged	0/0/0/0/0/0/0/0/0/0/0/0/0/0/0/0/0/0/0/0/0/0/5/0/0/0/5/0/0/0/0/0/0/0/0/0/0/0/0/0/0/{0}	0/0/0/0/0/0/0/0/0/0/0/0/0/0/0/0/0/0/0/0/0/0/5/0/0/0/5/0/0/0/0/0/0/0/0/0/0/0/0/0/0/{0}	{0}
Global subroutine: Deluxe CAFE init2	1	unchanged	0/0/0/0/0/0/0/0/0/0/0/0/0/0/0/0/0/0/0/0/0/0/0/0/0/0/0/0/0/0/0/0/0/0/0/0/0/0/0/0/0/{0}	0/0/0/0/0/0/0/0/0/0/0/0/0/0/0/0/0/0/0/0/0/0/0/0/0/0/0/0/0/0/0/0/0/0/0/0/0/0/0/0/0/{0}	{0}
Global subroutine: Deluxe CAFE init2	2	unchanged	0/0/0/0/0/0/0/0/0/0/0/5/0/0/0/0/0/0/0/0/0/0/0/0/5/0/0/5/0/0/0/5/0/0/0/5/0/0/0/0/0/{0}	0/0/0/0/0/0/0/0/0/0/0/5/0/0/0/0/0/0/0/0/0/0/0/0/5/0/0/5/0/0/0/5/0/0/0/5/0/0/0/0/0/{0}	{0}
Global subroutine: Deluxe CAFE init2	3	unchanged	0/0/0/0/5/0/0/0/0/0/0/0/0/0/0/3/0/0/0/0/0/0/5/0/0/0/0/0/0/0/0/0/0/0/0/0/0/0/0/0/0/{0}	0/0/0/0/5/0/0/0/0/0/0/0/0/0/0/3/0/0/0/0/0/0/5/0/0/0/0/0/0/0/0/0/0/0/0/0/0/0/0/0/0/{0}	{0}
Global subroutine: Deluxe CAFE init2	4	unchanged	0/0/0/0/0/0/0/0/0/0/0/0/0/0/0/0/0/0/0/0/0/0/0/0/0/0/0/0/0/0/0/0/0/0/0/0/0/0/0/0/0/{0}	0/0/0/0/0/0/0/0/0/0/0/0/0/0/0/0/0/0/0/0/0/0/0/0/0/0/0/0/0/0/0/0/0/0/0/0/0/0/0/0/0/{0}	{0}
Global subroutine: Deluxe CAFE init2	5	unchanged	0/0/0/0/0/0/5/0/5/5/0/0/0/0/0/0/0/0/0/0/0/0/0/0/0/0/0/0/0/0/0/0/0/0/0/0/0/0/0/0/0/{0}	0/0/0/0/0/0/5/0/5/5/0/0/0/0/0/0/0/0/0/0/0/0/0/0/0/0/0/0/0/0/0/0/0/0/0/0/0/0/0/0/0/{0}	{0}
Global subroutine: Deluxe CAFE init2	6	unchanged	0/0/0/0/0/0/0/0/0/0/0/0/5/0/0/0/0/0/0/0/0/0/0/0/0/0/0/0/0/0/0/0/0/0/0/0/0/0/0/0/0/{0}	0/0/0/0/0/0/0/0/0/0/0/0/5/0/0/0/0/0/0/0/0/0/0/0/0/0/0/0/0/0/0/0/0/0/0/0/0/0/0/0/0/{0}	{0}
Global subroutine: Deluxe CAFE init2	7	unchanged	0/0/0/0/0/0/0/0/0/0/0/0/0/0/5/5/5/5/0/0/0/0/0/0/0/0/0/0/0/0/0/0/0/0/0/0/0/0/0/0/0/{0}	0/0/0/0/0/0/0/0/0/0/0/0/0/0/5/5/5/5/0/0/0/0/0/0/0/0/0/0/0/0/0/0/0/0/0/0/0/0/0/0/0/{0}	{0}
Global subroutine: Deluxe CAFE init2	8	unchanged	0/0/0/0/0/0/0/0/0/0/0/0/0/0/0/0/0/0/0/0/0/0/0/0/0/0/0/0/0/0/0/0/0/0/0/0/0/0/0/0/0/{0}	0/0/0/0/0/0/0/0/0/0/0/0/0/0/0/0/0/0/0/0/0/0/0/0/0/0/0/0/0/0/0/0/0/0/0/0/0/0/0/0/0/{0}	{0}
Global subroutine: Deluxe CAFE init2	9	unchanged	0/0/0/0/0/0/0/0/0/0/0/0/0/0/0/0/5/0/5/0/5/0/0/0/0/0/0/0/0/5	0/0/0/0/0/0/0/0/0/0/0/0/0/0/0/0/5/0/5/0/5/0/0/0/0/0/0/0/0/5	
Global subroutine: Deluxe CAFE init2	10	unchanged	/	/	
Global subroutine: Deluxe CAFE init2	11	unchanged	0/0/0/0/0/0/0/0/0/0/0/0/0/0/0/0/0/0/0/0/0/0/23/0/0/0/27/0/0/0/0/0/0/0/0/0/0/0/0/0/{0}	0/0/0/0/0/0/0/0/0/0/0/0/0/0/0/0/0/0/0/0/0/0/23/0/0/0/27/0/0/0/0/0/0/0/0/0/0/0/0/0/{0}	{0}
Global subroutine: Deluxe CAFE init2	12	unchanged	0/0/0/0/0/0/0/0/0/0/0/0/0/0/0/0/0/0/0/0/0/0/0/0/0/0/0/0/0/0/0/0/0/0/0/0/0/0/0/0/0/{0}	0/0/0/0/0/0/0/0/0/0/0/0/0/0/0/0/0/0/0/0/0/0/0/0/0/0/0/0/0/0/0/0/0/0/0/0/0/0/0/0/0/{0}	{0}
Global subroutine: Deluxe CAFE init2	13	unchanged	0/0/0/0/0/0/0/0/0/0/0/0/94/0/0/0/0/0/0/0/0/0/0/0/0/107/0/0/110/0/0/0/114/0/0/0/118{0}	0/0/0/0/0/0/0/0/0/0/0/0/94/0/0/0/0/0/0/0/0/0/0/0/0/107/0/0/110/0/0/0/114/0/0/0/118{0}	{0}
Global subroutine: Deluxe CAFE init2	14	unchanged	/0/0/0/0/0/0/0/0/0/128/0/0/0/0/0/0/0/0/0/0/315/0/0/0/0/0/0/146/0/0/0/0/0/0/0/0/0/0{0}	/0/0/0/0/0/0/0/0/0/128/0/0/0/0/0/0/0/0/0/0/315/0/0/0/0/0/0/146/0/0/0/0/0/0/0/0/0/0{0}	{0}
Global subroutine: Deluxe CAFE init2	15	unchanged	/0/0/0/0/0/0/0/0/0/0/0/0/0/0/0/0/0/0/0/0/0/0/0/0/0/0/0/0/0/0/0/0/0/0/0/0/0/0/0/0/0{0}	/0/0/0/0/0/0/0/0/0/0/0/0/0/0/0/0/0/0/0/0/0/0/0/0/0/0/0/0/0/0/0/0/0/0/0/0/0/0/0/0/0{0}	{0}
Global subroutine: Deluxe CAFE init2	16	unchanged	/0/0/0/0/0/0/0/0/0/0/0/0/0/0/83/0/215/215/0/0/0/0/0/0/0/0/0/0/0/0/0/0/0/0/0/0/0/0/{0}	/0/0/0/0/0/0/0/0/0/0/0/0/0/0/83/0/215/215/0/0/0/0/0/0/0/0/0/0/0/0/0/0/0/0/0/0/0/0/{0}	{0}
Global subroutine: Deluxe CAFE init2	17	unchanged	0/0/0/0/0/0/0/0/0/0/0/0/0/0/0/0/0/0/0/0/0/0/0/259/0/0/0/0/0/0/0/0/0/0/0/0/0/0/0/0/{0}	0/0/0/0/0/0/0/0/0/0/0/0/0/0/0/0/0/0/0/0/0/0/0/259/0/0/0/0/0/0/0/0/0/0/0/0/0/0/0/0/{0}	{0}
Global subroutine: Deluxe CAFE init2	18	unchanged	0/0/0/0/0/0/0/0/0/0/0/0/0/0/0/0/0/0/0/0/0/0/0/0/0/0/124/125/123/126/0/0/0/0/0/0/0/{0}	0/0/0/0/0/0/0/0/0/0/0/0/0/0/0/0/0/0/0/0/0/0/0/0/0/0/124/125/123/126/0/0/0/0/0/0/0/{0}	{0}
Global subroutine: Deluxe CAFE init2	19	unchanged	0/0/0/0/0/0/0/0/0/0/0/0/0/0/0/0/0/0/0/0/0/0/0/0/0/0/0/0/0/0/0/0/0/0/0/0/0/0/0/0/0/{0}	0/0/0/0/0/0/0/0/0/0/0/0/0/0/0/0/0/0/0/0/0/0/0/0/0/0/0/0/0/0/0/0/0/0/0/0/0/0/0/0/0/{0}	{0}
Global subroutine: Deluxe CAFE init2	20	unchanged	0/0/0/0/0/0/0/0/0/0/0/0/0/0/0/0/0/0/0/0/0/0/0/0/0/0/0/0/0/0/0/0/386/0/388/0/390/0/{0}	0/0/0/0/0/0/0/0/0/0/0/0/0/0/0/0/0/0/0/0/0/0/0/0/0/0/0/0/0/0/0/0/386/0/388/0/390/0/{0}	{0}
Global subroutine: Deluxe CAFE init2	21	unchanged	0/0/0/0/0/0/0/121	0/0/0/0/0/0/0/121	
Global subroutine: Deluxe CAFE init2	22	unchanged	/	/	
Global subroutine: Deluxe CAFE init2	23	unchanged	99/10/10/10/10/10/10/10/10/10/10/10/10/10/10/10/10/10/10/10/10/5/5/5/5/5/5/5/5/5/5{0}	99/10/10/10/10/10/10/10/10/10/10/10/10/10/10/10/10/10/10/10/10/5/5/5/5/5/5/5/5/5/5{0}	{0}
Global subroutine: Deluxe CAFE init2	24	unchanged	/5/5/5/5/5/5/5/5/5/5/5/5/5/5/5/5/5/5/5/5/5/5/5/5/5/4/1/5/5/5/5/5/5/5/5/5/5/5/5/5/5{0}	/5/5/5/5/5/5/5/5/5/5/5/5/5/5/5/5/5/5/5/5/5/5/5/5/5/4/1/5/5/5/5/5/5/5/5/5/5/5/5/5/5{0}	{0}
Global subroutine: Deluxe CAFE init2	25	unchanged	/5/5/5/5/5/5/5/5/5/5/5/5/5/3/5/5/5/5/5/5/5/5/5/5/5/5/5/5/5/5/5/5/5/3/5/5/5/5/5/3/5{0}	/5/5/5/5/5/5/5/5/5/5/5/5/5/3/5/5/5/5/5/5/5/5/5/5/5/5/5/5/5/5/5/5/5/3/5/5/5/5/5/3/5{0}	{0}
Global subroutine: Deluxe CAFE init2	26	unchanged	/5/5/5/5/5/5/5/5/5/5/5/5/5/5/5/5/5/5/5/5/5/5/5/5/5/5/3/5/5/3/5/5/5/5/5/5/5/5/5/5/5{0}	/5/5/5/5/5/5/5/5/5/5/5/5/5/5/5/5/5/5/5/5/5/5/5/5/5/5/3/5/5/3/5/5/5/5/5/5/5/5/5/5/5{0}	{0}
Global subroutine: Deluxe CAFE init2	27	unchanged	/5/5/5/5/5/5/5/5/5/5/5/5/5/5/5/5/5/5/5/5/5/5/5/5/5/5/5/5/5/5/5/5/5/5/5/5/5/5/5/5/5{0}	/5/5/5/5/5/5/5/5/5/5/5/5/5/5/5/5/5/5/5/5/5/5/5/5/5/5/5/5/5/5/5/5/5/5/5/5/5/5/5/5/5{0}	{0}
Global subroutine: Deluxe CAFE init2	28	unchanged	/5/5/5/5/5/5/5/5/5/5/5/5/5/5/5/5/5/5/5/5/5/5/5/5/5/5/5/5/5/5/5/5/5/5/5/5/5/5/5/5/5{0}	/5/5/5/5/5/5/5/5/5/5/5/5/5/5/5/5/5/5/5/5/5/5/5/5/5/5/5/5/5/5/5/5/5/5/5/5/5/5/5/5/5{0}	{0}
Global subroutine: Deluxe CAFE init2	29	unchanged	/5/5/5/5/5/5/5/5/5/5/5/5/5/5/5/5/5/5/5/5/5/5/5/5/5/5/5/5/5/5/5/5/5/5/5/5/5/5/2/5/5{0}	/5/5/5/5/5/5/5/5/5/5/5/5/5/5/5/5/5/5/5/5/5/5/5/5/5/5/5/5/5/5/5/5/5/5/5/5/5/5/2/5/5{0}	{0}
Global subroutine: Deluxe CAFE init2	30	unchanged	/5/5/5/5/5/5/5/5/5/5/5/5/5/5/5/5/5/5/5/5/5/5/5/5/5/5/5/5/5/5/5/5/3/5/3/5/5/5/5/5/5{0}	/5/5/5/5/5/5/5/5/5/5/5/5/5/5/5/5/5/5/5/5/5/5/5/5/5/5/5/5/5/5/5/5/3/5/3/5/5/5/5/5/5{0}	{0}
Global subroutine: Deluxe CAFE init2	31	unchanged	/5/5/5/5/5/5/5/5/5/5/5/5/5/5/5/5/5/5/5/5/5/5/5/5/5/5/5/5/5/5/5/5/5/5/5/5/5/5/5/5/5{0}	/5/5/5/5/5/5/5/5/5/5/5/5/5/5/5/5/5/5/5/5/5/5/5/5/5/5/5/5/5/5/5/5/5/5/5/5/5/5/5/5/5{0}	{0}
Global subroutine: Deluxe CAFE init2	32	unchanged	/5/5/5/5/5/5/5/5/5/5/5/5/5/5/5/5/5/5/5/5/5/5/5/5/5/5/5/5/5/5/5/5/5/5/5/5/5/5/5/5	/5/5/5/5/5/5/5/5/5/5/5/5/5/5/5/5/5/5/5/5/5/5/5/5/5/5/5/5/5/5/5/5/5/5/5/5/5/5/5/5	
Global subroutine: Deluxe CAFE init2	33	unchanged	/	/	
Global subroutine: Deluxe CAFE init2	34	unchanged	0/0/0/0/0/0/0/0/0/0/0/0/0/0/0/0/0/0/0/0/0/0/0/0/0/0/0/0/0/0/0/0/0/0/0/0/0/0/0/0/0/{0}	0/0/0/0/0/0/0/0/0/0/0/0/0/0/0/0/0/0/0/0/0/0/0/0/0/0/0/0/0/0/0/0/0/0/0/0/0/0/0/0/0/{0}	{0}
Global subroutine: Deluxe CAFE init2	35	unchanged	0/0/0/0/0/0/0/0/0/0/0/0/0/0/0/58/58/0/0/0/0/0/0/0/0/0/0/70/0/0/0/0/0/0/0/0/0/0/0/0{0}	0/0/0/0/0/0/0/0/0/0/0/0/0/0/0/58/58/0/0/0/0/0/0/0/0/0/0/70/0/0/0/0/0/0/0/0/0/0/0/0{0}	{0}
Global subroutine: Deluxe CAFE init2	36	unchanged	/0/0/0/0/86/0/88/0/0/0/0/0/94/0/0/0/0/0/0/0/0/0/0/0/108/0/0/0/0/0/112/0/0/0/0/0/0/{0}	/0/0/0/0/86/0/88/0/0/0/0/0/94/0/0/0/0/0/0/0/0/0/0/0/108/0/0/0/0/0/112/0/0/0/0/0/0/{0}	{0}
Global subroutine: Deluxe CAFE init2	37	unchanged	0/0/0/0/0/0/0/0/0/0/0/0/0/0/0/134/0/0/0/0/0/310/0/0/311/0/0/0/0/0/0/0/0/0/0/0/0/0/{0}	0/0/0/0/0/0/0/0/0/0/0/0/0/0/0/134/0/0/0/0/0/310/0/0/311/0/0/0/0/0/0/0/0/0/0/0/0/0/{0}	{0}
Global subroutine: Deluxe CAFE init2	38	unchanged	0/0/0/0/161/0/0/0/0/0/0/0/0/0/0/0/0/0/0/0/0/0/0/0/0/0/0/0/0/0/0/0/0/0/0/0/0/0/0/0/{0}	0/0/0/0/161/0/0/0/0/0/0/0/0/0/0/0/0/0/0/0/0/0/0/0/0/0/0/0/0/0/0/0/0/0/0/0/0/0/0/0/{0}	{0}
Global subroutine: Deluxe CAFE init2	39	unchanged	0/0/0/0/0/0/0/0/0/0/0/0/0/0/0/219/0/0/0/0/0/0/0/0/222/0/0/0/226/0/0/229/0/0/232/0/{0}	0/0/0/0/0/0/0/0/0/0/0/0/0/0/0/219/0/0/0/0/0/0/0/0/222/0/0/0/226/0/0/229/0/0/232/0/{0}	{0}
Global subroutine: Deluxe CAFE init2	40	unchanged	0/235/0/0/237/0/0/0/0/0/0/244/0/0/0/0/0/0/0/0/0/0/0/0/0/0/259/0/0/0/0/0/0/0/0/0/0/{0}	0/235/0/0/237/0/0/0/0/0/0/244/0/0/0/0/0/0/0/0/0/0/0/0/0/0/259/0/0/0/0/0/0/0/0/0/0/{0}	{0}
Global subroutine: Deluxe CAFE init2	41	unchanged	0/0/0/0/0/372/0/0/0/0/0/0/0/0/0/0/0/0/0/0/0/0/0/293/0/0/0/0/0/0/300/0/0/0/0/0/0/0/{0}	0/0/0/0/0/372/0/0/0/0/0/0/0/0/0/0/0/0/0/0/0/0/0/293/0/0/0/0/0/0/300/0/0/0/0/0/0/0/{0}	{0}
Global subroutine: Deluxe CAFE init2	42	unchanged	0/0/313/0/0/0/0/0/0/0/0/0/0/0/0/0/0/0/0/0/0/0/0/0/0/0/0/0/0/0/0/0/0/0/0/0/0/0/0/0/{0}	0/0/313/0/0/0/0/0/0/0/0/0/0/0/0/0/0/0/0/0/0/0/0/0/0/0/0/0/0/0/0/0/0/0/0/0/0/0/0/0/{0}	{0}
Global subroutine: Deluxe CAFE init2	43	unchanged	0/0/0/0/398/0/0/0/0/0/0/0/0/0/0/0/0/0/0/0/0/0/0/0/0/0/0/0/0/0/0/0/0/0/0/0/0/0/0/0/{0}	0/0/0/0/398/0/0/0/0/0/0/0/0/0/0/0/0/0/0/0/0/0/0/0/0/0/0/0/0/0/0/0/0/0/0/0/0/0/0/0/{0}	{0}
Global subroutine: Deluxe CAFE init2	44	unchanged	0/0/0/0/0/0/0/0/0/0/0/0	0/0/0/0/0/0/0/0/0/0/0/0	
Global subroutine: Deluxe CAFE init2	45	unchanged	/	/	
Global subroutine: Deluxe CAFE init2	46	unchanged	0/0/0/0/0/0/0/0/0/0/0/0/0/0/0/0/0/0/0/0/0/0/0/0/0/0/0/0/0/0/0/0/0/0/0/0/0/0/0/0/0/{0}	0/0/0/0/0/0/0/0/0/0/0/0/0/0/0/0/0/0/0/0/0/0/0/0/0/0/0/0/0/0/0/0/0/0/0/0/0/0/0/0/0/{0}	{0}
Global subroutine: Deluxe CAFE init2	47	unchanged	0/0/0/0/0/0/92/92/0/0/0/0/0/0/0/0/0/0/0/0/0/0/0/0/0/0/0/0/0/0/0/0/0/0/0/0/0/0/0/0/{0}	0/0/0/0/0/0/92/92/0/0/0/0/0/0/0/0/0/0/0/0/0/0/0/0/0/0/0/0/0/0/0/0/0/0/0/0/0/0/0/0/{0}	{0}
Global subroutine: Deluxe CAFE init2	48	unchanged	0/353/0/0/0/0/0/0/0/0/0/0/0/0/0/0/0/0/0/0/0/0/0/0/111/0/0/0/0/0/0/0/0/0/0/0/0/0/0/{0}	0/353/0/0/0/0/0/0/0/0/0/0/0/0/0/0/0/0/0/0/0/0/0/0/111/0/0/0/0/0/0/0/0/0/0/0/0/0/0/{0}	{0}
Global subroutine: Deluxe CAFE init2	49	unchanged	0/0/0/0/0/0/0/0/0/0/0/0/0/0/0/0/0/0/139/142/0/0/0/144/0/0/0/0/0/0/0/0/153/0/0/0/0/{0}	0/0/0/0/0/0/0/0/0/0/0/0/0/0/0/0/0/0/139/142/0/0/0/144/0/0/0/0/0/0/0/0/153/0/0/0/0/{0}	{0}
Global subroutine: Deluxe CAFE init2	50	unchanged	0/0/0/0/0/0/0/0/0/0/0/0/0/0/0/0/0/0/0/0/0/0/0/0/0/0/0/0/0/0/0/0/0/0/0/0/0/0/0/0/0/{0}	0/0/0/0/0/0/0/0/0/0/0/0/0/0/0/0/0/0/0/0/0/0/0/0/0/0/0/0/0/0/0/0/0/0/0/0/0/0/0/0/0/{0}	{0}
Global subroutine: Deluxe CAFE init2	51	unchanged	0/0/0/0/0/0/0/0/0/0/0/0/0/0/214/214/0/0/0/0/0/0/0/0/0/0/0/0/0/0/0/0/0/0/0/0/0/0/0/{0}	0/0/0/0/0/0/0/0/0/0/0/0/0/0/214/214/0/0/0/0/0/0/0/0/0/0/0/0/0/0/0/0/0/0/0/0/0/0/0/{0}	{0}
Global subroutine: Deluxe CAFE init2	52	unchanged	0/0/0/0/0/0/0/0/0/0/0/0/0/0/0/0/0/0/0/0/0/0/0/0/0/0/0/0/0/0/0/0/0/0/0/0/0/0/0/0/0/{0}	0/0/0/0/0/0/0/0/0/0/0/0/0/0/0/0/0/0/0/0/0/0/0/0/0/0/0/0/0/0/0/0/0/0/0/0/0/0/0/0/0/{0}	{0}
Global subroutine: Deluxe CAFE init2	53	unchanged	0/0/0/0/0/0/0/0/0/0/0/0/0/0/0/0/0/0/0/0/0/0/0/0/0/0/0/0/0/0/0/0/0/312/0/0/0/0/0/0/{0}	0/0/0/0/0/0/0/0/0/0/0/0/0/0/0/0/0/0/0/0/0/0/0/0/0/0/0/0/0/0/0/0/0/312/0/0/0/0/0/0/{0}	{0}
Global subroutine: Deluxe CAFE init2	54	unchanged	0/0/0/0/0/0/0/0/0/0/329/0/0/0/0/0/0/0/0/0/0/0/0/0/0/0/0/0/0/0/0/0/0/0/0/0/0/0/0/0/{0}	0/0/0/0/0/0/0/0/0/0/329/0/0/0/0/0/0/0/0/0/0/0/0/0/0/0/0/0/0/0/0/0/0/0/0/0/0/0/0/0/{0}	{0}
Global subroutine: Deluxe CAFE init2	55	unchanged	0/0/0/0/0/0/0/0/0/0/0/0/0/0/0/0/0/0/0/0/0/0/0/0/0/0/0/0/0/0/0/0/0/0/0/0/0/0/0/0/0	0/0/0/0/0/0/0/0/0/0/0/0/0/0/0/0/0/0/0/0/0/0/0/0/0/0/0/0/0/0/0/0/0/0/0/0/0/0/0/0/0	
Global subroutine: Deluxe CAFE init2	56	unchanged	/	/	
Global subroutine: Deluxe CAFE init2	57	unchanged	3/23/23/24/28/28/31/28/34/28/37/41/41/45/43/41/41/50/49/41/53/43/53/50/58/59/62/62{0}	3/23/23/24/28/28/31/28/34/28/37/41/41/45/43/41/41/50/49/41/53/43/53/50/58/59/62/62{0}	{0}
Global subroutine: Deluxe CAFE init2	58	unchanged	/58/62/62/64/74/59/61/78/211/89/89/92/89/89/89/97/89/97/89/97/89/105/108/112/116/1{0}	/58/62/62/64/74/59/61/78/211/89/89/92/89/89/89/97/89/97/89/97/89/105/108/112/116/1{0}	{0}
Global subroutine: Deluxe CAFE init2	59	unchanged	14/26/120/120/120/120/128/128/128/128/398/134/134/128/86/144/148/148/85/153/156/15{0}	14/26/120/120/120/120/128/128/128/128/398/134/134/128/86/144/148/148/85/153/156/15{0}	{0}
Global subroutine: Deluxe CAFE init2	60	unchanged	6/156/153/85/162/163/26/26/26/26/26/180/186/184/186/180/182/180/179/182/179/184/17{0}	6/156/153/85/162/163/26/26/26/26/26/180/186/184/186/180/182/180/179/182/179/184/17{0}	{0}
Global subroutine: Deluxe CAFE init2	61	unchanged	9/179/186/209/193/209/197/193/195/205/205/205/205/187/189/191/211/211/223/220/211/{0}	9/179/186/209/193/209/197/193/195/205/205/205/205/187/189/191/211/211/223/220/211/{0}	{0}
Global subroutine: Deluxe CAFE init2	62	unchanged	211/211/211/28/239/238/42/211/245/246/248/41/89/120/128/123/129/168/259/156/94/156{0}	211/211/211/28/239/238/42/211/245/246/248/41/89/120/128/123/129/168/259/156/94/156{0}	{0}
Global subroutine: Deluxe CAFE init2	63	unchanged	/264/156/146/41/239/119/274/274/89/97/89/211/205/26/287/179/227/294/89/84/128/123/{0}	/264/156/146/41/239/119/274/274/89/97/89/211/205/26/287/179/227/294/89/84/128/123/{0}	{0}
Global subroutine: Deluxe CAFE init2	64	unchanged	128/298/105/108/112/116/105/108/112/116/248/294/216/310/311/84/218/218/218/218/218{0}	128/298/105/108/112/116/105/108/112/116/248/294/216/310/311/84/218/218/218/218/218{0}	{0}
Global subroutine: Deluxe CAFE init2	65	unchanged	/318/318/319/218/318/320/320/320/319/321/322/322/323/320/324/323/322/311/47/48/168{0}	/318/318/319/218/318/320/320/320/319/321/322/322/323/320/324/323/322/311/47/48/168{0}	{0}
Global subroutine: Deluxe CAFE init2	66	unchanged	/168/323/322/321/319/318/30/335/336/337/338/339/337/342/335/335/335/335/345/351/23{0}	/168/323/322/321/319/318/30/335/336/337/338/339/337/342/335/335/335/335/345/351/23{0}	{0}
Global subroutine: Deluxe CAFE init2	67	unchanged	/150/41/49/54/97/353/353/353/353/354/354/369/369/369/370/372/369/369/354/398/398/3{0}	/150/41/49/54/97/353/353/353/353/354/354/369/369/369/370/372/369/369/354/398/398/3{0}	{0}
Global subroutine: Deluxe CAFE init2	68	unchanged	98/378/378/378/378/378/378/29/29/29	98/378/378/378/378/378/378/29/29/29	
Global subroutine: Deluxe CAFE init2	69	unchanged	/	/	
Global subroutine: Deluxe CAFE init2	70	unchanged	4/121/27/351/351/30/351/33/351/36/351/42/44/42/44/48/36/48/36/52/42/52/36/52/26/60{0}	4/121/27/351/351/30/351/33/351/36/351/42/44/42/44/48/36/48/36/52/42/52/36/52/26/60{0}	{0}
Global subroutine: Deluxe CAFE init2	71	unchanged	/57/58/70/68/69/69/57/351/351/60/85/85/86/85/94/58/97/92/99/58/101/52/103/398/398/{0}	/57/58/70/68/69/69/57/351/351/60/85/85/86/85/94/58/97/92/99/58/101/52/103/398/398/{0}	{0}
Global subroutine: Deluxe CAFE init2	72	unchanged	398/398/351/85/114/107/110/118/123/124/125/126/85/123/129/135/145/145/52/150/140/1{0}	398/398/351/85/114/107/110/118/123/124/125/126/85/123/129/135/145/145/52/150/140/1{0}	{0}
Global subroutine: Deluxe CAFE init2	73	unchanged	37/148/149/151/141/144/141/137/178/166/169/173/177/177/166/177/173/169/166/178/166{0}	37/148/149/151/141/144/141/137/178/166/169/173/177/177/166/177/173/169/166/178/166{0}	{0}
Global subroutine: Deluxe CAFE init2	74	unchanged	/178/169/178/173/177/178/166/177/173/177/169/166/48/168/172/176/178/178/178/216/21{0}	/178/169/178/173/177/178/166/177/173/177/169/166/48/168/172/176/178/178/178/216/21{0}	{0}
Global subroutine: Deluxe CAFE init2	75	unchanged	5/216/215/42/145/57/58/238/351/43/143/242/67/67/62/172/145/253/254/58/58/85/148/26{0}	5/216/215/42/145/57/58/238/351/43/143/242/67/67/62/172/145/253/254/58/58/85/148/26{0}	{0}
Global subroutine: Deluxe CAFE init2	76	unchanged	0/148/262/148/265/33/269/271/23/66/62/259/178/280/282/58/286/178/286/44/85/264/264{0}	0/148/262/148/265/33/269/271/23/66/62/259/178/280/282/58/286/178/286/44/85/264/264{0}	{0}
Global subroutine: Deluxe CAFE init2	77	unchanged	/134/122/256/227/121/121/121/121/120/120/120/120/85/305/283/313/313/94/94/313/310/{0}	/134/122/256/227/121/121/121/121/120/120/120/120/85/305/283/313/313/94/94/313/310/{0}	{0}
Global subroutine: Deluxe CAFE init2	78	unchanged	311/217/310/311/313/314/217/313/310/311/217/217/310/311/313/314/218/218/218/216/16{0}	311/217/310/311/313/314/217/313/310/311/217/217/310/311/313/314/218/218/218/216/16{0}	{0}
Global subroutine: Deluxe CAFE init2	79	unchanged	1/297/161/83/318/319/320/320/320/97/26/26/26/26/26/60/60/168/176/172/269/26/398/35{0}	1/297/161/83/318/319/320/320/320/97/26/26/26/26/26/60/60/168/176/172/269/26/398/35{0}	{0}
Global subroutine: Deluxe CAFE init2	80	unchanged	2/352/57/57/57/36/298/48/356/168/298/145/48/356/168/168/48/172/58/264/380/383/356/{0}	2/352/57/57/57/36/298/48/356/168/298/145/48/356/168/168/48/172/58/264/380/383/356/{0}	{0}
Global subroutine: Deluxe CAFE init2	81	unchanged	391/381/384/167/170/174/30/33/36	391/381/384/167/170/174/30/33/36	
Global subroutine: Deluxe CAFE init2	82	unchanged	/	/	
Global subroutine: Deluxe CAFE init2	83	unchanged	7/24/28/25/29/31/32/34/35/37/38/43/45/46/46/49/50/51/51/53/54/54/55/55/59/61/64/66{0}	7/24/28/25/29/31/32/34/35/37/38/43/45/46/46/49/50/51/51/53/54/54/55/55/59/61/64/66{0}	{0}
Global subroutine: Deluxe CAFE init2	84	unchanged	/71/72/74/76/76/78/80/80/87/90/91/93/95/96/98/99/100/101/102/103/104/106/109/113/1{0}	/71/72/74/76/76/78/80/80/87/90/91/93/95/96/98/99/100/101/102/103/104/106/109/113/1{0}	{0}
Global subroutine: Deluxe CAFE init2	85	unchanged	17/119/120/123/124/125/126/129/130/131/132/133/135/136/136/147/148/149/151/152/155{0}	17/119/120/123/124/125/126/129/130/131/132/133/135/136/136/147/148/149/151/152/155{0}	{0}
Global subroutine: Deluxe CAFE init2	86	unchanged	/157/158/159/160/162/163/164/179/180/182/184/186/187/187/189/189/191/191/193/193/1{0}	/157/158/159/160/162/163/164/179/180/182/184/186/187/187/189/189/191/191/193/193/1{0}	{0}
Global subroutine: Deluxe CAFE init2	87	unchanged	95/195/197/197/209/209/199/199/201/201/203/203/206/207/208/210/199/201/203/220/223{0}	95/195/197/197/209/209/199/199/201/201/203/203/206/207/208/210/199/201/203/220/223{0}	{0}
Global subroutine: Deluxe CAFE init2	88	unchanged	/224/224/227/230/233/236/239/240/241/242/243/246/247/249/251/252/254/255/256/257/2{0}	/224/224/227/230/233/236/239/240/241/242/243/246/247/249/251/252/254/255/256/257/2{0}	{0}
Global subroutine: Deluxe CAFE init2	89	unchanged	58/260/261/262/263/265/266/267/270/272/273/275/277/279/280/281/283/285/287/289/289{0}	58/260/261/262/263/265/266/267/270/272/273/275/277/279/280/281/283/285/287/289/289{0}	{0}
Global subroutine: Deluxe CAFE init2	90	unchanged	/292/295/296/297/122/136/257/299/107/110/114/118/301/302/303/304/305/306/307/314/3{0}	/292/295/296/297/122/136/257/299/107/110/114/118/301/302/303/304/305/306/307/314/3{0}	{0}
Global subroutine: Deluxe CAFE init2	91	unchanged	14/316/317/318/319/319/320/321/321/321/321/322/322/323/323/323/324/324/324/324/324{0}	14/316/317/318/319/319/320/321/321/321/321/322/322/323/323/323/324/324/324/324/324{0}	{0}
Global subroutine: Deluxe CAFE init2	92	unchanged	/325/326/327/328/330/331/332/333/325/325/325/326/327/245/340/341/342/343/344/345/3{0}	/325/326/327/328/330/331/332/333/325/325/325/326/327/245/340/341/342/343/344/345/3{0}	{0}
Global subroutine: Deluxe CAFE init2	93	unchanged	46/347/348/349/350/346/352/25/119/50/51/55/101/357/359/361/363/365/367/370/371/372{0}	46/347/348/349/350/346/352/25/119/50/51/55/101/357/359/361/363/365/367/370/371/372{0}	{0}
Global subroutine: Deluxe CAFE init2	94	unchanged	/373/373/374/375/376/385/387/389/392/393/394/395/396/397/32/35/38	/373/373/374/375/376/385/387/389/392/393/394/395/396/397/32/35/38	
Global subroutine: Deluxe CAFE init2	95	unchanged	/	/	
Global subroutine: Deluxe CAFE init2	96	unchanged	0/0/0/0/0/0/0/0/0/0/0/0/0/0/0/0/0/0/0/0/0/0/0/0/0/0/0/0/0/0/0/0/0/0/0/0/0/0/0/0/0/{0}	0/0/0/0/0/0/0/0/0/0/0/0/0/0/0/0/0/0/0/0/0/0/0/0/0/0/0/0/0/0/0/0/0/0/0/0/0/0/0/0/0/{0}	{0}
Global subroutine: Deluxe CAFE init2	97	unchanged	0/0/0/0/0/0/0/0/0/0/0/0/0/0/0/0/0/0/0/0/0/0/0/0/0/0/0/0/0/0/0/0/0/0/0/0/0/0/0/0/0/{0}	0/0/0/0/0/0/0/0/0/0/0/0/0/0/0/0/0/0/0/0/0/0/0/0/0/0/0/0/0/0/0/0/0/0/0/0/0/0/0/0/0/{0}	{0}
Global subroutine: Deluxe CAFE init2	98	unchanged	0/0/0/0/0/0/0/0/0/0/0/0/0/0/0/0/0/0/0/0/0/0/0/0/0/0/0/0/0/0/0/0/0/0/0/0/0/0/0/0/0/{0}	0/0/0/0/0/0/0/0/0/0/0/0/0/0/0/0/0/0/0/0/0/0/0/0/0/0/0/0/0/0/0/0/0/0/0/0/0/0/0/0/0/{0}	{0}
Global subroutine: Deluxe CAFE init2	99	unchanged	0/0/0/0/0/0/0/0/0/0/0/0/0/0/0/0/0/0/0/0/0/0/0/0/0/0/0/0/0/0/0/0/0/0/0/0/0/0/0/0/0/{0}	0/0/0/0/0/0/0/0/0/0/0/0/0/0/0/0/0/0/0/0/0/0/0/0/0/0/0/0/0/0/0/0/0/0/0/0/0/0/0/0/0/{0}	{0}
Global subroutine: Deluxe CAFE init2	100	unchanged	0/0/0/0/0/0/168/0/0/0/171/0/0/0/0/0/0/0/0/0/0/0/0/0/0/0/0/0/0/0/0/0/0/0/0/0/0/0/0/{0}	0/0/0/0/0/0/168/0/0/0/171/0/0/0/0/0/0/0/0/0/0/0/0/0/0/0/0/0/0/0/0/0/0/0/0/0/0/0/0/{0}	{0}
Global subroutine: Deluxe CAFE init2	101	unchanged	0/0/0/0/0/0/0/0/0/0/0/0/0/0/0/0/0/0/0/0/0/0/0/0/0/0/0/0/0/0/0/0/0/0/0/0/238/238/23{0}	0/0/0/0/0/0/0/0/0/0/0/0/0/0/0/0/0/0/0/0/0/0/0/0/0/0/0/0/0/0/0/0/0/0/0/0/238/238/23{0}	{0}
Global subroutine: Deluxe CAFE init2	102	unchanged	8/0/0/143/0/0/245/0/0/248/171/145/0/253/253/56/56/0/0/0/168/0/47/0/0/264/33/0/0/26{0}	8/0/0/143/0/0/245/0/0/248/171/145/0/253/253/56/56/0/0/0/168/0/47/0/0/264/33/0/0/26{0}	{0}
Global subroutine: Deluxe CAFE init2	103	unchanged	8/0/238/112/0/0/274/0/274/168/0/178/0/0/282/56/0/0/268/0/268/212/0/44/0/85/264/264{0}	8/0/238/112/0/0/274/0/274/168/0/178/0/0/282/56/0/0/268/0/268/212/0/44/0/85/264/264{0}	{0}
Global subroutine: Deluxe CAFE init2	104	unchanged	/0/0/298/0/0/0/0/0/248/0/282/0/0/0/0/0/0/0/0/0/0/0/0/0/0/0/0/0/0/0/0/0/0/264/168/0{0}	/0/0/298/0/0/0/0/0/248/0/282/0/0/0/0/0/0/0/0/0/0/0/0/0/0/0/0/0/0/0/0/0/0/264/168/0{0}	{0}
Global subroutine: Deluxe CAFE init2	105	unchanged	/168/0/0/0/0/0/0/0/0/0/0/60/60/168/175/171/268/0/0/0/0/0/0/0/0/0/0/0/0/0/0/0/0/0/0{0}	/168/0/0/0/0/0/0/0/0/0/0/60/60/168/175/171/268/0/0/0/0/0/0/0/0/0/0/0/0/0/0/0/0/0/0{0}	{0}
Global subroutine: Deluxe CAFE init2	106	unchanged	/0/0/0/0/0/171/56/0/264/0/0/0/0/0/0/0/0/0/0/0/0/0/0/0/0/0/0/168/171/0	/0/0/0/0/0/171/56/0/264/0/0/0/0/0/0/0/0/0/0/0/0/0/0/0/0/0/0/168/171/0	
Global subroutine: Deluxe CAFE init2	107	unchanged	/	/	
Global subroutine: Deluxe CAFE init2	108	unchanged	23,24,25,28,29,31,32,34,35,37,38,39/43,45,46,49,50,51,53,54,55/59,61,63,65,67,71,7{0}	23,24,25,28,29,31,32,34,35,37,38,39/43,45,46,49,50,51,53,54,55/59,61,63,65,67,71,7{0}	{0}
Global subroutine: Deluxe CAFE init2	109	unchanged	3,75,77,78,79,80,81/84,88,89,90,91,95,96,98,100,102,104/107,110,114,118,119,123,12{0}	3,75,77,78,79,80,81/84,88,89,90,91,95,96,98,100,102,104/107,110,114,118,119,123,12{0}	{0}
Global subroutine: Deluxe CAFE init2	110	unchanged	4,125,126,129,130,131,132,135,136/146,147,154,156,157,158,159,161,165/181,183,185,{0}	4,125,126,129,130,131,132,135,136/146,147,154,156,157,158,159,161,165/181,183,185,{0}	{0}
Global subroutine: Deluxe CAFE init2	111	unchanged	188,190,192,194,196,198,200,202,204,205,206,207,208,210/84,219,221,222,225,226,228{0}	188,190,192,194,196,198,200,202,204,205,206,207,208,210/84,219,221,222,225,226,228{0}	{0}
Global subroutine: Deluxe CAFE init2	112	unchanged	,229,231,232,234,235,237/161,312,314,315,316,317,325,326,327,329,330,218,84/335,33{0}	,229,231,232,234,235,237/161,312,314,315,316,317,325,326,327,329,330,218,84/335,33{0}	{0}
Global subroutine: Deluxe CAFE init2	113	unchanged	6,337,338,339,340,341,342,343,344/146,358,360,362,364,366,368,370,371,372,373/167,{0}	6,337,338,339,340,341,342,343,344/146,358,360,362,364,366,368,370,371,372,373/167,{0}	{0}
Global subroutine: Deluxe CAFE init2	114	unchanged	384,391,386,388,390,392,393,394,395	384,391,386,388,390,392,393,394,395	
Global subroutine: Deluxe CAFE init2	115	unchanged	/	/	
Global subroutine: Deluxe CAFE init2	116	unchanged	,	,	
Global subroutine: Deluxe CAFE init2	117	unchanged	351,26,27,40,398,121,352/26,27,40,47/398,26,27,70,57,121,352/57,97,47,94/398,351,1{0}	351,26,27,40,398,121,352/26,27,40,47/398,26,27,70,57,121,352/57,97,47,94/398,351,1{0}	{0}
Global subroutine: Deluxe CAFE init2	118	unchanged	05,108,112,128,116,121,352/141/176,172,47,168/57,217,213,215,294/310,313,311,89,21{0}	05,108,112,128,116,121,352/141/176,172,47,168/57,217,213,215,294/310,313,311,89,21{0}	{0}
Global subroutine: Deluxe CAFE init2	119	unchanged	7,47,94/26,97,99,101,103,245/298,356,168,47,294/378,381,356,380,47,383	7,47,94/26,97,99,101,103,245/298,356,168,47,294/378,381,356,380,47,383	
Global subroutine: Deluxe CAFE init2	120	unchanged	/	/	
Global subroutine: Deluxe CAFE init2	121	unchanged	,	,	
Global subroutine: Deluxe CAFE init2	122	unchanged	26,21,398,36,30,33/26,44,52,36,42,47/26,56,398,62,68,60/211,56,52,97,85,47/26,105,{0}	26,21,398,36,30,33/26,44,52,36,42,47/26,56,398,62,68,60/211,56,52,97,85,47/26,105,{0}	{0}
Global subroutine: Deluxe CAFE init2	123	unchanged	398,115,85,127/137,105,145,138,85,143/26,178,175,171,168,47/211,56,145,216,42,212/{0}	398,115,85,127/137,105,145,138,85,143/26,178,175,171,168,47/211,56,145,216,42,212/{0}	{0}
Global subroutine: Deluxe CAFE init2	124	unchanged	211,138,309,216,85,47/26,56,52,97,30,47/211,298,145,355,168,47/378,379,398,355,382{0}	211,138,309,216,85,47/26,56,52,97,30,47/211,298,145,355,168,47/378,379,398,355,382{0}	{0}
Global subroutine: Deluxe CAFE init2	125	unchanged	,47	,47	
Global subroutine: Deluxe CAFE init2	126	unchanged	/	/	
Global subroutine: Deluxe CAFE init2	127	unchanged	,	,	
Global subroutine: Deluxe CAFE init2	128	unchanged	239,240,272,273/241,251,270/247,250,276,278/252,279,281,284,296,297,306/254,255,25{0}	239,240,272,273/241,251,270/247,250,276,278/252,279,281,284,296,297,306/254,255,25{0}	{0}
Global subroutine: Deluxe CAFE init2	129	unchanged	6,257/261,263,266,267/285,288,290/244,293,295,300,308,297,334/297,331,332,334/345,{0}	6,257/261,263,266,267/285,288,290/244,293,295,300,308,297,334/297,331,332,334/345,{0}	{0}
Global subroutine: Deluxe CAFE init2	130	unchanged	346,347,348,349,350/267,374,375,377/170,174,396,397	346,347,348,349,350/267,374,375,377/170,174,396,397	
Global subroutine: Deluxe CAFE init2	131	unchanged	/	/	
Global subroutine: Deluxe CAFE init2	132	unchanged	,	,	
Global subroutine: Deluxe CAFE init2	133	unchanged	Coffee/Bingsu(Shaved Ice)/Choco&Cookie/Donut/Tea/Macaron/Smoothie/Bread/Brunch/Ice Cream/Pie&Tart/Juice&Fizz	Coffee/Bingsu(Shaved Ice)/Choco&Cookie/Donut/Tea/Macaron/Smoothie/Bread/Brunch/Ice Cream/Pie&Tart/Juice&Fizz	
Global subroutine: Deluxe CAFE init2	134	unchanged	/	/	
Global subroutine: Deluxe CAFE init2	135	unchanged	Buy Storage/Buy Random Tool/Buy Random Shoes/Upgrade Fryer&Ice Maker/Upgrade Pot/Upgrade Oven/Upgrade Pan/Increase Personal Movement Speed/{0}	Buy Storage/Buy Random Tool/Buy Random Shoes/Upgrade Fryer&Ice Maker/Upgrade Pot/Upgrade Oven/Upgrade Pan/Increase Personal Movement Speed/{0}	{0}
Global subroutine: Deluxe CAFE init2	136	unchanged	Increase Team Time Limit/Exchange Coin	Increase Team Time Limit/Exchange Coin	
Global subroutine: Deluxe CAFE init2	137	unchanged	/	/	
Global subroutine: Deluxe CAFE init3	0	unchanged	8,9,11,12,15,16,17,20	8,9,11,12,15,16,17,20	
Global subroutine: Deluxe CAFE init3	1	unchanged	,	,	
Global subroutine: Deluxe CAFE init3	2	unchanged	12,12,12,13,16,14/N,20,20,3,20,16/1,2,3,4,5,6,7,8,9,10,11,12,13,14,15,16,17,20/8,8{0}	12,12,12,13,16,14/N,20,20,3,20,16/1,2,3,4,5,6,7,8,9,10,11,12,13,14,15,16,17,20/8,8{0}	{0}
Global subroutine: Deluxe CAFE init3	3	unchanged	,8,8,9,11,11,11,11,12,12,15,16,16,17,17,20,20	,8,8,9,11,11,11,11,12,12,15,16,16,17,17,20,20	
Global subroutine: Deluxe CAFE init3	4	unchanged	/	/	
Global subroutine: Deluxe CAFE init3	5	unchanged	,	,	
Global subroutine: Deluxe CAFE init3	6	unchanged	N	N	
Global subroutine: Deluxe CAFE init3	7	unchanged	0/1/2/3/4/5/6/7/8/9/10/11/12/13/14/15/16/17/18/19/20	0/1/2/3/4/5/6/7/8/9/10/11/12/13/14/15/16/17/18/19/20	
Global subroutine: Deluxe CAFE init3	8	unchanged	/	/	
Global subroutine: Deluxe CAFE init3	9	unchanged	0/1/2/3/4/5/6/7/8/9/10/11/12/13/14/15/16/17/18/19/20	0/1/2/3/4/5/6/7/8/9/10/11/12/13/14/15/16/17/18/19/20	
Global subroutine: Deluxe CAFE init3	10	unchanged	/	/	
Global subroutine: Deluxe GC init1	0	unchanged	D/L/T/T/T/T/G/Z/L/Z/U/Y/T/U/U/Z/R/Z/Y/Y/B/R/S/C/P/P/R/M/R/M/R/M/M/M/P/M/A/M/A/M/A/{0}	D/L/T/T/T/T/G/Z/L/Z/U/Y/T/U/U/Z/R/Z/Y/Y/B/R/S/C/P/P/R/M/R/M/R/M/M/M/P/M/A/M/A/M/A/{0}	{0}
Global subroutine: Deluxe GC init1	1	unchanged	M/W/W/P/C/F/M/S/S/S/S/S/C/C/C/C/F/F/S/B/R/R/R/S/R/K/N/M/S/M/M/M/W/F/Y/Y/Y/Y/Y/Y/Y/{0}	M/W/W/P/C/F/M/S/S/S/S/S/C/C/C/C/F/F/S/B/R/R/R/S/R/K/N/M/S/M/M/M/W/F/Y/Y/Y/Y/Y/Y/Y/{0}	{0}
Global subroutine: Deluxe GC init1	2	unchanged	M/C/C/C/C/C/C/Y/W/W/W/W/W/F/P/G/G/G/A/F/O/N/A/Q/N/N/O/F/G/F/M/F/A/A/O/O/O/O/G/A/O/{0}	M/C/C/C/C/C/C/Y/W/W/W/W/W/F/P/G/G/G/A/F/O/N/A/Q/N/N/O/F/G/F/M/F/A/A/O/O/O/O/G/A/O/{0}	{0}
Global subroutine: Deluxe GC init1	3	unchanged	F/O/P/O/P/P/W/M/F/W/M/F/W/M/O/M/Y/Y/O/O/S/O/R/M/R/M/M/P/P/O/P/O/O/X/W/F/R/R/R/R/R/{0}	F/O/P/O/P/P/W/M/F/W/M/F/W/M/O/M/Y/Y/O/O/S/O/R/M/R/M/M/P/P/O/P/O/O/X/W/F/R/R/R/R/R/{0}	{0}
Global subroutine: Deluxe GC init1	4	unchanged	R/N/O/X/X/R/R/N/N/O/O/R/R/N/N/O/O/F/X/R/R/N/N/O/O/R/R/N/N/O/O/Y/Y/Y/N/M/N/C/C/F/H/{0}	R/N/O/X/X/R/R/N/N/O/O/R/R/N/N/O/O/F/X/R/R/N/N/O/O/R/R/N/N/O/O/Y/Y/Y/N/M/N/C/C/F/H/{0}	{0}
Global subroutine: Deluxe GC init1	5	unchanged	H/H/H/M/H/Y/Y/Y/X/X/O/X/P/F/P/O/X/O/O/M/M/M/C/C/C/Y/N/M/N/M/K/R/N/Q/R/C/N/N/Q/R/R/{0}	H/H/H/M/H/Y/Y/Y/X/X/O/X/P/F/P/O/X/O/O/M/M/M/C/C/C/Y/N/M/N/M/K/R/N/Q/R/C/N/N/Q/R/R/{0}	{0}
Global subroutine: Deluxe GC init1	6	unchanged	C/N/N/Q/R/R/S/A/F/F/N/N/Y/M/O/C/O/O/P/O/N/Y/M/R/Y/Y/O/F/F/Y/P/F/P/F/O/V/V/V/S/V/C/{0}	C/N/N/Q/R/R/S/A/F/F/N/N/Y/M/O/C/O/O/P/O/N/Y/M/R/Y/Y/O/F/F/Y/P/F/P/F/O/V/V/V/S/V/C/{0}	{0}
Global subroutine: Deluxe GC init1	7	unchanged	C/F/S/S/M/S/M/V/N/A/V/O/C/C/M/M/R/N/O/F/Y/F/F/N/X/O/F/F/M/F/M/R/M/H/H/H/H/H/H/H/H/{0}	C/F/S/S/M/S/M/V/N/A/V/O/C/C/M/M/R/N/O/F/Y/F/F/N/X/O/F/F/M/F/M/R/M/H/H/H/H/H/H/H/H/{0}	{0}
Global subroutine: Deluxe GC init1	8	unchanged	H/N/Y/R/H/H/H/O/M/R/C/O/E/E/X/X/X/Q/Q/S/S/S/C/C/E/E/A/Q/S/G/G/R/C/R/C/R/C/Q/R/B/N/{0}	H/N/Y/R/H/H/H/O/M/R/C/O/E/E/X/X/X/Q/Q/S/S/S/C/C/E/E/A/Q/S/G/G/R/C/R/C/R/C/Q/R/B/N/{0}	{0}
Global subroutine: Deluxe GC init1	9	unchanged	N/N/Y/M/P/O/P/O/P/M/H/H/R/C/N/M/H/H/O/R/S/S/P/O/M/P/O/Y/Y/O/O/S/S/R/R/R/C/C/S/C/W/{0}	N/N/Y/M/P/O/P/O/P/M/H/H/R/C/N/M/H/H/O/R/S/S/P/O/M/P/O/Y/Y/O/O/S/S/R/R/R/C/C/S/C/W/{0}	{0}
Global subroutine: Deluxe GC init1	10	unchanged	C/S/Y/F/S/S/R/R/M/R/N/R/N/R/S/S/R/R/C/R/C/R/C/N/R/R/C/R/C/F/F/Y/F/M/M/M/M/M/P/P/P/{0}	C/S/Y/F/S/S/R/R/M/R/N/R/N/R/S/S/R/R/C/R/C/R/C/N/R/R/C/R/C/F/F/Y/F/M/M/M/M/M/P/P/P/{0}	{0}
Global subroutine: Deluxe GC init1	11	unchanged	Y/P/Y/P/Y/P/Y/P/M/Y/P/W/F	Y/P/Y/P/Y/P/Y/P/M/Y/P/W/F	
Global subroutine: Deluxe GC init1	12	unchanged	/	/	
Global subroutine: Deluxe GC init1	13	unchanged	D/R/M/Y/W/L/G/H/T/S/C/F/V/O/A/P/B/N/Q/X/Z/U/E/J/K	D/R/M/Y/W/L/G/H/T/S/C/F/V/O/A/P/B/N/Q/X/Z/U/E/J/K	
Global subroutine: Deluxe GC init1	14	unchanged	/	/	
Global subroutine: Deluxe GC init1	15	unchanged	Burnt Food/Butter Knife/Carbon-Steel Knife/Portable Knife/Sharp Knife/Genji's Dagg{0}	Burnt Food/Butter Knife/Carbon-Steel Knife/Portable Knife/Sharp Knife/Genji's Dagg{0}	{0}
Global subroutine: Deluxe GC init1	16	unchanged	er/Kitchen Knife/Head Chef's Knife/Energy Drink/Suspicious Drinks/Jump Boots/Seaso{0}	er/Kitchen Knife/Head Chef's Knife/Energy Drink/Suspicious Drinks/Jump Boots/Seaso{0}	{0}
Global subroutine: Deluxe GC init1	17	unchanged	ning Packets/Vacuum/Dash Boots/Teleport Spell/Food Dupe Spell/Gas Torch/ServingBal{0}	ning Packets/Vacuum/Dash Boots/Teleport Spell/Food Dupe Spell/Gas Torch/ServingBal{0}	{0}
Global subroutine: Deluxe GC init1	18	unchanged	l/$100/Food Box/Freeze Gun/Red Pepper Paste/Sweet Soy Sauce/Sweet&Spicy Sauce/Brot{0}	l/$100/Food Box/Freeze Gun/Red Pepper Paste/Sweet Soy Sauce/Sweet&Spicy Sauce/Brot{0}	{0}
Global subroutine: Deluxe GC init1	19	unchanged	h/Boiled Broth/Beef/Steak/Sliced Beef/Grilled Beef/Minced Beef/Stir-fried Beef/Boi{0}	h/Boiled Broth/Beef/Steak/Sliced Beef/Grilled Beef/Minced Beef/Stir-fried Beef/Boi{0}	{0}
Global subroutine: Deluxe GC init1	20	unchanged	led Beef/Sliced Boiled Beef/Beef+Broth/Beef Short Rib Soup/Pork/Char-grilled Pork {0}	led Beef/Sliced Boiled Beef/Beef+Broth/Beef Short Rib Soup/Pork/Char-grilled Pork {0}	{0}
Global subroutine: Deluxe GC init1	21	unchanged	Trotters/Sliced Pork/Grilled Pork/Minced Pork/Stir-fried Pork/Boiled Pork/Sliced B{0}	Trotters/Sliced Pork/Grilled Pork/Minced Pork/Stir-fried Pork/Boiled Pork/Sliced B{0}	{0}
Global subroutine: Deluxe GC init1	22	unchanged	oiled Pork/Rice Soup/Beef Rice Soup/Pork Rice Soup/Pork Belly Rice Bowl/Beef+Soy S{0}	oiled Pork/Rice Soup/Beef Rice Soup/Pork Rice Soup/Pork Belly Rice Bowl/Beef+Soy S{0}	{0}
Global subroutine: Deluxe GC init1	23	unchanged	auce/Beef Bulgogi/Pork+Soy Sauce/Pork Bulgogi/Bulgogi Rice Bowl/Pork+Sweet&Spicy S{0}	auce/Beef Bulgogi/Pork+Soy Sauce/Pork Bulgogi/Bulgogi Rice Bowl/Pork+Sweet&Spicy S{0}	{0}
Global subroutine: Deluxe GC init1	24	unchanged	auce/Marinated Pork/Spicy Pork/Spicy Pork Rice Bowl/Small Steamed Rice/Rice Ball/S{0}	auce/Marinated Pork/Spicy Pork/Spicy Pork Rice Bowl/Small Steamed Rice/Rice Ball/S{0}	{0}
Global subroutine: Deluxe GC init1	25	unchanged	oy Sauce Rice/Tuna/Sliced Tuna/Tuna Sashimi/Tuna Sushi/Soy Sauce Marinated Tuna/Tu{0}	oy Sauce Rice/Tuna/Sliced Tuna/Tuna Sashimi/Tuna Sushi/Soy Sauce Marinated Tuna/Tu{0}	{0}
Global subroutine: Deluxe GC init1	26	unchanged	na Rice Bowl/Eel/Sliced Eel/Grilled Eel/Eel+Soy Sauce/Sweet&Spicy Grilled Eel/Eel {0}	na Rice Bowl/Eel/Sliced Eel/Grilled Eel/Eel+Soy Sauce/Sweet&Spicy Grilled Eel/Eel {0}	{0}
Global subroutine: Deluxe GC init1	27	unchanged	Sushi/Eel Rice Bowl/Egg/Boiled Egg/Peeled Egg/Fried Egg/Mixed Egg	Sushi/Eel Rice Bowl/Egg/Boiled Egg/Peeled Egg/Fried Egg/Mixed Egg	
Global subroutine: Deluxe GC init1	28	unchanged	/	/	
Global subroutine: Deluxe GC init1	29	unchanged	Scrambled Egg/Steamed Egg/Rolled Omelette/Egg Sushi/Egg & Eel Rice Bowl/Salmon/Sli{0}	Scrambled Egg/Steamed Egg/Rolled Omelette/Egg Sushi/Egg & Eel Rice Bowl/Salmon/Sli{0}	{0}
Global subroutine: Deluxe GC init1	30	unchanged	ced Salmon/Salmon Sashimi/Salmon Sushi/Soy Sauce Marinated Salmon/Salmon Rice Bowl{0}	ced Salmon/Salmon Sashimi/Salmon Sushi/Soy Sauce Marinated Salmon/Salmon Rice Bowl{0}	{0}
Global subroutine: Deluxe GC init1	31	unchanged	/Soy Sauce Egg Rice/Rice Dough/Rolled Rice Dough/Rice Paper/Soaked Rice Paper/Rice{0}	/Soy Sauce Egg Rice/Rice Dough/Rolled Rice Dough/Rice Paper/Soaked Rice Paper/Rice{0}	{0}
Global subroutine: Deluxe GC init1	32	unchanged	 Noodles/Boiled Rice Noodles/Rice Noodle Soup/Vegetables/Sliced Vegetables/Minced {0}	 Noodles/Boiled Rice Noodles/Rice Noodle Soup/Vegetables/Sliced Vegetables/Minced {0}	{0}
Global subroutine: Deluxe GC init1	33	unchanged	Vegetables/Pork+Vegetables/Raw Meat Spring Roll/Fried Meat Spring Roll/Shrimp/Gril{0}	Vegetables/Pork+Vegetables/Raw Meat Spring Roll/Fried Meat Spring Roll/Shrimp/Gril{0}	{0}
Global subroutine: Deluxe GC init1	34	unchanged	led Shrimp/Boiled Shrimp/Shrimp+Vegetables/Raw Shrimp Spring Roll/Fried Shrimp Spr{0}	led Shrimp/Boiled Shrimp/Shrimp+Vegetables/Raw Shrimp Spring Roll/Fried Shrimp Spr{0}	{0}
Global subroutine: Deluxe GC init1	35	unchanged	ing Roll/Fresh Spring Roll Base/Vegetable Fresh Spring Roll/Pork+Fresh Spring Roll{0}	ing Roll/Fresh Spring Roll Base/Vegetable Fresh Spring Roll/Pork+Fresh Spring Roll{0}	{0}
Global subroutine: Deluxe GC init1	36	unchanged	/Meat Fresh Spring Roll/Shrimp+Fresh Spring Roll/Shrimp Fresh Spring Roll/Shrimp R{0}	/Meat Fresh Spring Roll/Shrimp+Fresh Spring Roll/Shrimp Fresh Spring Roll/Shrimp R{0}	{0}
Global subroutine: Deluxe GC init1	37	unchanged	ice Noodle Soup/Rice Noodles+Soy Sauce/Noodles+Soy Sauce+Vegetables/Noodles+Soy Sa{0}	ice Noodle Soup/Rice Noodles+Soy Sauce/Noodles+Soy Sauce+Vegetables/Noodles+Soy Sa{0}	{0}
Global subroutine: Deluxe GC init1	38	unchanged	uce+Shrimp/Noodles+Soy Sauce+Pork/Vegetable Pad Thai/Shrimp Pad Thai/Bun cha/Stir-{0}	uce+Shrimp/Noodles+Soy Sauce+Pork/Vegetable Pad Thai/Shrimp Pad Thai/Bun cha/Stir-{0}	{0}
Global subroutine: Deluxe GC init1	39	unchanged	fried Rice/Fried Rice/Pilaf/Curry Powder/Curry/Curry Rice/Chicken/Char-grilled Who{0}	fried Rice/Fried Rice/Pilaf/Curry Powder/Curry/Curry Rice/Chicken/Char-grilled Who{0}	{0}
Global subroutine: Deluxe GC init1	40	unchanged	le Chicken/Boiled Chicken/Sliced Chicken/Grilled Chicken/Sliced Boiled Chicken/Cho{0}	le Chicken/Boiled Chicken/Sliced Chicken/Grilled Chicken/Sliced Boiled Chicken/Cho{0}	{0}
Global subroutine: Deluxe GC init1	41	unchanged	pped Chicken/Stir-fried Chicken/Curry+Chicken/Tandoori Chicken	pped Chicken/Stir-fried Chicken/Curry+Chicken/Tandoori Chicken	
Global subroutine: Deluxe GC init1	42	unchanged	/	/	
Global subroutine: Deluxe GC init1	43	unchanged	Chickpeas/Boiled Chickpeas/Chicken Pilaf/Chickpea Curry/Bean Rice/Chickpea Pilaf/L{0}	Chickpeas/Boiled Chickpeas/Chicken Pilaf/Chickpea Curry/Bean Rice/Chickpea Pilaf/L{0}	{0}
Global subroutine: Deluxe GC init1	44	unchanged	amb/Lamb Roast/Sliced Lamb/Stir-fried Lamb/Lamb Pilaf/Lamb Curry/Chicken Curry/Cur{0}	amb/Lamb Roast/Sliced Lamb/Stir-fried Lamb/Lamb Pilaf/Lamb Curry/Chicken Curry/Cur{0}	{0}
Global subroutine: Deluxe GC init1	45	unchanged	ry+Cooked Rice/Curry Pilaf/Cooked Rice/Broth+Cooked Rice/Risotto/Pasta/Boiled Past{0}	ry+Cooked Rice/Curry Pilaf/Cooked Rice/Broth+Cooked Rice/Risotto/Pasta/Boiled Past{0}	{0}
Global subroutine: Deluxe GC init1	46	unchanged	a/Meat Sauce+Pasta/Tomato/Grilled Tomato/Sliced Tomato/Mashed Tomato/Tomato Sauce/{0}	a/Meat Sauce+Pasta/Tomato/Grilled Tomato/Sliced Tomato/Mashed Tomato/Tomato Sauce/{0}	{0}
Global subroutine: Deluxe GC init1	47	unchanged	Cream Sauce/Creamy Tomato Sauce/Shrimp+Broth+Cooked Rice/Shrimp Risotto/Tomato+Coo{0}	Cream Sauce/Creamy Tomato Sauce/Shrimp+Broth+Cooked Rice/Shrimp Risotto/Tomato+Coo{0}	{0}
Global subroutine: Deluxe GC init1	48	unchanged	ked Rice/Tomato Risotto/Cream+Cooked Rice/Cream Risotto/Creamy Tomato+Cooked Rice/{0}	ked Rice/Tomato Risotto/Cream+Cooked Rice/Cream Risotto/Creamy Tomato+Cooked Rice/{0}	{0}
Global subroutine: Deluxe GC init1	49	unchanged	Creamy Tomato Risotto/Shrimp+Tomato+Cooked Rice/Shrimp Tomato Risotto/Shrimp+Cream{0}	Creamy Tomato Risotto/Shrimp+Tomato+Cooked Rice/Shrimp Tomato Risotto/Shrimp+Cream{0}	{0}
Global subroutine: Deluxe GC init1	50	unchanged	+Cooked Rice/Shrimp Cream Risotto/Shrimp+Creamy Tomato+Cooked Rice/Shrimp Creamy T{0}	+Cooked Rice/Shrimp Cream Risotto/Shrimp+Creamy Tomato+Cooked Rice/Shrimp Creamy T{0}	{0}
Global subroutine: Deluxe GC init1	51	unchanged	omato Risotto/Shrimp+Pasta/Shrimp Pasta/Tomato+Pasta/Tomato Pasta/Cream+Pasta/Crea{0}	omato Risotto/Shrimp+Pasta/Shrimp Pasta/Tomato+Pasta/Tomato Pasta/Cream+Pasta/Crea{0}	{0}
Global subroutine: Deluxe GC init1	52	unchanged	m Pasta/Creamy Tomato+Pasta/Creamy Tomato Pasta/Shrimp+Tomato+Pasta/Shrimp Tomato {0}	m Pasta/Creamy Tomato+Pasta/Creamy Tomato Pasta/Shrimp+Tomato+Pasta/Shrimp Tomato {0}	{0}
Global subroutine: Deluxe GC init1	53	unchanged	Pasta/Shrimp+Cream+Pasta/Shrimp Cream Pasta/Shrimp+Creamy Tomato+Pasta/Shrimp Crea{0}	Pasta/Shrimp+Cream+Pasta/Shrimp Cream Pasta/Shrimp+Creamy Tomato+Pasta/Shrimp Crea{0}	{0}
Global subroutine: Deluxe GC init1	54	unchanged	my Tomato Pasta/Cheese/Sliced Cheese/Melted Cheese/Donjang Sauce/Grilled Pork Inte{0}	my Tomato Pasta/Cheese/Sliced Cheese/Melted Cheese/Donjang Sauce/Grilled Pork Inte{0}	{0}
Global subroutine: Deluxe GC init1	55	unchanged	stines/Raw Sausage/Smoked Sausage/Grilled Sausage/Boiled Sausage	stines/Raw Sausage/Smoked Sausage/Grilled Sausage/Boiled Sausage	
Global subroutine: Deluxe GC init1	56	unchanged	/	/	
Global subroutine: Deluxe GC init1	57	unchanged	Bread/Bread Pieces/Breadcrumbs/Potato/Grilled Potato/Steamed Potato/Sliced Potato/{0}	Bread/Bread Pieces/Breadcrumbs/Potato/Grilled Potato/Steamed Potato/Sliced Potato/{0}	{0}
Global subroutine: Deluxe GC init1	58	unchanged	Stir-fried Potato/French Fries/Boiled Potato/Mashed Potato/Hash Browns/Potato Doug{0}	Stir-fried Potato/French Fries/Boiled Potato/Mashed Potato/Hash Browns/Potato Doug{0}	{0}
Global subroutine: Deluxe GC init1	59	unchanged	h/Potato Pancake/Pickled Cabbage/Hot Dog/Cheese Hot Dog/Fondue/Cheese Fries/Cheese{0}	h/Potato Pancake/Pickled Cabbage/Hot Dog/Cheese Hot Dog/Fondue/Cheese Fries/Cheese{0}	{0}
Global subroutine: Deluxe GC init1	60	unchanged	 Potato Pancake/Pork Trotters+Potato/Pork Trotters+Pickled Cabbage/Pork Trotters S{0}	 Potato Pancake/Pork Trotters+Potato/Pork Trotters+Pickled Cabbage/Pork Trotters S{0}	{0}
Global subroutine: Deluxe GC init1	61	unchanged	et/Sausage+Potato/Sausage+Pickled Cabbage/Sausage Platter/Potato Salad/Raw Cutlet/{0}	et/Sausage+Potato/Sausage+Pickled Cabbage/Sausage Platter/Potato Salad/Raw Cutlet/{0}	{0}
Global subroutine: Deluxe GC init1	62	unchanged	Cutlet/Raw Meatball/Meatball/Wine/Tomato Stew Base/Cream Stew Base/Wine Stew Base/{0}	Cutlet/Raw Meatball/Meatball/Wine/Tomato Stew Base/Cream Stew Base/Wine Stew Base/{0}	{0}
Global subroutine: Deluxe GC init1	63	unchanged	Tomato+Beef/Tomato Beef Stew/Cream+Beef/Cream Beef Stew/Wine+Beef/Beef Stew/Tomato{0}	Tomato+Beef/Tomato Beef Stew/Cream+Beef/Cream Beef Stew/Wine+Beef/Beef Stew/Tomato{0}	{0}
Global subroutine: Deluxe GC init1	64	unchanged	+Chicken/Tomato Chicken Stew/Cream+Chicken/Cream Chicken Stew/Wine+Chicken/Chicken{0}	+Chicken/Tomato Chicken Stew/Cream+Chicken/Cream Chicken Stew/Wine+Chicken/Chicken{0}	{0}
Global subroutine: Deluxe GC init1	65	unchanged	 Stew/Meat Sauce/Steak Sauce/Mulled Wine/Pie Dough/Tart Dough/Beef+Pie Dough/PD+Be{0}	 Stew/Meat Sauce/Steak Sauce/Mulled Wine/Pie Dough/Tart Dough/Beef+Pie Dough/PD+Be{0}	{0}
Global subroutine: Deluxe GC init1	66	unchanged	ef+PD/Raw Meat Pie/Meat Pie/Sugar/Apple/Sliced Apple/Apple+Sugar/Stewed Apples/App{0}	ef+PD/Raw Meat Pie/Meat Pie/Sugar/Apple/Sliced Apple/Apple+Sugar/Stewed Apples/App{0}	{0}
Global subroutine: Deluxe GC init1	67	unchanged	le Jam/Steak+Pastry Dough/Raw Beef Wellington/Beef Wellington/Beef+Egg/Batter/Raw {0}	le Jam/Steak+Pastry Dough/Raw Beef Wellington/Beef Wellington/Beef+Egg/Batter/Raw {0}	{0}
Global subroutine: Deluxe GC init1	68	unchanged	Scotch Egg/Scotch Egg/Apple+Pie Dough/PD+Apple+PD/Raw Apple Pie/Apple Pie/Raw Appl{0}	Scotch Egg/Scotch Egg/Apple+Pie Dough/PD+Apple+PD/Raw Apple Pie/Apple Pie/Raw Appl{0}	{0}
Global subroutine: Deluxe GC init1	69	unchanged	e Tart/Apple Tart/Raw Apple Jam Tart/Apple Jam Tart/Seaweed	e Tart/Apple Tart/Raw Apple Jam Tart/Apple Jam Tart/Seaweed	
Global subroutine: Deluxe GC init1	70	unchanged	/	/	
Global subroutine: Deluxe GC init1	71	unchanged	Seaweed+Rice/Seaweed+Rice+Bulgogi/Bulgogi Kimbap/Seaweed+Rice+Spicy Pork/Spicy Por{0}	Seaweed+Rice/Seaweed+Rice+Bulgogi/Bulgogi Kimbap/Seaweed+Rice+Spicy Pork/Spicy Por{0}	{0}
Global subroutine: Deluxe GC init1	72	unchanged	k Kimbap/Seasoned Raw Beef/Cooking Wine/Galbi Marinade/Beef+Galbi Marinade/Beef Sh{0}	k Kimbap/Seasoned Raw Beef/Cooking Wine/Galbi Marinade/Beef+Galbi Marinade/Beef Sh{0}	{0}
Global subroutine: Deluxe GC init1	73	unchanged	ort Ribs/Pork+Galbi Marinade/Pork Ribs/Tuna Gunkan Sushi/Raw Shrimp Sushi/Shrimp S{0}	ort Ribs/Pork+Galbi Marinade/Pork Ribs/Tuna Gunkan Sushi/Raw Shrimp Sushi/Shrimp S{0}	{0}
Global subroutine: Deluxe GC init1	74	unchanged	ushi/Onigiri/Vegetable Broth/Tom Yum Goong/Tom Yum Goong Noodle Soup/Beef Rice Noo{0}	ushi/Onigiri/Vegetable Broth/Tom Yum Goong/Tom Yum Goong Noodle Soup/Beef Rice Noo{0}	{0}
Global subroutine: Deluxe GC init1	75	unchanged	dle Soup/Chicken Rice Noodle Soup/Tomato Stew/Cream Stew/Stir-fried Vegetables/Egg{0}	dle Soup/Chicken Rice Noodle Soup/Tomato Stew/Cream Stew/Stir-fried Vegetables/Egg{0}	{0}
Global subroutine: Deluxe GC init1	76	unchanged	 White/Egg Yolk/Egg White+Sugar/Meringue/Meringue Cookie/Soufflé Batter/Soufflé Pa{0}	 White/Egg Yolk/Egg White+Sugar/Meringue/Meringue Cookie/Soufflé Batter/Soufflé Pa{0}	{0}
Global subroutine: Deluxe GC init1	77	unchanged	ncake/Frying Mix/Sliced Chicken+Frying Mix/Fried Chicken/Chopped Chicken+Frying Mi{0}	ncake/Frying Mix/Sliced Chicken+Frying Mix/Fried Chicken/Chopped Chicken+Frying Mi{0}	{0}
Global subroutine: Deluxe GC init1	78	unchanged	x/Chicken Nugget/Raw Patty/Cooked Patty/B+P/B+C/B+P+C/B+Chicken/B+Chicken+C/Hambur{0}	x/Chicken Nugget/Raw Patty/Cooked Patty/B+P/B+C/B+P+C/B+Chicken/B+Chicken+C/Hambur{0}	{0}
Global subroutine: Deluxe GC init1	79	unchanged	ger/Cheeseburger/Chicken Burger/Chicken Cheeseburger/Raw Cheese Stick/Cheese Stick{0}	ger/Cheeseburger/Chicken Burger/Chicken Cheeseburger/Raw Cheese Stick/Cheese Stick{0}	{0}
Global subroutine: Deluxe GC init1	80	unchanged	/Meat Sauce Pasta/Vegetable Sandwich/Shrimp Sandwich/Meat Sandwich/Shrimp Pilaf/Be{0}	/Meat Sauce Pasta/Vegetable Sandwich/Shrimp Sandwich/Meat Sandwich/Shrimp Pilaf/Be{0}	{0}
Global subroutine: Deluxe GC init1	81	unchanged	ef Pilaf/Chili Sauce/Vindaloo Curry/Shrimp Curry/Clam/Clams+Pasta/Vongole Pasta/Cl{0}	ef Pilaf/Chili Sauce/Vindaloo Curry/Shrimp Curry/Clam/Clams+Pasta/Vongole Pasta/Cl{0}	{0}
Global subroutine: Deluxe GC init1	82	unchanged	ams+Broth+Cooked Rice/Vongole Risotto/Wine+Cooked Rice/Wine Risotto/Chocolate/Melt{0}	ams+Broth+Cooked Rice/Vongole Risotto/Wine+Cooked Rice/Wine Risotto/Chocolate/Melt{0}	{0}
Global subroutine: Deluxe GC init1	83	unchanged	ed Chocolate/Chocolate Fondue/Curry+Tomato/Curried Sausage	ed Chocolate/Chocolate Fondue/Curry+Tomato/Curried Sausage	
Global subroutine: Deluxe GC init1	84	unchanged	/	/	
Global subroutine: Deluxe GC init1	85	unchanged	Glass Noodles/Sliced Glass Noodles/Glass Noodles+Pork/Raw Blood Sausage/Blood Saus{0}	Glass Noodles/Sliced Glass Noodles/Glass Noodles+Pork/Raw Blood Sausage/Blood Saus{0}	{0}
Global subroutine: Deluxe GC init1	86	unchanged	age/Okra/Sliced Okra/Tomato+Okra/Tomato Okra Stew/Tomato+Okra+Beef/Tomato Okra Bee{0}	age/Okra/Sliced Okra/Tomato+Okra/Tomato Okra Stew/Tomato+Okra+Beef/Tomato Okra Bee{0}	{0}
Global subroutine: Deluxe GC init1	87	unchanged	f Stew/Tomato+Lamb/Tomato Lamb Stew/Wine+Lamb/Lamb Stew/Sardine/Sliced Sardine/Sar{0}	f Stew/Tomato+Lamb/Tomato Lamb Stew/Wine+Lamb/Lamb Stew/Sardine/Sliced Sardine/Sar{0}	{0}
Global subroutine: Deluxe GC init1	88	unchanged	dine+Pie Dough/PD+Sardine+PD/Raw Sardine Pie/Sardine Pie/Walnut Filling/Raw Walnut{0}	dine+Pie Dough/PD+Sardine+PD/Raw Sardine Pie/Sardine Pie/Walnut Filling/Raw Walnut{0}	{0}
Global subroutine: Deluxe GC init1	89	unchanged	 Pie/Walnut Pie/Raw Walnut Tart/Walnut Tart/Pie and Mash/B+Bulgogi/Bulgogi Burger/{0}	 Pie/Walnut Pie/Raw Walnut Tart/Walnut Tart/Pie and Mash/B+Bulgogi/Bulgogi Burger/{0}	{0}
Global subroutine: Deluxe GC init1	90	unchanged	Buffalo Wings/Sweet&Spicy Chicken/Raw Shrimp Patty/Shrimp Patty/B+Shrimp/Shrimp Bu{0}	Buffalo Wings/Sweet&Spicy Chicken/Raw Shrimp Patty/Shrimp Patty/B+Shrimp/Shrimp Bu{0}	{0}
Global subroutine: Deluxe GC init1	91	unchanged	rger/Melted Sugar/Whole Apple Tanghulu/Chopped Chocolate/Chocolate Syrup/Toasted B{0}	rger/Melted Sugar/Whole Apple Tanghulu/Chopped Chocolate/Chocolate Syrup/Toasted B{0}	{0}
Global subroutine: Deluxe GC init1	92	unchanged	read/Bread Pieces+Sugar/Bread Rusk/Sugar Toast/Apple Tanghulu/Egg+Bread/Egg Bread/{0}	read/Bread Pieces+Sugar/Bread Rusk/Sugar Toast/Apple Tanghulu/Egg+Bread/Egg Bread/{0}	{0}
Global subroutine: Deluxe GC init1	93	unchanged	French Toast/Apple Jam Toast/Choco-Dipped Apple/Chocolate Toast/Strawberry/Mashed {0}	French Toast/Apple Jam Toast/Choco-Dipped Apple/Chocolate Toast/Strawberry/Mashed {0}	{0}
Global subroutine: Deluxe GC init1	94	unchanged	Strawberry/Strawberry+Sugar/Strawberry Jam/Strawberry Tanghulu/Choco-Dipped Berry/{0}	Strawberry/Strawberry+Sugar/Strawberry Jam/Strawberry Tanghulu/Choco-Dipped Berry/{0}	{0}
Global subroutine: Deluxe GC init1	95	unchanged	Strawberry Jam Toast/Milk/Strawberry Milk/Chocolate Milk/Banana/Peeled Banana/Choc{0}	Strawberry Jam Toast/Milk/Strawberry Milk/Chocolate Milk/Banana/Peeled Banana/Choc{0}	{0}
Global subroutine: Deluxe GC init1	96	unchanged	o-Dipped Banana/Banana Choco Toast/Doubanjiang/Stir-fried Doubanjiang/Lamb Skewers{0}	o-Dipped Banana/Banana Choco Toast/Doubanjiang/Stir-fried Doubanjiang/Lamb Skewers{0}	{0}
Global subroutine: Deluxe GC init1	97	unchanged	/Spicy Vegetable Broth/Mild Lamb Hotpot/Spicy Lamb Hotpot	/Spicy Vegetable Broth/Mild Lamb Hotpot/Spicy Lamb Hotpot	
Global subroutine: Deluxe GC init1	98	unchanged	/	/	
Global subroutine: Deluxe GC init1	99	unchanged	Mild Pork Hotpot/Spicy Pork Hotpot/Soy-braised Pork/Soy-grilled Pork/Doubanjiang M{0}	Mild Pork Hotpot/Spicy Pork Hotpot/Soy-braised Pork/Soy-grilled Pork/Doubanjiang M{0}	{0}
Global subroutine: Deluxe GC init1	100	unchanged	arinade/Vegetables+Doubanjiang/Doubanjiang Stir-fried Vegetables/Lamb+Doubanjiang/{0}	arinade/Vegetables+Doubanjiang/Doubanjiang Stir-fried Vegetables/Lamb+Doubanjiang/{0}	{0}
Global subroutine: Deluxe GC init1	101	unchanged	Doubanjiang Stir-fried Lamb/Pork+Doubanjiang/Doubanjiang Stir-fried Pork/Mild Beef{0}	Doubanjiang Stir-fried Lamb/Pork+Doubanjiang/Doubanjiang Stir-fried Pork/Mild Beef{0}	{0}
Global subroutine: Deluxe GC init1	102	unchanged	 Hotpot/Spicy Beef Hotpot/Beef+Doubanjiang/Doubanjiang Stir-fried Beef/Shrimp+Doub{0}	 Hotpot/Spicy Beef Hotpot/Beef+Doubanjiang/Doubanjiang Stir-fried Beef/Shrimp+Doub{0}	{0}
Global subroutine: Deluxe GC init1	103	unchanged	anjiang/Doubanjiang Stir-fried Shrimp/Tortilla/Tortilla Pieces/Nachos/Taco Base/Be{0}	anjiang/Doubanjiang Stir-fried Shrimp/Tortilla/Tortilla Pieces/Nachos/Taco Base/Be{0}	{0}
Global subroutine: Deluxe GC init1	104	unchanged	ef Taco/Pork Taco/Lamb Taco/Boiled Lamb/Sliced Boiled Lamb/Boiled Beef Taco/Boiled{0}	ef Taco/Pork Taco/Lamb Taco/Boiled Lamb/Sliced Boiled Lamb/Boiled Beef Taco/Boiled{0}	{0}
Global subroutine: Deluxe GC init1	105	unchanged	 Pork Taco/Boiled Lamb Taco/Beef Taco+Cheese/Beef Quesadilla/Pork Taco+Cheese/Pork{0}	 Pork Taco/Boiled Lamb Taco/Beef Taco+Cheese/Beef Quesadilla/Pork Taco+Cheese/Pork{0}	{0}
Global subroutine: Deluxe GC init1	106	unchanged	 Quesadilla/Lamb Taco+Cheese/Lamb Quesadilla/Cheese Nachos/Gambas Taco/Chicken Tac{0}	 Quesadilla/Lamb Taco+Cheese/Lamb Quesadilla/Cheese Nachos/Gambas Taco/Chicken Tac{0}	{0}
Global subroutine: Deluxe GC init1	107	unchanged	o/Chicken Taco+Cheese/Chicken Quesadilla/Raw Rice/Steamed Rice	o/Chicken Taco+Cheese/Chicken Quesadilla/Raw Rice/Steamed Rice	
Global subroutine: Deluxe GC init1	108	unchanged	/	/	
Global subroutine: Deluxe GC init1	109	unchanged	0/0/0/0/0/0/0/0/0/0/0/0/0/0/0/0/0/0/0/0/0/0/0/0/0/0/0/3/0/3/0/3/0/0/0/4/0/3/0/3/0/{0}	0/0/0/0/0/0/0/0/0/0/0/0/0/0/0/0/0/0/0/0/0/0/0/0/0/0/0/3/0/3/0/3/0/0/0/4/0/3/0/3/0/{0}	{0}
Global subroutine: Deluxe GC init1	110	unchanged	3/0/0/4/5/5/4/0/4/0/4/5/0/4/4/5/0/3/0/0/0/3/5/4/5/0/0/4/0/4/5/5/0/3/0/3/0/3/3/3/4/{0}	3/0/0/4/5/5/4/0/4/0/4/5/0/4/4/5/0/3/0/0/0/3/5/4/5/0/0/4/0/4/5/5/0/3/0/3/0/3/3/3/4/{0}	{0}
Global subroutine: Deluxe GC init1	111	unchanged	6/0/0/3/5/4/5/4/0/0/0/0/0/0/5/0/0/0/0/0/6/0/0/0/0/0/6/0/4/0/6/0/5/6/0/0/0/0/6/6/8/{0}	6/0/0/3/5/4/5/4/0/0/0/0/0/0/5/0/0/0/0/0/6/0/0/0/0/0/6/0/4/0/6/0/5/6/0/0/0/0/6/6/8/{0}	{0}
Global subroutine: Deluxe GC init1	112	unchanged	0/0/5/0/3/4/0/3/0/0/3/0/0/0/0/4/0/0/8/4/3/6/0/3/0/3/8/5/5/0/7/0/0/6/0/0/0/0/3/3/0/{0}	0/0/5/0/3/4/0/3/0/0/3/0/0/0/0/4/0/0/8/4/3/6/0/3/0/3/8/5/5/0/7/0/0/6/0/0/0/0/3/3/0/{0}	{0}
Global subroutine: Deluxe GC init1	113	unchanged	0/0/0/0/6/0/7/0/5/0/8/0/8/0/6/0/9/0/5/0/6/0/5/0/7/0/7/0/6/0/8/0/0/0/0/3/0/5/5/5/0/{0}	0/0/0/0/6/0/7/0/5/0/8/0/8/0/6/0/9/0/5/0/6/0/5/0/7/0/7/0/6/0/8/0/0/0/0/3/0/5/5/5/0/{0}	{0}
Global subroutine: Deluxe GC init1	114	unchanged	0/0/0/3/3/0/3/4/3/4/5/0/5/0/5/6/4/5/6/0/0/6/0/0/5/4/0/5/0/6/0/0/0/0/0/6/0/5/0/5/0/{0}	0/0/0/3/3/0/3/4/3/4/5/0/5/0/5/6/4/5/6/0/0/6/0/0/5/4/0/5/0/6/0/0/0/0/0/6/0/5/0/5/0/{0}	{0}
Global subroutine: Deluxe GC init1	115	unchanged	6/0/5/0/5/0/0/3/0/0/0/0/0/8/0/0/0/0/3/3/0/0/8/0/0/0/8/0/0/0/8/0/6/0/6/0/0/0/9/0/9/{0}	6/0/5/0/5/0/0/3/0/0/0/0/0/8/0/0/0/0/3/3/0/0/8/0/0/0/8/0/0/0/8/0/6/0/6/0/0/0/9/0/9/{0}	{0}
Global subroutine: Deluxe GC init1	116	unchanged	7/0/0/0/8/0/8/9/7/8/7/0/5/7/9/9/5/4/0/0/0/0/0/4/0/5/0/0/4/0/4/0/0/0/0/0/0/0/4/5/4/{0}	7/0/0/0/8/0/8/9/7/8/7/0/5/7/9/9/5/4/0/0/0/0/0/4/0/5/0/0/4/0/4/0/0/0/0/0/0/0/4/5/4/{0}	{0}
Global subroutine: Deluxe GC init1	117	unchanged	0/0/7/9/7/8/8/8/9/0/7/8/0/0/7/0/9/0/8/0/0/7/0/8/0/0/0/0/9/0/0/0/8/0/9/0/8/0/7/0/0/{0}	0/0/7/9/7/8/8/8/9/0/7/8/0/0/7/0/9/0/8/0/0/7/0/8/0/0/0/0/9/0/0/0/8/0/9/0/8/0/7/0/0/{0}	{0}
Global subroutine: Deluxe GC init1	118	unchanged	0/0/0/8/0/0/7/0/8/9/0/8/7/7/0/0/0/9/0/3/0/3/3/0/4/4/4/0/0/5/5/4/6/0/0/0/4/3/4/5/0/{0}	0/0/0/8/0/0/7/0/8/9/0/8/7/7/0/0/0/9/0/3/0/3/3/0/4/4/4/0/0/5/5/4/6/0/0/0/4/3/4/5/0/{0}	{0}
Global subroutine: Deluxe GC init1	119	unchanged	6/7/0/0/7/9/0/0/3/0/5/6/5/6/4/4/0/0/4/0/4/0/4/8/9/0/8/0/7/0/0/3/0/6/6/6/0/0/6/6/6/{0}	6/7/0/0/7/9/0/0/3/0/5/6/5/6/4/4/0/0/4/0/4/0/4/8/9/0/8/0/7/0/0/3/0/6/6/6/0/0/6/6/6/{0}	{0}
Global subroutine: Deluxe GC init1	120	unchanged	0/8/0/8/0/8/4/7/8/0/9/0/3	0/8/0/8/0/8/4/7/8/0/9/0/3	
Global subroutine: Deluxe GC init1	121	unchanged	/	/	
Global subroutine: Deluxe GC init1	122	unchanged	0/1/2/3/4/5/6/7/8/9	0/1/2/3/4/5/6/7/8/9	
Global subroutine: Deluxe GC init1	123	unchanged	/	/	
Global subroutine: Deluxe GC init1	124	unchanged	0/1/2/3/4/5/6/7/8/9/10/11/12/13/14/15/16/17/18/19/20/21/22/23/24/25/26/27/28/29/30{0}	0/1/2/3/4/5/6/7/8/9/10/11/12/13/14/15/16/17/18/19/20/21/22/23/24/25/26/27/28/29/30{0}	{0}
Global subroutine: Deluxe GC init1	125	unchanged	/31/32/33/34/35/36/37/38/39/40/41/42/43/44/45/46/47/48/49/50/51/52/53/54/55/56/57/{0}	/31/32/33/34/35/36/37/38/39/40/41/42/43/44/45/46/47/48/49/50/51/52/53/54/55/56/57/{0}	{0}
Global subroutine: Deluxe GC init1	126	unchanged	58/59/60/61/62/63/64/65/66/67/68/69/70/71/72/73/74/75/76/77/78/79/80/81/82/83/84/8{0}	58/59/60/61/62/63/64/65/66/67/68/69/70/71/72/73/74/75/76/77/78/79/80/81/82/83/84/8{0}	{0}
Global subroutine: Deluxe GC init1	127	unchanged	5/86/87/88/89/90/91/92/93/94/95/96/97/98/99/100/101/102/103/104/105/106/107/108/10{0}	5/86/87/88/89/90/91/92/93/94/95/96/97/98/99/100/101/102/103/104/105/106/107/108/10{0}	{0}
Global subroutine: Deluxe GC init1	128	unchanged	9/110/111/112/113/114/115/116/117/118/119/120/121/122/123/124/125/126/127/128/129/{0}	9/110/111/112/113/114/115/116/117/118/119/120/121/122/123/124/125/126/127/128/129/{0}	{0}
Global subroutine: Deluxe GC init1	129	unchanged	130/131/132/133/134/135/136/137/138/139/140/141/142/143/144/145/146/147/148/149/15{0}	130/131/132/133/134/135/136/137/138/139/140/141/142/143/144/145/146/147/148/149/15{0}	{0}
Global subroutine: Deluxe GC init1	130	unchanged	0/151/152/153/154/155/156/157/158/159/160/161/162/163/164/165/166/167/168/169/170/{0}	0/151/152/153/154/155/156/157/158/159/160/161/162/163/164/165/166/167/168/169/170/{0}	{0}
Global subroutine: Deluxe GC init1	131	unchanged	171/172/173/174/175/176/177/178/179/180/181/182/183/184/185/186/187/188/189/190/19{0}	171/172/173/174/175/176/177/178/179/180/181/182/183/184/185/186/187/188/189/190/19{0}	{0}
Global subroutine: Deluxe GC init1	132	unchanged	1/192/193/194/195/196/197/198/199/200/201/202/203/204/205/206/207/208/209/210/211/{0}	1/192/193/194/195/196/197/198/199/200/201/202/203/204/205/206/207/208/209/210/211/{0}	{0}
Global subroutine: Deluxe GC init1	133	unchanged	212/213/214/215/216/217/218/219/220/221/222/223/224/225/226/227/228/229/230/231/23{0}	212/213/214/215/216/217/218/219/220/221/222/223/224/225/226/227/228/229/230/231/23{0}	{0}
Global subroutine: Deluxe GC init1	134	unchanged	2/233/234/235/236/237/238/239/240/241/242/243/244/245/246/247/248/249/250/251/252/{0}	2/233/234/235/236/237/238/239/240/241/242/243/244/245/246/247/248/249/250/251/252/{0}	{0}
Global subroutine: Deluxe GC init1	135	unchanged	253/254/255/256/257/258/259/260/261/262/263/264/265/266/267/268/269/270/271/272/27{0}	253/254/255/256/257/258/259/260/261/262/263/264/265/266/267/268/269/270/271/272/27{0}	{0}
Global subroutine: Deluxe GC init1	136	unchanged	3/274/275/276/277/278/279/280/281/282/283/284/285/286/287/288/289	3/274/275/276/277/278/279/280/281/282/283/284/285/286/287/288/289	
Global subroutine: Deluxe GC init1	137	unchanged	/	/	
Global subroutine: Deluxe GC init1	138	unchanged	290/291/292/293/294/295/296/297/298/299/300/301/302/303/304/305/306/307/308/309/31{0}	290/291/292/293/294/295/296/297/298/299/300/301/302/303/304/305/306/307/308/309/31{0}	{0}
Global subroutine: Deluxe GC init1	139	unchanged	0/311/312/313/314/315/316/317/318/319/320/321/322/323/324/325/326/327/328/329/330/{0}	0/311/312/313/314/315/316/317/318/319/320/321/322/323/324/325/326/327/328/329/330/{0}	{0}
Global subroutine: Deluxe GC init1	140	unchanged	331/332/333/334/335/336/337/338/339/340/341/342/343/344/345/346/347/348/349/350/35{0}	331/332/333/334/335/336/337/338/339/340/341/342/343/344/345/346/347/348/349/350/35{0}	{0}
Global subroutine: Deluxe GC init1	141	unchanged	1/352/353/354/355/356/357/358/359/360/361/362/363/364/365/366/367/368/369/370/371/{0}	1/352/353/354/355/356/357/358/359/360/361/362/363/364/365/366/367/368/369/370/371/{0}	{0}
Global subroutine: Deluxe GC init1	142	unchanged	372/373/374/375/376/377/378/379/380/381/382/383/384/385/386/387/388/389/390/391/39{0}	372/373/374/375/376/377/378/379/380/381/382/383/384/385/386/387/388/389/390/391/39{0}	{0}
Global subroutine: Deluxe GC init1	143	unchanged	2/393/394/395/396/397/398/399/400/401/402/403/404/405/406/407/408/409/410/411/412/{0}	2/393/394/395/396/397/398/399/400/401/402/403/404/405/406/407/408/409/410/411/412/{0}	{0}
Global subroutine: Deluxe GC init1	144	unchanged	413/414/415/416/417/418/419/420/421/422/423/424/425/426/427/428/429/430/431/432/43{0}	413/414/415/416/417/418/419/420/421/422/423/424/425/426/427/428/429/430/431/432/43{0}	{0}
Global subroutine: Deluxe GC init1	145	unchanged	3/434/435/436/437/438/439/440/441/442/443/444/445/446/447/448/449/450/451/452/453/{0}	3/434/435/436/437/438/439/440/441/442/443/444/445/446/447/448/449/450/451/452/453/{0}	{0}
Global subroutine: Deluxe GC init1	146	unchanged	454/455/456/457/458/459/460/461/462/463	454/455/456/457/458/459/460/461/462/463	
Global subroutine: Deluxe GC init1	147	unchanged	/	/	
Global subroutine: Deluxe GC init1	148	unchanged	99/99/99/99/99/99/99/99/99/99/99/99/99/99/99/99/99/99/99/99/99/99/99/99/99/99/5/99{0}	99/99/99/99/99/99/99/99/99/99/99/99/99/99/99/99/99/99/99/99/99/99/99/99/99/99/5/99{0}	{0}
Global subroutine: Deluxe GC init1	149	unchanged	/5/99/99/99/3/99/99/99/5/99/5/99/99/99/3/99/99/99/99/99/99/99/99/99/99/99/99/99/99{0}	/5/99/99/99/3/99/99/99/5/99/5/99/99/99/3/99/99/99/99/99/99/99/99/99/99/99/99/99/99{0}	{0}
Global subroutine: Deluxe GC init1	150	unchanged	/99/99/99/5/3/99/99/99/99/5/99/99/99/99/99/99/1/99/1/99/99/99/99/99/99/99/5/3/99/9{0}	/99/99/99/5/3/99/99/99/99/5/99/99/99/99/99/99/1/99/1/99/99/99/99/99/99/99/5/3/99/9{0}	{0}
Global subroutine: Deluxe GC init1	151	unchanged	9/99/99/99/99/3/99/99/99/99/99/4/4/99/99/99/99/99/99/99/99/99/99/99/99/99/99/99/99{0}	9/99/99/99/99/3/99/99/99/99/99/4/4/99/99/99/99/99/99/99/99/99/99/99/99/99/99/99/99{0}	{0}
Global subroutine: Deluxe GC init1	152	unchanged	/99/99/99/99/99/99/99/99/99/99/99/99/99/99/5/99/3/5/99/99/99/99/99/99/99/99/99/99/{0}	/99/99/99/99/99/99/99/99/99/99/99/99/99/99/5/99/3/5/99/99/99/99/99/99/99/99/99/99/{0}	{0}
Global subroutine: Deluxe GC init1	153	unchanged	99/99/5/5/99/99/99/99/99/99/99/99/99/99/99/99/99/5/99/99/99/99/99/99/99/99/99/99/9{0}	99/99/5/5/99/99/99/99/99/99/99/99/99/99/99/99/99/5/99/99/99/99/99/99/99/99/99/99/9{0}	{0}
Global subroutine: Deluxe GC init1	154	unchanged	9/99/99/99/99/99/99/99/99/99/99/99/99/99/99/99/99/99/99/99/99/99/99/99/2/99/99/99/{0}	9/99/99/99/99/99/99/99/99/99/99/99/99/99/99/99/99/99/99/99/99/99/99/99/2/99/99/99/{0}	{0}
Global subroutine: Deluxe GC init1	155	unchanged	99/99/99/99/99/3/3/99/5/99/99/99/99/99/3/99/99/99/99/99/99/99/99/99/99/99/99/99/99{0}	99/99/99/99/99/3/3/99/5/99/99/99/99/99/3/99/99/99/99/99/99/99/99/99/99/99/99/99/99{0}	{0}
Global subroutine: Deluxe GC init1	156	unchanged	/99/99/99/99/99/99/99/99/99/99/99/99/99/99/99/99/99/99/99/99/99/99/99/99/99/99/1/9{0}	/99/99/99/99/99/99/99/99/99/99/99/99/99/99/99/99/99/99/99/99/99/99/99/99/99/99/1/9{0}	{0}
Global subroutine: Deluxe GC init1	157	unchanged	9/99/99/99/99/99/4/99/99/99/99/99/99/99/99/99/99/99/99/99/99/99/99/99/99/99/99/99/{0}	9/99/99/99/99/99/4/99/99/99/99/99/99/99/99/99/99/99/99/99/99/99/99/99/99/99/99/99/{0}	{0}
Global subroutine: Deluxe GC init1	158	unchanged	99/99/99/99/99/99/99/99/99/99/99/99/99/99/99/99/99/99/99/99/99/99/99/99/99/99/99/9{0}	99/99/99/99/99/99/99/99/99/99/99/99/99/99/99/99/99/99/99/99/99/99/99/99/99/99/99/9{0}	{0}
Global subroutine: Deluxe GC init1	159	unchanged	9/99/99/99/99/99/99/99/99/99/99/99/99/99/99/99/99/99/99/99/99/99/99/99/99/99/99/99{0}	9/99/99/99/99/99/99/99/99/99/99/99/99/99/99/99/99/99/99/99/99/99/99/99/99/99/99/99{0}	{0}
Global subroutine: Deluxe GC init1	160	unchanged	/99/99/99/99/99/99/99/99/99/3/99/99/99/99/5/99/99/99/99/4/99/99/99	/99/99/99/99/99/99/99/99/99/3/99/99/99/99/5/99/99/99/99/4/99/99/99	
Global subroutine: Deluxe GC init1	161	unchanged	/	/	
Global subroutine: Deluxe GC init1	162	unchanged	99/99/99/99/99/99/3/99/99/99/99/99/99/99/99/99/99/99/99/99/99/99/99/99/99/99/99/99{0}	99/99/99/99/99/99/3/99/99/99/99/99/99/99/99/99/99/99/99/99/99/99/99/99/99/99/99/99{0}	{0}
Global subroutine: Deluxe GC init1	163	unchanged	/99/99/99/99/99/99/99/99/99/99/99/99/99/3/99/99/99/99/99/99/99/99/99/3/99/99/99/99{0}	/99/99/99/99/99/99/99/99/99/99/99/99/99/3/99/99/99/99/99/99/99/99/99/3/99/99/99/99{0}	{0}
Global subroutine: Deluxe GC init1	164	unchanged	/99/99/99/99/99/99/99/99/99/99/99/99/99/99/99/99/99/99/99/99/99/99/3/99/99/99/99/9{0}	/99/99/99/99/99/99/99/99/99/99/99/99/99/99/99/99/99/99/99/99/99/99/3/99/99/99/99/9{0}	{0}
Global subroutine: Deluxe GC init1	165	unchanged	9/99/3/99/99/99/99/99/99/99/99/99/99/99/99/99/99/99/99/1	9/99/3/99/99/99/99/99/99/99/99/99/99/99/99/99/99/99/99/1	
Global subroutine: Deluxe GC init1	166	unchanged	/	/	
Global subroutine: Deluxe GC init1	167	unchanged	0/0/0/0/0/0/0/0/0/0/0/0/0/0/0/0/0/0/0/0/0/0/0/0/0/0/28/0/30/0/0/0/33/0/0/0/38/0/40{0}	0/0/0/0/0/0/0/0/0/0/0/0/0/0/0/0/0/0/0/0/0/0/0/0/0/0/28/0/30/0/0/0/33/0/0/0/38/0/40{0}	{0}
Global subroutine: Deluxe GC init1	168	unchanged	/0/0/0/43/0/0/0/0/0/0/0/0/0/0/0/0/0/0/0/0/0/0/62/0/0/0/0/0/0/0/0/0/0/0/75/0/0/0/0/{0}	/0/0/0/43/0/0/0/0/0/0/0/0/0/0/0/0/0/0/0/0/0/0/62/0/0/0/0/0/0/0/0/0/0/0/75/0/0/0/0/{0}	{0}
Global subroutine: Deluxe GC init1	169	unchanged	0/0/0/0/0/0/85/0/0/0/0/0/0/94/0/0/0/0/0/98/99/0/0/0/0/0/0/0/0/0/0/0/0/0/0/0/0/0/0/{0}	0/0/0/0/0/0/85/0/0/0/0/0/0/94/0/0/0/0/0/98/99/0/0/0/0/0/0/0/0/0/0/0/0/0/0/0/0/0/0/{0}	{0}
Global subroutine: Deluxe GC init1	170	unchanged	0/0/0/0/0/0/0/0/0/0/0/0/132/0/134/135/0/0/0/0/0/0/0/0/0/0/0/0/147/148/0/0/0/0/0/0/{0}	0/0/0/0/0/0/0/0/0/0/0/0/132/0/134/135/0/0/0/0/0/0/0/0/0/0/0/0/147/148/0/0/0/0/0/0/{0}	{0}
Global subroutine: Deluxe GC init1	171	unchanged	0/0/0/0/0/0/0/162/0/0/0/0/0/0/0/0/0/0/0/0/0/0/0/0/0/0/0/0/0/0/0/0/0/0/0/0/0/0/0/0/{0}	0/0/0/0/0/0/0/162/0/0/0/0/0/0/0/0/0/0/0/0/0/0/0/0/0/0/0/0/0/0/0/0/0/0/0/0/0/0/0/0/{0}	{0}
Global subroutine: Deluxe GC init1	172	unchanged	0/0/196/0/0/0/0/0/0/0/0/205/206/0/210/0/0/0/0/0/214/0/0/0/0/0/0/0/0/0/0/0/0/0/0/0/{0}	0/0/196/0/0/0/0/0/0/0/0/205/206/0/210/0/0/0/0/0/214/0/0/0/0/0/0/0/0/0/0/0/0/0/0/0/{0}	{0}
Global subroutine: Deluxe GC init1	173	unchanged	0/0/0/0/0/0/0/0/0/0/0/0/0/0/0/0/0/0/0/0/0/0/0/0/0/0/0/0/0/0/0/0/262/0/0/0/0/0/0/0/{0}	0/0/0/0/0/0/0/0/0/0/0/0/0/0/0/0/0/0/0/0/0/0/0/0/0/0/0/0/0/0/0/0/262/0/0/0/0/0/0/0/{0}	{0}
Global subroutine: Deluxe GC init1	174	unchanged	0/0/0/0/0/0/0/0/0/0/0/0/0/0/0/0/0/0/0/0/0/0/0/0/0/0/0/0/0/0/0/0/0/0/0/0/0/0/0/0/0/{0}	0/0/0/0/0/0/0/0/0/0/0/0/0/0/0/0/0/0/0/0/0/0/0/0/0/0/0/0/0/0/0/0/0/0/0/0/0/0/0/0/0/{0}	{0}
Global subroutine: Deluxe GC init1	175	unchanged	0/0/0/0/0/0/0/0/0/0/0/0/0/0/0/0/0/0/0/0/0/0/0/0/0/0/0/0/0/0/0/0/0/0/0/0/0/389/0/0/{0}	0/0/0/0/0/0/0/0/0/0/0/0/0/0/0/0/0/0/0/0/0/0/0/0/0/0/0/0/0/0/0/0/0/0/0/0/0/389/0/0/{0}	{0}
Global subroutine: Deluxe GC init1	176	unchanged	0/0/353/0/0/0/0/358/0/0/0/0/0/0/0/0/0/368/0/0/0/0/0/0/0/0/0/0/0/0/0/0/0/0/0/0/0/0/{0}	0/0/353/0/0/0/0/358/0/0/0/0/0/0/0/0/0/368/0/0/0/0/0/0/0/0/0/0/0/0/0/0/0/0/0/0/0/0/{0}	{0}
Global subroutine: Deluxe GC init1	177	unchanged	0/0/0/0/0/0/0/0/0/0/0/0/0/0/403/0/0/0/0/0/0/0/0/0/413/0/0/0/0/0/0/0/0/0/0/0/0/0/0/{0}	0/0/0/0/0/0/0/0/0/0/0/0/0/0/403/0/0/0/0/0/0/0/0/0/413/0/0/0/0/0/0/0/0/0/0/0/0/0/0/{0}	{0}
Global subroutine: Deluxe GC init1	178	unchanged	0/0/0/0/0/0/0/0/0/0/0/0/440/0/0/0/0/0/0/447/0/0/0/0/0/0/0/0/0/0/0/0/0/0/0/0/0	0/0/0/0/0/0/0/0/0/0/0/0/440/0/0/0/0/0/0/447/0/0/0/0/0/0/0/0/0/0/0/0/0/0/0/0/0	
Global subroutine: Deluxe GC init1	179	unchanged	/	/	
Global subroutine: Deluxe GC init1	180	unchanged	99/10/10/10/10/10/10/10/10/10/10/10/10/10/10/10/10/10/10/10/10/5/5/5/5/5/5/5/5/5/5{0}	99/10/10/10/10/10/10/10/10/10/10/10/10/10/10/10/10/10/10/10/10/5/5/5/5/5/5/5/5/5/5{0}	{0}
Global subroutine: Deluxe GC init1	181	unchanged	/5/5/5/5/5/5/5/5/5/5/5/5/5/5/5/5/5/5/5/5/5/5/5/5/5/5/5/5/5/5/5/5/5/5/5/5/5/5/5/5/5{0}	/5/5/5/5/5/5/5/5/5/5/5/5/5/5/5/5/5/5/5/5/5/5/5/5/5/5/5/5/5/5/5/5/5/5/5/5/5/5/5/5/5{0}	{0}
Global subroutine: Deluxe GC init1	182	unchanged	/5/5/5/5/5/5/5/5/5/5/5/5/5/5/5/5/5/5/5/5/5/5/5/5/5/5/5/5/5/5/5/5/5/5/5/5/5/5/5/5/5{0}	/5/5/5/5/5/5/5/5/5/5/5/5/5/5/5/5/5/5/5/5/5/5/5/5/5/5/5/5/5/5/5/5/5/5/5/5/5/5/5/5/5{0}	{0}
Global subroutine: Deluxe GC init1	183	unchanged	/5/5/5/5/5/5/5/5/5/5/5/5/5/5/5/5/5/5/5/5/5/5/5/5/5/5/5/5/5/5/5/5/5/5/5/5/5/5/5/5/5{0}	/5/5/5/5/5/5/5/5/5/5/5/5/5/5/5/5/5/5/5/5/5/5/5/5/5/5/5/5/5/5/5/5/5/5/5/5/5/5/5/5/5{0}	{0}
Global subroutine: Deluxe GC init1	184	unchanged	/5/5/5/5/5/5/5/5/5/5/5/5/5/5/5/5/5/5/5/5/5/5/5/5/5/5/5/5/5/5/5/5/5/5/5/5/5/5/5/5/5{0}	/5/5/5/5/5/5/5/5/5/5/5/5/5/5/5/5/5/5/5/5/5/5/5/5/5/5/5/5/5/5/5/5/5/5/5/5/5/5/5/5/5{0}	{0}
Global subroutine: Deluxe GC init1	185	unchanged	/5/2/5/5/5/5/5/5/5/3/5/5/5/5/5/5/5/5/5/5/5/5/5/5/5/5/5/5/5/5/5/5/5/5/5/5/5/5/5/5/5{0}	/5/2/5/5/5/5/5/5/5/3/5/5/5/5/5/5/5/5/5/5/5/5/5/5/5/5/5/5/5/5/5/5/5/5/5/5/5/5/5/5/5{0}	{0}
Global subroutine: Deluxe GC init1	186	unchanged	/5/5/5/5/5/5/5/5/5/5/5/5/5/5/5/5/5/5/5/5/5/5/5/5/3/5/5/5/5/5/5/5/5/5/5/5/5/5/5/5/5{0}	/5/5/5/5/5/5/5/5/5/5/5/5/5/5/5/5/5/5/5/5/5/5/5/5/3/5/5/5/5/5/5/5/5/5/5/5/5/5/5/5/5{0}	{0}
Global subroutine: Deluxe GC init1	187	unchanged	/5/5/5/5/5/5/5/5/5/5/5/5/5/5/5/5/5/5/5/5/5/5/5/5/5/5/5/5/5/5/5/5/5/5/5/5/5/5/5/5/5{0}	/5/5/5/5/5/5/5/5/5/5/5/5/5/5/5/5/5/5/5/5/5/5/5/5/5/5/5/5/5/5/5/5/5/5/5/5/5/5/5/5/5{0}	{0}
Global subroutine: Deluxe GC init1	188	unchanged	/5/5/5/5/5/5/5/5/5/5/5/5/5/5/5/5/5/5/5/5/5/5/5/5/5/5/5/5/5/4/5/5/5/5/5/5/5/5/5/5/5{0}	/5/5/5/5/5/5/5/5/5/5/5/5/5/5/5/5/5/5/5/5/5/5/5/5/5/5/5/5/5/4/5/5/5/5/5/5/5/5/5/5/5{0}	{0}
Global subroutine: Deluxe GC init1	189	unchanged	/5/5/5/5/5/5/5/5/5/5/5/5/5/5/5/5/5/5/5/5/5/5/5/5/5/5/5/5/5/5/1/5/5/3/5/5/5/5/5/5/5{0}	/5/5/5/5/5/5/5/5/5/5/5/5/5/5/5/5/5/5/5/5/5/5/5/5/5/5/5/5/5/5/1/5/5/3/5/5/5/5/5/5/5{0}	{0}
Global subroutine: Deluxe GC init1	190	unchanged	/5/5/5/5/5/5/5/5/5/5/5/5/5/5/5/5/5/5/5/5/5/5/5/5/5/5/5/5/5/5/5/5/5/5/5/5/5/5/5/5/5{0}	/5/5/5/5/5/5/5/5/5/5/5/5/5/5/5/5/5/5/5/5/5/5/5/5/5/5/5/5/5/5/5/5/5/5/5/5/5/5/5/5/5{0}	{0}
Global subroutine: Deluxe GC init1	191	unchanged	/5/5/5/5/5/5/5/5/5/5/3/5/3/5/3/5/5/5/5/3/5/5/5	/5/5/5/5/5/5/5/5/5/5/3/5/3/5/3/5/5/5/5/3/5/5/5	
Global subroutine: Deluxe GC init1	192	unchanged	/	/	
Global subroutine: Deluxe GC init1	193	unchanged	0/0/0/0/0/0/0/0/0/0/0/0/0/0/0/0/0/0/0/0/0/0/0/0/0/0/27/0/29/0/0/0/0/0/0/0/37/0/39/{0}	0/0/0/0/0/0/0/0/0/0/0/0/0/0/0/0/0/0/0/0/0/0/0/0/0/0/27/0/29/0/0/0/0/0/0/0/37/0/39/{0}	{0}
Global subroutine: Deluxe GC init1	194	unchanged	0/0/0/0/0/0/0/0/0/0/0/425/0/0/54/0/0/0/0/0/0/0/0/0/0/0/0/0/68/0/70/0/0/0/0/0/0/0/0{0}	0/0/0/0/0/0/0/0/0/0/0/425/0/0/54/0/0/0/0/0/0/0/0/0/0/0/0/0/68/0/70/0/0/0/0/0/0/0/0{0}	{0}
Global subroutine: Deluxe GC init1	195	unchanged	/0/0/0/0/0/0/0/0/0/0/0/0/0/0/0/0/0/0/0/0/0/0/0/0/0/104/0/0/0/0/0/0/0/0/0/0/0/0/0/0{0}	/0/0/0/0/0/0/0/0/0/0/0/0/0/0/0/0/0/0/0/0/0/0/0/0/0/104/0/0/0/0/0/0/0/0/0/0/0/0/0/0{0}	{0}
Global subroutine: Deluxe GC init1	196	unchanged	/0/0/0/0/0/0/0/0/0/0/0/130/0/0/133/0/0/0/0/138/0/0/0/0/0/0/0/146/0/418/0/0/0/0/0/0{0}	/0/0/0/0/0/0/0/0/0/0/0/130/0/0/133/0/0/0/0/138/0/0/0/0/0/0/0/146/0/418/0/0/0/0/0/0{0}	{0}
Global subroutine: Deluxe GC init1	197	unchanged	/0/0/0/0/0/0/161/0/0/0/0/0/0/0/0/0/0/0/0/0/0/0/0/0/0/0/0/0/0/0/0/0/0/0/0/0/0/0/0/0{0}	/0/0/0/0/0/0/161/0/0/0/0/0/0/0/0/0/0/0/0/0/0/0/0/0/0/0/0/0/0/0/0/0/0/0/0/0/0/0/0/0{0}	{0}
Global subroutine: Deluxe GC init1	198	unchanged	/0/197/197/0/199/0/201/0/0/0/391/0/0/208/0/0/0/0/0/0/0/0/0/0/0/0/0/0/0/0/0/0/0/0/0{0}	/0/197/197/0/199/0/201/0/0/0/391/0/0/208/0/0/0/0/0/0/0/0/0/0/0/0/0/0/0/0/0/0/0/0/0{0}	{0}
Global subroutine: Deluxe GC init1	199	unchanged	/0/0/0/0/0/0/0/0/0/0/0/0/0/0/0/0/0/0/0/0/0/0/0/0/0/0/0/0/0/259/0/387/0/0/0/0/0/0/2{0}	/0/0/0/0/0/0/0/0/0/0/0/0/0/0/0/0/0/0/0/0/0/0/0/0/0/0/0/0/0/259/0/387/0/0/0/0/0/0/2{0}	{0}
Global subroutine: Deluxe GC init1	200	unchanged	68/0/0/0/0/0/0/0/276/0/278/0/280/0/0/0/0/0/0/0/0/0/0/291/0/293/0/0/0/0/0/0/0/0/0/0{0}	68/0/0/0/0/0/0/0/276/0/278/0/280/0/0/0/0/0/0/0/0/0/0/291/0/293/0/0/0/0/0/0/0/0/0/0{0}	{0}
Global subroutine: Deluxe GC init1	201	unchanged	/0/0/0/0/0/0/310/0/0/0/0/0/0/0/0/319/0/0/0/0/0/0/0/0/0/0/0/0/0/0/0/0/0/0/0/0/0/0/0{0}	/0/0/0/0/0/0/310/0/0/0/0/0/0/0/0/319/0/0/0/0/0/0/0/0/0/0/0/0/0/0/0/0/0/0/0/0/0/0/0{0}	{0}
Global subroutine: Deluxe GC init1	202	unchanged	/0/0/0/0/0/348/0/0/0/0/0/0/0/0/0/0/0/0/0/0/0/0/0/0/0/0/0/0/0/372/0/0/375/0/377/0/0{0}	/0/0/0/0/0/348/0/0/0/0/0/0/0/0/0/0/0/0/0/0/0/0/0/0/0/0/0/0/0/372/0/0/375/0/377/0/0{0}	{0}
Global subroutine: Deluxe GC init1	203	unchanged	/0/0/0/0/0/0/0/0/0/0/348/0/0/393/0/0/0/0/0/0/0/0/0/0/0/0/0/0/0/0/0/0/0/0/0/0/0/0/0{0}	/0/0/0/0/0/0/0/0/0/0/348/0/0/393/0/0/0/0/0/0/0/0/0/0/0/0/0/0/0/0/0/0/0/0/0/0/0/0/0{0}	{0}
Global subroutine: Deluxe GC init1	204	unchanged	/0/0/0/0/0/0/0/0/0/0/0/0/0/0/0/0/0/0/0/0/0/0/0/0/0/0/0/0/0/0/0/0/0/452/0/454/0/456{0}	/0/0/0/0/0/0/0/0/0/0/0/0/0/0/0/0/0/0/0/0/0/0/0/0/0/0/0/0/0/0/0/0/0/452/0/454/0/456{0}	{0}
Global subroutine: Deluxe GC init1	205	unchanged	/0/0/0/0/461/0/0/0	/0/0/0/0/461/0/0/0	
Global subroutine: Deluxe GC init1	206	unchanged	/	/	
Global subroutine: Deluxe GC init1	207	unchanged	99/10/10/10/10/10/10/10/10/10/10/10/10/10/10/10/10/10/10/10/10/5/5/5/5/5/5/5/5/5/5{0}	99/10/10/10/10/10/10/10/10/10/10/10/10/10/10/10/10/10/10/10/10/5/5/5/5/5/5/5/5/5/5{0}	{0}
Global subroutine: Deluxe GC init1	208	unchanged	/5/5/5/5/5/5/5/5/5/5/5/5/5/5/5/5/5/5/5/5/5/5/5/5/5/5/5/5/5/5/5/5/5/5/5/5/5/5/5/5/5{0}	/5/5/5/5/5/5/5/5/5/5/5/5/5/5/5/5/5/5/5/5/5/5/5/5/5/5/5/5/5/5/5/5/5/5/5/5/5/5/5/5/5{0}	{0}
Global subroutine: Deluxe GC init1	209	unchanged	/5/5/5/5/5/5/5/5/5/5/5/5/5/5/5/5/5/5/5/5/5/5/5/5/5/5/5/5/5/5/5/5/5/5/5/5/5/5/5/5/5{0}	/5/5/5/5/5/5/5/5/5/5/5/5/5/5/5/5/5/5/5/5/5/5/5/5/5/5/5/5/5/5/5/5/5/5/5/5/5/5/5/5/5{0}	{0}
Global subroutine: Deluxe GC init1	210	unchanged	/5/5/5/5/5/5/5/5/5/5/5/5/5/5/5/5/5/5/5/5/5/5/5/5/5/5/5/5/5/5/5/5/5/5/5/5/5/5/5/5/5{0}	/5/5/5/5/5/5/5/5/5/5/5/5/5/5/5/5/5/5/5/5/5/5/5/5/5/5/5/5/5/5/5/5/5/5/5/5/5/5/5/5/5{0}	{0}
Global subroutine: Deluxe GC init1	211	unchanged	/5/5/5/5/5/5/5/5/5/5/5/5/5/5/5/5/5/5/5/5/5/5/5/5/5/5/5/5/5/5/5/5/5/5/5/5/5/5/5/5/5{0}	/5/5/5/5/5/5/5/5/5/5/5/5/5/5/5/5/5/5/5/5/5/5/5/5/5/5/5/5/5/5/5/5/5/5/5/5/5/5/5/5/5{0}	{0}
Global subroutine: Deluxe GC init1	212	unchanged	/5/5/5/5/5/5/5/5/5/5/5/5/5/5/5/5/5/5/5/5/5/5/5/5/5/5/5/5/5/5/5/5/5/5/5/5/5/5/5/5/5{0}	/5/5/5/5/5/5/5/5/5/5/5/5/5/5/5/5/5/5/5/5/5/5/5/5/5/5/5/5/5/5/5/5/5/5/5/5/5/5/5/5/5{0}	{0}
Global subroutine: Deluxe GC init1	213	unchanged	/5/5/5/5/5/5/5/5/5/5/5/5/5/5/5/5/5/5/5/5/5/5/5/5/5/5/5/5/5/5/5/5/5/5/5/3/5/5/5/5/5{0}	/5/5/5/5/5/5/5/5/5/5/5/5/5/5/5/5/5/5/5/5/5/5/5/5/5/5/5/5/5/5/5/5/5/5/5/3/5/5/5/5/5{0}	{0}
Global subroutine: Deluxe GC init1	214	unchanged	/5/5/5/5/5/5/5/5/5/5/5/5/5/5/5/5/5/5/5/5/5/5/5/5/5/5/5/5/5/5/5/5/5/5/5/5/5/5/5/4/5{0}	/5/5/5/5/5/5/5/5/5/5/5/5/5/5/5/5/5/5/5/5/5/5/5/5/5/5/5/5/5/5/5/5/5/5/5/5/5/5/5/4/5{0}	{0}
Global subroutine: Deluxe GC init1	215	unchanged	/5/5/5/5/5/5/5/5/5/5/5/4/5/5/5/5/5/5/5/5/5/5/5/5/5/5/5/5/5/5/5/5/5/5/5/5/5/5/5/5/5{0}	/5/5/5/5/5/5/5/5/5/5/5/4/5/5/5/5/5/5/5/5/5/5/5/5/5/5/5/5/5/5/5/5/5/5/5/5/5/5/5/5/5{0}	{0}
Global subroutine: Deluxe GC init1	216	unchanged	/5/5/5/5/5/5/5/5/5/5/5/5/5/5/5/5/5/5/5/5/5/5/5/5/5/5/5/5/5/5/5/5/5/5/5/5/5/5/5/5/5{0}	/5/5/5/5/5/5/5/5/5/5/5/5/5/5/5/5/5/5/5/5/5/5/5/5/5/5/5/5/5/5/5/5/5/5/5/5/5/5/5/5/5{0}	{0}
Global subroutine: Deluxe GC init1	217	unchanged	/5/5/5/5/5/5/5/5/5/5/5/5/5/5/5/5/5/5/5/5/5/5/5/5/5/5/5/5/5/5/5/5/5/5/5/5/5/5/5/5/5{0}	/5/5/5/5/5/5/5/5/5/5/5/5/5/5/5/5/5/5/5/5/5/5/5/5/5/5/5/5/5/5/5/5/5/5/5/5/5/5/5/5/5{0}	{0}
Global subroutine: Deluxe GC init1	218	unchanged	/5/5/5/5/5/5/5/5/5/5/5/5/5/5/5/5/5/5/5/5/5/5/5	/5/5/5/5/5/5/5/5/5/5/5/5/5/5/5/5/5/5/5/5/5/5/5	
Global subroutine: Deluxe GC init1	219	unchanged	/	/	
Global subroutine: Deluxe GC init1	220	unchanged	0/0/0/0/0/0/0/0/0/0/0/0/0/0/0/0/0/0/0/0/0/0/0/0/0/0/0/0/0/0/0/0/0/0/0/0/0/0/0/0/0/{0}	0/0/0/0/0/0/0/0/0/0/0/0/0/0/0/0/0/0/0/0/0/0/0/0/0/0/0/0/0/0/0/0/0/0/0/0/0/0/0/0/0/{0}	{0}
Global subroutine: Deluxe GC init1	221	unchanged	0/0/0/0/0/0/0/0/0/0/0/0/0/0/0/0/0/0/0/0/0/0/0/0/0/0/0/0/0/0/0/0/0/0/0/0/0/0/0/0/0/{0}	0/0/0/0/0/0/0/0/0/0/0/0/0/0/0/0/0/0/0/0/0/0/0/0/0/0/0/0/0/0/0/0/0/0/0/0/0/0/0/0/0/{0}	{0}
Global subroutine: Deluxe GC init1	222	unchanged	0/0/0/0/0/0/0/0/0/0/0/0/0/0/0/0/0/0/0/102/0/0/0/0/0/108/0/0/0/0/0/0/0/0/0/0/0/0/0/{0}	0/0/0/0/0/0/0/0/0/0/0/0/0/0/0/0/0/0/0/102/0/0/0/0/0/108/0/0/0/0/0/0/0/0/0/0/0/0/0/{0}	{0}
Global subroutine: Deluxe GC init1	223	unchanged	0/0/0/0/0/0/0/0/0/0/0/0/0/0/0/0/0/0/0/0/0/0/0/0/0/0/0/0/0/0/0/0/0/0/0/0/0/0/0/0/0/{0}	0/0/0/0/0/0/0/0/0/0/0/0/0/0/0/0/0/0/0/0/0/0/0/0/0/0/0/0/0/0/0/0/0/0/0/0/0/0/0/0/0/{0}	{0}
Global subroutine: Deluxe GC init1	224	unchanged	0/0/0/0/0/0/0/0/0/0/0/0/0/0/0/0/0/0/0/0/0/0/0/0/0/0/0/0/0/0/0/0/0/0/0/0/0/0/0/0/0/{0}	0/0/0/0/0/0/0/0/0/0/0/0/0/0/0/0/0/0/0/0/0/0/0/0/0/0/0/0/0/0/0/0/0/0/0/0/0/0/0/0/0/{0}	{0}
Global subroutine: Deluxe GC init1	225	unchanged	0/0/0/0/0/0/0/212/0/0/0/215/0/0/0/0/0/0/0/0/0/0/0/0/0/0/0/0/232/0/0/0/0/0/0/0/0/0/{0}	0/0/0/0/0/0/0/212/0/0/0/215/0/0/0/0/0/0/0/0/0/0/0/0/0/0/0/0/232/0/0/0/0/0/0/0/0/0/{0}	{0}
Global subroutine: Deluxe GC init1	226	unchanged	0/0/0/0/0/0/0/0/0/0/0/0/0/0/0/0/0/0/0/0/0/0/0/0/0/0/0/0/0/0/272/0/0/0/0/0/0/0/0/0/{0}	0/0/0/0/0/0/0/0/0/0/0/0/0/0/0/0/0/0/0/0/0/0/0/0/0/0/0/0/0/0/272/0/0/0/0/0/0/0/0/0/{0}	{0}
Global subroutine: Deluxe GC init1	227	unchanged	0/0/0/0/0/0/0/0/0/0/0/0/0/0/0/0/0/0/0/0/0/0/0/0/0/0/0/0/0/0/0/0/0/315/0/317/0/0/0/{0}	0/0/0/0/0/0/0/0/0/0/0/0/0/0/0/0/0/0/0/0/0/0/0/0/0/0/0/0/0/0/0/0/0/315/0/317/0/0/0/{0}	{0}
Global subroutine: Deluxe GC init1	228	unchanged	0/0/0/0/0/0/0/0/0/330/0/0/0/0/0/0/0/0/0/0/0/0/0/0/0/0/0/0/0/0/0/0/0/0/0/0/0/0/0/0/{0}	0/0/0/0/0/0/0/0/0/330/0/0/0/0/0/0/0/0/0/0/0/0/0/0/0/0/0/0/0/0/0/0/0/0/0/0/0/0/0/0/{0}	{0}
Global subroutine: Deluxe GC init1	229	unchanged	0/0/0/0/0/0/0/0/0/0/0/0/0/0/0/0/0/0/0/0/0/0/0/384/0/0/0/0/0/0/0/0/0/0/0/0/0/0/0/0/{0}	0/0/0/0/0/0/0/0/0/0/0/0/0/0/0/0/0/0/0/0/0/0/0/384/0/0/0/0/0/0/0/0/0/0/0/0/0/0/0/0/{0}	{0}
Global subroutine: Deluxe GC init1	230	unchanged	0/0/0/0/0/0/0/0/0/0/0/0/0/0/0/0/0/0/0/0/0/0/0/0/0/0/0/0/0/0/0/0/0/0/0/0/0/0/0/0/44{0}	0/0/0/0/0/0/0/0/0/0/0/0/0/0/0/0/0/0/0/0/0/0/0/0/0/0/0/0/0/0/0/0/0/0/0/0/0/0/0/0/44{0}	{0}
Global subroutine: Deluxe GC init1	231	unchanged	1/0/0/0/0/0/0/0/0/0/0/0/0/0/0/0/0/0/0/0/0/0/0/0	1/0/0/0/0/0/0/0/0/0/0/0/0/0/0/0/0/0/0/0/0/0/0/0	
Global subroutine: Deluxe GC init1	232	unchanged	/	/	
Global subroutine: Deluxe GC init2	0	unchanged	0/0/0/0/0/0/0/0/0/0/0/0/0/0/0/0/0/0/0/0/0/0/0/0/5/0/5/0/0/0/0/0/0/0/7/0/5/0/0/0/0/{0}	0/0/0/0/0/0/0/0/0/0/0/0/0/0/0/0/0/0/0/0/0/0/0/0/5/0/5/0/0/0/0/0/0/0/7/0/5/0/0/0/0/{0}	{0}
Global subroutine: Deluxe GC init2	1	unchanged	0/0/0/0/0/0/0/0/0/5/0/0/0/0/0/0/0/0/0/0/0/0/0/0/0/0/0/0/0/0/0/0/3/0/5/0/3/0/0/0/0/{0}	0/0/0/0/0/0/0/0/0/5/0/0/0/0/0/0/0/0/0/0/0/0/0/0/0/0/0/0/0/0/0/0/3/0/5/0/3/0/0/0/0/{0}	{0}
Global subroutine: Deluxe GC init2	2	unchanged	0/0/0/0/0/0/0/0/0/0/3/0/5/0/0/0/0/0/0/0/0/5/0/0/0/0/0/0/0/0/0/0/0/0/0/0/0/0/0/0/0/{0}	0/0/0/0/0/0/0/0/0/0/3/0/5/0/0/0/0/0/0/0/0/5/0/0/0/0/0/0/0/0/0/0/0/0/0/0/0/0/0/0/0/{0}	{0}
Global subroutine: Deluxe GC init2	3	unchanged	0/0/0/5/0/0/7/0/0/3/0/0/0/0/0/0/3/0/0/0/0/0/5/0/0/0/0/0/0/3/0/3/0/0/5/0/0/0/0/5/5/{0}	0/0/0/5/0/0/7/0/0/3/0/0/0/0/0/0/3/0/0/0/0/0/5/0/0/0/0/0/0/3/0/3/0/0/5/0/0/0/0/5/5/{0}	{0}
Global subroutine: Deluxe GC init2	4	unchanged	0/0/0/0/0/0/0/0/0/0/0/0/0/0/0/0/0/0/0/0/0/0/0/0/0/0/0/0/0/0/0/0/0/0/0/0/5/0/0/0/0/{0}	0/0/0/0/0/0/0/0/0/0/0/0/0/0/0/0/0/0/0/0/0/0/0/0/0/0/0/0/0/0/0/0/0/0/0/0/5/0/0/0/0/{0}	{0}
Global subroutine: Deluxe GC init2	5	unchanged	0/0/5/0/0/5/0/0/0/0/0/0/0/0/0/0/0/0/0/0/0/0/0/0/0/0/0/0/0/0/5/5/5/0/5/0/5/0/5/0/5/{0}	0/0/5/0/0/5/0/0/0/0/0/0/0/0/0/0/0/0/0/0/0/0/0/0/0/0/0/0/0/0/5/5/5/0/5/0/5/0/5/0/5/{0}	{0}
Global subroutine: Deluxe GC init2	6	unchanged	0/5/0/5/0/0/0/0/0/0/0/0/0/0/0/0/0/3/0/0/0/0/0/0/0/0/0/0/0/0/0/0/0/0/0/0/0/0/0/0/0/{0}	0/5/0/5/0/0/0/0/0/0/0/0/0/0/0/0/0/3/0/0/0/0/0/0/0/0/0/0/0/0/0/0/0/0/0/0/0/0/0/0/0/{0}	{0}
Global subroutine: Deluxe GC init2	7	unchanged	0/0/0/0/0/0/0/0/0/0/0/0/0/0/0/0/0/0/0/0/0/0/0/0/0/0/0/0/0/0/0/0/0/0/0/0/0/0/0/0/0/{0}	0/0/0/0/0/0/0/0/0/0/0/0/0/0/0/0/0/0/0/0/0/0/0/0/0/0/0/0/0/0/0/0/0/0/0/0/0/0/0/0/0/{0}	{0}
Global subroutine: Deluxe GC init2	8	unchanged	0/0/0/0/0/0/0/0/0/0/0/0/0/0/0/0/0/0/0/0/0/0/0/0/0/0/0/5/0/0/0/5/0/5/0/5/0/5/0/0/0/{0}	0/0/0/0/0/0/0/0/0/0/0/0/0/0/0/0/0/0/0/0/0/0/0/0/0/0/0/5/0/0/0/5/0/5/0/5/0/5/0/0/0/{0}	{0}
Global subroutine: Deluxe GC init2	9	unchanged	0/0/0/0/0/0/0/0/0/0/0/0/0/0/0/0/0/0/0/0/0/0/0/0/0/0/0/0/0/0/0/0/0/0/0/3/0/0/0/0/0/{0}	0/0/0/0/0/0/0/0/0/0/0/0/0/0/0/0/0/0/0/0/0/0/0/0/0/0/0/0/0/0/0/0/0/0/0/3/0/0/0/0/0/{0}	{0}
Global subroutine: Deluxe GC init2	10	unchanged	0/0/0/0/0/0/0/0/0/0/0/0/0/0/0/0/0/0/0/0/0/0/0/0/0/0/0/0/0/0/0/0/0/0/0/0/0/0/0/0/0/{0}	0/0/0/0/0/0/0/0/0/0/0/0/0/0/0/0/0/0/0/0/0/0/0/0/0/0/0/0/0/0/0/0/0/0/0/0/0/0/0/0/0/{0}	{0}
Global subroutine: Deluxe GC init2	11	unchanged	0/0/0/0/0/0/0/0/0/0/0/5/0	0/0/0/0/0/0/0/0/0/0/0/5/0	
Global subroutine: Deluxe GC init2	12	unchanged	/	/	
Global subroutine: Deluxe GC init2	13	unchanged	0/0/0/0/0/0/0/0/0/0/0/0/0/0/0/0/0/0/0/0/0/0/0/0/25/0/32/0/0/0/0/0/0/0/35/0/42/0/0/{0}	0/0/0/0/0/0/0/0/0/0/0/0/0/0/0/0/0/0/0/0/0/0/0/0/25/0/32/0/0/0/0/0/0/0/35/0/42/0/0/{0}	{0}
Global subroutine: Deluxe GC init2	14	unchanged	0/0/0/0/0/0/0/0/0/0/0/424/0/0/0/0/0/0/0/0/0/0/0/0/0/0/0/0/0/0/0/0/0/0/74/0/79/0/79{0}	0/0/0/0/0/0/0/0/0/0/0/424/0/0/0/0/0/0/0/0/0/0/0/0/0/0/0/0/0/0/0/0/0/0/74/0/79/0/79{0}	{0}
Global subroutine: Deluxe GC init2	15	unchanged	/0/0/0/0/0/0/0/0/0/0/0/0/0/0/93/0/95/0/0/0/0/0/0/0/0/105/0/0/0/0/0/0/0/0/0/0/0/0/0{0}	/0/0/0/0/0/0/0/0/0/0/0/0/0/0/93/0/95/0/0/0/0/0/0/0/0/105/0/0/0/0/0/0/0/0/0/0/0/0/0{0}	{0}
Global subroutine: Deluxe GC init2	16	unchanged	/0/0/0/0/0/0/0/0/0/127/0/0/131/0/0/134/0/0/0/0/0/0/140/0/0/0/0/0/446/0/0/0/0/0/0/1{0}	/0/0/0/0/0/0/0/0/0/127/0/0/131/0/0/134/0/0/0/0/0/0/140/0/0/0/0/0/446/0/0/0/0/0/0/1{0}	{0}
Global subroutine: Deluxe GC init2	17	unchanged	53/0/125/0/0/158/0/0/0/0/164/164/0/0/0/0/0/0/0/0/0/0/0/0/0/0/0/0/0/0/0/0/0/0/0/0/0{0}	53/0/125/0/0/158/0/0/0/0/164/164/0/0/0/0/0/0/0/0/0/0/0/0/0/0/0/0/0/0/0/0/0/0/0/0/0{0}	{0}
Global subroutine: Deluxe GC init2	18	unchanged	/0/0/0/0/0/0/0/0/0/0/0/203/0/0/0/0/0/0/209/0/0/213/0/0/0/0/0/0/0/0/0/0/0/0/0/0/0/0{0}	/0/0/0/0/0/0/0/0/0/0/0/203/0/0/0/0/0/0/209/0/0/213/0/0/0/0/0/0/0/0/0/0/0/0/0/0/0/0{0}	{0}
Global subroutine: Deluxe GC init2	19	unchanged	/0/0/0/0/0/0/0/0/253/303/304/0/240/0/242/0/244/0/246/0/248/0/250/0/0/0/0/0/0/0/0/0{0}	/0/0/0/0/0/0/0/0/253/303/304/0/240/0/242/0/244/0/246/0/248/0/250/0/0/0/0/0/0/0/0/0{0}	{0}
Global subroutine: Deluxe GC init2	20	unchanged	/0/0/0/0/265/0/0/0/0/0/0/0/0/0/0/0/0/0/0/0/0/0/0/0/0/0/0/0/0/0/0/0/0/0/0/0/0/0/0/0{0}	/0/0/0/0/265/0/0/0/0/0/0/0/0/0/0/0/0/0/0/0/0/0/0/0/0/0/0/0/0/0/0/0/0/0/0/0/0/0/0/0{0}	{0}
Global subroutine: Deluxe GC init2	21	unchanged	/0/0/0/0/0/0/0/0/0/0/0/0/0/0/0/0/0/0/0/0/0/0/0/0/0/0/0/0/0/0/0/0/0/0/0/0/0/0/0/0/0{0}	/0/0/0/0/0/0/0/0/0/0/0/0/0/0/0/0/0/0/0/0/0/0/0/0/0/0/0/0/0/0/0/0/0/0/0/0/0/0/0/0/0{0}	{0}
Global subroutine: Deluxe GC init2	22	unchanged	/0/0/0/0/0/0/0/0/0/0/0/0/0/0/0/356/0/0/0/360/0/362/0/364/0/366/0/0/0/0/0/0/0/0/0/0{0}	/0/0/0/0/0/0/0/0/0/0/0/0/0/0/0/356/0/0/0/360/0/362/0/364/0/366/0/0/0/0/0/0/0/0/0/0{0}	{0}
Global subroutine: Deluxe GC init2	23	unchanged	/0/0/0/0/0/0/0/0/0/0/0/0/0/0/0/0/0/0/0/0/0/0/0/0/0/0/0/0/405/0/0/0/0/0/0/0/0/0/0/0{0}	/0/0/0/0/0/0/0/0/0/0/0/0/0/0/0/0/0/0/0/0/0/0/0/0/0/0/0/0/405/0/0/0/0/0/0/0/0/0/0/0{0}	{0}
Global subroutine: Deluxe GC init2	24	unchanged	/0/0/0/0/0/0/0/0/0/0/0/0/0/0/0/0/0/0/0/0/0/0/0/0/0/0/0/0/0/0/0/0/0/0/0/0/0/0/0/0/0{0}	/0/0/0/0/0/0/0/0/0/0/0/0/0/0/0/0/0/0/0/0/0/0/0/0/0/0/0/0/0/0/0/0/0/0/0/0/0/0/0/0/0{0}	{0}
Global subroutine: Deluxe GC init2	25	unchanged	/0/0/0/0/0/463/0	/0/0/0/0/0/463/0	
Global subroutine: Deluxe GC init2	26	unchanged	/	/	
Global subroutine: Deluxe GC init2	27	unchanged	99/10/10/10/10/10/10/10/10/10/10/10/10/10/10/10/10/10/10/10/10/5/5/5/5/5/5/5/5/5/3{0}	99/10/10/10/10/10/10/10/10/10/10/10/10/10/10/10/10/10/10/10/10/5/5/5/5/5/5/5/5/5/3{0}	{0}
Global subroutine: Deluxe GC init2	28	unchanged	/5/5/5/5/5/5/5/5/5/3/5/5/5/5/5/5/5/5/5/5/5/5/5/5/5/5/5/5/5/5/5/5/5/5/5/5/5/5/5/5/5{0}	/5/5/5/5/5/5/5/5/5/3/5/5/5/5/5/5/5/5/5/5/5/5/5/5/5/5/5/5/5/5/5/5/5/5/5/5/5/5/5/5/5{0}	{0}
Global subroutine: Deluxe GC init2	29	unchanged	/5/5/5/3/5/3/5/5/5/5/5/5/5/5/5/5/5/5/5/5/5/5/5/5/5/5/3/2/5/5/5/5/5/5/5/5/5/5/5/5/5{0}	/5/5/5/3/5/3/5/5/5/5/5/5/5/5/5/5/5/5/5/5/5/5/5/5/5/5/3/2/5/5/5/5/5/5/5/5/5/5/5/5/5{0}	{0}
Global subroutine: Deluxe GC init2	30	unchanged	/5/5/5/5/5/5/5/5/5/5/5/3/5/5/5/5/5/5/5/5/5/5/3/5/5/5/5/5/5/5/5/5/5/5/5/5/5/5/5/5/5{0}	/5/5/5/5/5/5/5/5/5/5/5/3/5/5/5/5/5/5/5/5/5/5/3/5/5/5/5/5/5/5/5/5/5/5/5/5/5/5/5/5/5{0}	{0}
Global subroutine: Deluxe GC init2	31	unchanged	/5/3/5/5/3/3/5/5/5/5/5/5/5/3/5/3/5/3/5/3/5/3/5/3/5/3/5/3/5/3/5/3/5/3/5/3/5/3/5/3/5{0}	/5/3/5/5/3/3/5/5/5/5/5/5/5/3/5/3/5/3/5/3/5/3/5/3/5/3/5/3/5/3/5/3/5/3/5/3/5/3/5/3/5{0}	{0}
Global subroutine: Deluxe GC init2	32	unchanged	/5/2/5/5/5/5/5/5/5/3/5/5/5/5/5/3/5/5/5/5/5/5/5/5/5/5/5/5/5/5/5/5/5/5/5/5/5/5/5/5/5{0}	/5/2/5/5/5/5/5/5/5/3/5/5/5/5/5/3/5/5/5/5/5/5/5/5/5/5/5/5/5/5/5/5/5/5/5/5/5/5/5/5/5{0}	{0}
Global subroutine: Deluxe GC init2	33	unchanged	/5/5/5/5/5/5/5/5/5/5/5/5/5/5/5/5/5/5/5/5/5/5/5/5/3/5/5/3/5/5/5/5/5/5/5/5/5/5/5/5/5{0}	/5/5/5/5/5/5/5/5/5/5/5/5/5/5/5/5/5/5/5/5/5/5/5/5/3/5/5/3/5/5/5/5/5/5/5/5/5/5/5/5/5{0}	{0}
Global subroutine: Deluxe GC init2	34	unchanged	/5/5/5/5/5/5/5/5/5/5/5/5/5/5/5/5/5/5/5/5/5/5/5/5/5/5/5/5/5/5/5/5/5/5/5/5/5/5/5/5/5{0}	/5/5/5/5/5/5/5/5/5/5/5/5/5/5/5/5/5/5/5/5/5/5/5/5/5/5/5/5/5/5/5/5/5/5/5/5/5/5/5/5/5{0}	{0}
Global subroutine: Deluxe GC init2	35	unchanged	/5/5/5/5/5/5/5/5/5/5/5/5/5/5/5/5/5/5/5/5/5/5/5/3/5/3/5/3/5/4/5/5/5/5/5/5/5/5/5/5/5{0}	/5/5/5/5/5/5/5/5/5/5/5/5/5/5/5/5/5/5/5/5/5/5/5/3/5/3/5/3/5/4/5/5/5/5/5/5/5/5/5/5/5{0}	{0}
Global subroutine: Deluxe GC init2	36	unchanged	/5/5/5/5/5/5/5/5/5/5/5/5/5/5/5/5/5/5/5/5/5/5/5/5/5/5/5/5/5/5/1/5/5/3/5/5/5/5/5/5/5{0}	/5/5/5/5/5/5/5/5/5/5/5/5/5/5/5/5/5/5/5/5/5/5/5/5/5/5/5/5/5/5/1/5/5/3/5/5/5/5/5/5/5{0}	{0}
Global subroutine: Deluxe GC init2	37	unchanged	/5/5/5/5/3/5/5/5/5/5/5/5/5/5/5/5/3/5/5/5/5/5/5/5/5/5/5/5/5/5/5/5/5/5/5/5/5/5/5/5/5{0}	/5/5/5/5/3/5/5/5/5/5/5/5/5/5/5/5/3/5/5/5/5/5/5/5/5/5/5/5/5/5/5/5/5/5/5/5/5/5/5/5/5{0}	{0}
Global subroutine: Deluxe GC init2	38	unchanged	/5/5/5/5/5/5/5/5/5/5/3/5/3/5/3/5/5/5/5/3/5/2/5	/5/5/5/5/5/5/5/5/5/5/3/5/3/5/3/5/5/5/5/3/5/2/5	
Global subroutine: Deluxe GC init2	39	unchanged	/	/	
Global subroutine: Deluxe GC init2	40	unchanged	0/0/0/0/0/0/0/0/0/0/0/0/0/0/0/0/0/0/0/0/0/0/0/0/0/0/27/0/31/0/31/0/0/0/0/0/0/0/41/{0}	0/0/0/0/0/0/0/0/0/0/0/0/0/0/0/0/0/0/0/0/0/0/0/0/0/0/27/0/31/0/31/0/0/0/0/0/0/0/41/{0}	{0}
Global subroutine: Deluxe GC init2	41	unchanged	0/41/0/0/0/0/0/0/0/49/0/51/0/0/55/0/0/0/0/0/0/0/0/0/0/0/0/0/0/0/0/0/0/0/0/0/76/0/7{0}	0/41/0/0/0/0/0/0/0/49/0/51/0/0/55/0/0/0/0/0/0/0/0/0/0/0/0/0/0/0/0/0/0/0/0/0/76/0/7{0}	{0}
Global subroutine: Deluxe GC init2	42	unchanged	8/0/0/0/0/0/0/0/0/0/0/0/0/0/0/0/0/0/0/0/0/305/305/0/0/0/104/0/0/0/0/0/0/0/0/0/0/0/{0}	8/0/0/0/0/0/0/0/0/0/0/0/0/0/0/0/0/0/0/0/0/305/305/0/0/0/104/0/0/0/0/0/0/0/0/0/0/0/{0}	{0}
Global subroutine: Deluxe GC init2	43	unchanged	0/0/120/121/0/0/0/0/0/0/0/126/0/0/0/0/0/136/0/0/136/0/0/0/0/0/0/0/0/0/146/0/148/0/{0}	0/0/120/121/0/0/0/0/0/0/0/126/0/0/0/0/0/136/0/0/136/0/0/0/0/0/0/0/0/0/146/0/148/0/{0}	{0}
Global subroutine: Deluxe GC init2	44	unchanged	0/0/0/153/0/125/156/0/0/0/331/161/0/0/0/0/0/0/168/0/170/0/172/0/174/0/176/0/178/0/{0}	0/0/0/153/0/125/156/0/0/0/331/161/0/0/0/0/0/0/168/0/170/0/172/0/174/0/176/0/178/0/{0}	{0}
Global subroutine: Deluxe GC init2	45	unchanged	180/0/182/0/184/0/186/0/188/0/190/0/192/0/194/0/197/197/0/199/0/202/0/0/0/391/0/0/{0}	180/0/182/0/184/0/186/0/188/0/190/0/192/0/194/0/197/197/0/199/0/202/0/0/0/391/0/0/{0}	{0}
Global subroutine: Deluxe GC init2	46	unchanged	208/0/0/211/0/0/0/0/0/217/0/0/0/0/0/0/0/0/0/0/0/0/0/0/232/0/234/0/0/0/0/0/0/0/0/0/{0}	208/0/0/211/0/0/0/0/0/217/0/0/0/0/0/0/0/0/0/0/0/0/0/0/232/0/234/0/0/0/0/0/0/0/0/0/{0}	{0}
Global subroutine: Deluxe GC init2	47	unchanged	0/0/0/0/0/0/0/0/0/0/0/0/0/0/0/0/0/387/0/0/264/0/0/0/0/0/0/0/272/0/0/0/0/0/0/0/0/0/{0}	0/0/0/0/0/0/0/0/0/0/0/0/0/0/0/0/0/387/0/0/264/0/0/0/0/0/0/0/272/0/0/0/0/0/0/0/0/0/{0}	{0}
Global subroutine: Deluxe GC init2	48	unchanged	0/0/0/0/0/0/0/0/0/291/0/293/0/0/0/0/0/0/0/0/0/0/0/0/0/0/0/0/0/0/312/0/0/0/0/0/0/31{0}	0/0/0/0/0/0/0/0/0/291/0/293/0/0/0/0/0/0/0/0/0/0/0/0/0/0/0/0/0/0/312/0/0/0/0/0/0/31{0}	{0}
Global subroutine: Deluxe GC init2	49	unchanged	9/0/0/0/0/0/0/0/0/0/0/0/0/0/0/0/0/0/0/0/0/0/0/342/0/344/0/346/0/348/0/0/0/0/0/0/0/{0}	9/0/0/0/0/0/0/0/0/0/0/0/0/0/0/0/0/0/0/0/0/0/0/342/0/344/0/346/0/348/0/0/0/0/0/0/0/{0}	{0}
Global subroutine: Deluxe GC init2	50	unchanged	0/0/0/0/0/0/0/0/0/0/0/0/0/0/0/0/0/0/0/0/0/0/0/0/0/0/0/0/0/0/0/0/0/0/348/0/0/393/0/{0}	0/0/0/0/0/0/0/0/0/0/0/0/0/0/0/0/0/0/0/0/0/0/0/0/0/0/0/0/0/0/0/0/0/0/348/0/0/393/0/{0}	{0}
Global subroutine: Deluxe GC init2	51	unchanged	0/0/397/0/0/0/0/0/0/0/405/0/0/0/0/0/0/0/0/0/0/0/417/0/0/0/0/0/0/0/0/0/0/428/0/430/{0}	0/0/397/0/0/0/0/0/0/0/405/0/0/0/0/0/0/0/0/0/0/0/417/0/0/0/0/0/0/0/0/0/0/428/0/430/{0}	{0}
Global subroutine: Deluxe GC init2	52	unchanged	0/432/0/0/0/436/0/438/0/0/0/0/0/0/0/0/0/0/0/0/0/452/0/454/0/456/0	0/432/0/0/0/436/0/438/0/0/0/0/0/0/0/0/0/0/0/0/0/452/0/454/0/456/0	
Global subroutine: Deluxe GC init2	53	unchanged	/	/	
Global subroutine: Deluxe GC init2	54	unchanged	0/0/0/461/0/123/124	0/0/0/461/0/123/124	
Global subroutine: Deluxe GC init2	55	unchanged	/	/	
Global subroutine: Deluxe GC init2	56	unchanged	0/0/0/0/0/0/0/0/0/0/0/0/0/0/0/0/0/0/0/0/0/0/0/0/0/0/0/0/0/0/318/0/0/0/0/0/0/0/0/0/{0}	0/0/0/0/0/0/0/0/0/0/0/0/0/0/0/0/0/0/0/0/0/0/0/0/0/0/0/0/0/0/318/0/0/0/0/0/0/0/0/0/{0}	{0}
Global subroutine: Deluxe GC init2	57	unchanged	0/0/0/0/0/0/0/0/0/0/0/0/0/0/0/0/0/58/0/0/0/0/0/0/0/0/0/0/0/0/0/0/0/75/0/77/0/0/80/{0}	0/0/0/0/0/0/0/0/0/0/0/0/0/0/0/0/0/58/0/0/0/0/0/0/0/0/0/0/0/0/0/0/0/75/0/77/0/0/80/{0}	{0}
Global subroutine: Deluxe GC init2	58	unchanged	0/0/0/0/0/0/0/0/0/0/0/91/92/0/0/0/0/0/0/0/0/0/0/0/0/0/0/0/0/0/110/0/112/0/114/0/0/{0}	0/0/0/0/0/0/0/0/0/0/0/91/92/0/0/0/0/0/0/0/0/0/0/0/0/0/0/0/0/0/110/0/112/0/114/0/0/{0}	{0}
Global subroutine: Deluxe GC init2	59	unchanged	0/0/0/0/0/0/0/0/0/0/0/0/0/0/0/0/0/0/0/0/0/0/0/0/0/0/0/0/0/0/0/0/0/0/0/0/0/0/0/0/0/{0}	0/0/0/0/0/0/0/0/0/0/0/0/0/0/0/0/0/0/0/0/0/0/0/0/0/0/0/0/0/0/0/0/0/0/0/0/0/0/0/0/0/{0}	{0}
Global subroutine: Deluxe GC init2	60	unchanged	0/0/0/163/0/163/0/0/0/0/0/0/0/0/0/0/0/0/0/0/0/0/0/0/0/0/0/0/0/0/0/0/0/0/0/0/0/0/0/{0}	0/0/0/163/0/163/0/0/0/0/0/0/0/0/0/0/0/0/0/0/0/0/0/0/0/0/0/0/0/0/0/0/0/0/0/0/0/0/0/{0}	{0}
Global subroutine: Deluxe GC init2	61	unchanged	0/0/0/0/0/0/0/0/0/0/0/0/0/0/216/0/0/214/0/0/0/0/0/0/0/0/0/0/0/0/0/0/0/0/0/0/0/0/0/{0}	0/0/0/0/0/0/0/0/0/0/0/0/0/0/216/0/0/214/0/0/0/0/0/0/0/0/0/0/0/0/0/0/0/0/0/0/0/0/0/{0}	{0}
Global subroutine: Deluxe GC init2	62	unchanged	0/0/0/0/0/0/0/0/0/0/0/0/0/0/0/0/0/0/0/0/0/0/0/0/0/0/0/0/0/0/0/0/0/0/0/0/0/0/0/0/0/{0}	0/0/0/0/0/0/0/0/0/0/0/0/0/0/0/0/0/0/0/0/0/0/0/0/0/0/0/0/0/0/0/0/0/0/0/0/0/0/0/0/0/{0}	{0}
Global subroutine: Deluxe GC init2	63	unchanged	0/0/0/0/0/0/0/284/0/286/0/0/0/0/0/0/0/0/0/0/0/0/0/0/0/0/0/0/0/0/0/0/309/0/0/0/0/0/{0}	0/0/0/0/0/0/0/284/0/286/0/0/0/0/0/0/0/0/0/0/0/0/0/0/0/0/0/0/0/0/0/0/309/0/0/0/0/0/{0}	{0}
Global subroutine: Deluxe GC init2	64	unchanged	0/0/0/0/0/0/0/0/0/0/0/0/0/0/0/0/0/0/0/0/0/0/0/0/0/0/0/0/0/0/0/0/0/0/0/0/0/0/0/0/0/{0}	0/0/0/0/0/0/0/0/0/0/0/0/0/0/0/0/0/0/0/0/0/0/0/0/0/0/0/0/0/0/0/0/0/0/0/0/0/0/0/0/0/{0}	{0}
Global subroutine: Deluxe GC init2	65	unchanged	0/0/0/0/0/0/0/0/0/0/0/0/0/0/0/0/0/0/0/0/0/0/0/0/0/0/0/0/0/0/0/0/0/0/0/0/0/0/0/0/0/{0}	0/0/0/0/0/0/0/0/0/0/0/0/0/0/0/0/0/0/0/0/0/0/0/0/0/0/0/0/0/0/0/0/0/0/0/0/0/0/0/0/0/{0}	{0}
Global subroutine: Deluxe GC init2	66	unchanged	0/0/0/0/0/0/403/0/0/0/0/0/0/0/0/0/0/0/0/0/0/0/0/0/0/0/0/0/0/0/0/0/0/0/0/0/0/0/0/0/{0}	0/0/0/0/0/0/403/0/0/0/0/0/0/0/0/0/0/0/0/0/0/0/0/0/0/0/0/0/0/0/0/0/0/0/0/0/0/0/0/0/{0}	{0}
Global subroutine: Deluxe GC init2	67	unchanged	0/0/0/0/0/0/0/0/0/0/0/0/0/0/0/0/0/0/0/0/0/0/0/0/0/0/0/0	0/0/0/0/0/0/0/0/0/0/0/0/0/0/0/0/0/0/0/0/0/0/0/0/0/0/0/0	
Global subroutine: Deluxe GC init2	68	unchanged	/	/	
Global subroutine: Deluxe GC init2	69	unchanged	3/21/28/463/33/43/463/28/38/463/463/38/463/463/62/62/62/463/67/70/70/80/72/85/85/8{0}	3/21/28/463/33/43/463/28/38/463/463/38/463/463/62/62/62/463/67/70/70/80/72/85/85/8{0}	{0}
Global subroutine: Deluxe GC init2	70	unchanged	5/463/75/76/95/40/93/103/93/93/109/109/109/105/95/116/116/116/117/119/123/127/132/{0}	5/463/75/76/95/40/93/103/93/93/109/109/109/105/95/116/116/116/117/119/123/127/132/{0}	{0}
Global subroutine: Deluxe GC init2	71	unchanged	125/125/127/463/125/125/127/127/126/154/103/104/105/154/154/154/169/104/105/171/10{0}	125/125/127/463/125/125/127/127/126/154/103/104/105/154/154/154/169/104/105/171/10{0}	{0}
Global subroutine: Deluxe GC init2	72	unchanged	4/105/173/104/105/158/158/158/158/183/181/104/105/185/181/104/105/187/181/104/105/{0}	4/105/173/104/105/158/158/158/158/183/181/104/105/185/181/104/105/187/181/104/105/{0}	{0}
Global subroutine: Deluxe GC init2	73	unchanged	164/104/105/40/204/204/197/197/197/197/37/37/37/224/225/225/201/201/202/202/203/20{0}	164/104/105/40/204/204/197/197/197/197/37/37/37/224/225/225/201/201/202/202/203/20{0}	{0}
Global subroutine: Deluxe GC init2	74	unchanged	3/201/202/203/227/228/228/214/37/201/202/203/206/206/305/28/28/28/132/132/132/31/2{0}	3/201/202/203/227/228/228/214/37/201/202/203/206/206/305/28/28/28/132/132/132/31/2{0}	{0}
Global subroutine: Deluxe GC init2	75	unchanged	35/206/206/206/30/269/260/27/266/254/254/274/255/255/254/254/257/281/282/282/282/2{0}	35/206/206/206/30/269/260/27/266/254/254/274/255/255/254/254/257/281/282/282/282/2{0}	{0}
Global subroutine: Deluxe GC init2	76	unchanged	2/28/38/281/103/104/105/281/98/299/33/134/305/305/48/260/309/266/274/257/313/313/3{0}	2/28/38/281/103/104/105/281/98/299/33/134/305/305/48/260/309/266/274/257/313/313/3{0}	{0}
Global subroutine: Deluxe GC init2	77	unchanged	13/391/391/320/321/391/321/323/320/322/323/324/195/158/298/204/332/332/332/332/125{0}	13/391/391/320/321/391/321/323/320/322/323/324/195/158/298/204/332/332/332/332/125{0}	{0}
Global subroutine: Deluxe GC init2	78	unchanged	/125/125/127/127/127/340/154/205/126/201/202/40/198/236/239/359/236/238/368/369/37{0}	/125/125/127/127/127/340/154/205/126/201/202/40/198/236/239/359/236/238/368/369/37{0}	{0}
Global subroutine: Deluxe GC init2	79	unchanged	0/370/373/373/259/391/391/136/315/103/103/391/391/340/320/323/348/261/262/205/391/{0}	0/370/373/373/259/391/391/136/315/103/103/391/391/340/320/323/348/261/262/205/391/{0}	{0}
Global subroutine: Deluxe GC init2	80	unchanged	77/397/391/261/391/403/402/402/391/409/409/413/413/298/298/419/298/419/22/426/426/{0}	77/397/391/261/391/403/402/402/391/409/409/413/413/298/298/419/298/419/22/426/426/{0}	{0}
Global subroutine: Deluxe GC init2	81	unchanged	426/298/419/426/426/439/439/442/442/442/442/442/442/442/442/443	426/298/419/426/426/439/439/442/442/442/442/442/442/442/442/443	
Global subroutine: Deluxe GC init2	82	unchanged	/	/	
Global subroutine: Deluxe GC init2	83	unchanged	444/445/441/442/442/442/442/459	444/445/441/442/442/442/442/459	
Global subroutine: Deluxe GC init2	84	unchanged	/	/	
Global subroutine: Deluxe GC init2	85	unchanged	4/22/24/25/44/44/39/22/22/49/51/23/55/22/58/22/59/64/22/58/463/58/80/58/22/59/87/5{0}	4/22/24/25/44/44/39/22/22/49/51/23/55/22/58/22/59/64/22/58/463/58/80/58/22/59/87/5{0}	{0}
Global subroutine: Deluxe GC init2	86	unchanged	9/59/25/99/100/99/106/98/41/104/105/96/22/98/103/39/39/98/25/463/126/134/136/140/1{0}	9/59/25/99/100/99/106/98/41/104/105/96/22/98/103/39/39/98/25/463/126/134/136/140/1{0}	{0}
Global subroutine: Deluxe GC init2	87	unchanged	40/140/148/148/136/154/25/155/156/156/164/165/166/103/170/170/103/172/172/103/174/{0}	40/140/148/148/136/154/25/155/156/156/164/165/166/103/170/170/103/172/172/103/174/{0}	{0}
Global subroutine: Deluxe GC init2	88	unchanged	174/103/164/165/166/103/164/184/184/103/165/186/186/103/166/188/188/165/159/159/19{0}	174/103/164/165/166/103/164/184/184/103/165/186/186/103/166/188/188/165/159/159/19{0}	{0}
Global subroutine: Deluxe GC init2	89	unchanged	8/201/202/219/205/212/217/212/214/218/218/212/214/212/214/212/214/212/214/218/218/{0}	8/201/202/219/205/212/217/212/214/218/218/212/214/212/214/212/214/212/214/218/218/{0}	{0}
Global subroutine: Deluxe GC init2	90	unchanged	218/218/212/214/218/230/230/230/230/38/40/165/236/237/238/236/237/238/164/22/28/30{0}	218/218/212/214/218/230/230/230/230/38/40/165/236/237/238/236/237/238/164/22/28/30{0}	{0}
Global subroutine: Deluxe GC init2	91	unchanged	/77/74/270/262/254/307/264/273/307/264/265/31/256/307/463/49/51/55/288/289/289/63/{0}	/77/74/270/262/254/307/264/273/307/264/265/31/256/307/463/49/51/55/288/289/289/63/{0}	{0}
Global subroutine: Deluxe GC init2	92	unchanged	58/58/58/58/25/95/96/96/164/235/307/306/307/77/77/77/77/132/135/319/196/196/319/31{0}	58/58/58/58/25/95/96/96/164/235/307/306/307/77/77/77/77/132/135/319/196/196/319/31{0}	{0}
Global subroutine: Deluxe GC init2	93	unchanged	5/315/196/391/391/391/391/270/251/105/98/104/105/39/41/104/105/31/337/104/105/155/{0}	5/315/196/391/391/391/391/270/251/105/98/104/105/39/41/104/105/31/337/104/105/155/{0}	{0}
Global subroutine: Deluxe GC init2	94	unchanged	235/348/164/350/350/353/354/358/358/28/147/147/254/254/307/77/254/255/214/49/379/3{0}	235/348/164/350/350/353/354/358/358/28/147/147/254/254/307/77/254/255/214/49/379/3{0}	{0}
Global subroutine: Deluxe GC init2	95	unchanged	37/23/313/206/384/385/158/321/321/387/387/387/260/260/204/260/265/348/390/260/387/{0}	37/23/313/206/384/385/158/321/321/387/387/387/260/260/204/260/265/348/390/260/387/{0}	{0}
Global subroutine: Deluxe GC init2	96	unchanged	348/405/403/348/348/401/417/147/147/38/38/416/98/147/38/28/28/28/103/99/305/29/31/{0}	348/405/403/348/348/401/417/147/147/38/38/416/98/147/38/28/28/28/103/99/305/29/31/{0}	{0}
Global subroutine: Deluxe GC init2	97	unchanged	39/41/148/33/43/447/195/195/195/197/104/105/136/133/195	39/41/148/33/43/447/195/195/195/197/104/105/136/133/195	
Global subroutine: Deluxe GC init2	98	unchanged	/	/	
Global subroutine: Deluxe GC init2	99	unchanged	7/23/34/44/45/46/47/48/50/52/52/53/56/59/63/64/65/65/69/71/72/81/82/86/87/88/88/89{0}	7/23/34/44/45/46/47/48/50/52/52/53/56/59/63/64/65/65/69/71/72/81/82/86/87/88/88/89{0}	{0}
Global subroutine: Deluxe GC init2	100	unchanged	/89/96/100/101/106/107/109/111/113/113/115/116/117/118/119/122/122/154/128/137/141{0}	/89/96/100/101/106/107/109/111/113/113/115/116/117/118/119/122/122/154/128/137/141{0}	{0}
Global subroutine: Deluxe GC init2	101	unchanged	/141/142/143/144/149/150/151/152/155/167/168/168/169/171/173/175/176/176/177/178/1{0}	/141/142/143/144/149/150/151/152/155/167/168/168/169/171/173/175/176/176/177/178/1{0}	{0}
Global subroutine: Deluxe GC init2	102	unchanged	78/179/180/180/181/183/185/187/189/189/190/190/191/191/192/192/193/193/194/194/166{0}	78/179/180/180/181/183/185/187/189/189/190/190/191/191/192/192/193/193/194/194/166{0}	{0}
Global subroutine: Deluxe GC init2	103	unchanged	/182/182/200/219/219/220/221/222/223/224/224/225/226/226/226/227/227/227/227/227/2{0}	/182/182/200/219/219/220/221/222/223/224/224/225/226/226/226/227/227/227/227/227/2{0}	{0}
Global subroutine: Deluxe GC init2	104	unchanged	27/228/228/228/229/229/229/230/226/229/229/229/231/233/237/239/241/243/245/247/249{0}	27/228/228/228/229/229/229/230/226/229/229/229/231/233/237/239/241/243/245/247/249{0}	{0}
Global subroutine: Deluxe GC init2	105	unchanged	/251/252/231/233/270/269/271/263/266/267/273/274/275/277/279/256/257/258/282/283/2{0}	/251/252/231/233/270/269/271/263/266/267/273/274/275/277/279/256/257/258/282/283/2{0}	{0}
Global subroutine: Deluxe GC init2	106	unchanged	83/285/289/290/292/294/295/296/296/297/298/300/301/302/236/238/287/308/311/267/275{0}	83/285/289/290/292/294/295/296/296/297/298/300/301/302/236/238/287/308/311/267/275{0}	{0}
Global subroutine: Deluxe GC init2	107	unchanged	/258/270/314/316/320/321/322/322/323/324/324/325/326/327/328/329/159/299/332/333/3{0}	/258/270/314/316/320/321/322/322/323/324/324/325/326/327/328/329/159/299/332/333/3{0}	{0}
Global subroutine: Deluxe GC init2	108	unchanged	33/334/334/335/335/336/338/339/339/343/345/349/350/351/351/354/355/359/361/361/363{0}	33/334/334/335/335/336/338/339/339/343/345/349/350/351/351/354/355/359/361/361/363{0}	{0}
Global subroutine: Deluxe GC init2	109	unchanged	/365/369/370/371/371/374/376/378/379/380/381/382/383/383/385/386/341/326/328/390/3{0}	/365/369/370/371/371/374/376/378/379/380/381/382/383/383/385/386/341/326/328/390/3{0}	{0}
Global subroutine: Deluxe GC init2	110	unchanged	88/395/392/394/396/398/399/400/401/404/406/407/408/410/411/414/415/419/420/421/422{0}	88/395/392/394/396/398/399/400/401/404/406/407/408/410/411/414/415/419/420/421/422{0}	{0}
Global subroutine: Deluxe GC init2	111	unchanged	/423/426/427/429/431/433/434/435/437/442/442/443/443/444/444/445	/423/426/427/429/431/433/434/435/437/442/442/443/443/444/444/445	
Global subroutine: Deluxe GC init2	112	unchanged	/	/	
Global subroutine: Deluxe GC init2	113	unchanged	448/449/450/451/453/455/457/458/458/459/459/460	448/449/450/451/453/455/457/458/458/459/459/460	
Global subroutine: Deluxe GC init2	114	unchanged	/	/	
Global subroutine: Deluxe GC init2	115	unchanged	0/0/0/0/0/0/0/0/0/0/0/0/0/0/0/0/0/0/0/0/0/0/0/0/0/0/0/0/0/0/0/0/0/0/0/0/0/0/0/0/0/{0}	0/0/0/0/0/0/0/0/0/0/0/0/0/0/0/0/0/0/0/0/0/0/0/0/0/0/0/0/0/0/0/0/0/0/0/0/0/0/0/0/0/{0}	{0}
Global subroutine: Deluxe GC init2	116	unchanged	0/0/0/0/0/0/0/0/0/0/0/0/0/0/0/0/0/0/0/0/0/0/0/0/0/0/0/0/0/0/0/0/0/0/0/0/0/0/0/0/0/{0}	0/0/0/0/0/0/0/0/0/0/0/0/0/0/0/0/0/0/0/0/0/0/0/0/0/0/0/0/0/0/0/0/0/0/0/0/0/0/0/0/0/{0}	{0}
Global subroutine: Deluxe GC init2	117	unchanged	0/0/0/0/0/0/0/0/0/0/0/0/0/0/0/0/0/0/0/0/0/0/0/0/0/0/0/0/0/0/0/0/0/0/0/0/0/0/0/0/0/{0}	0/0/0/0/0/0/0/0/0/0/0/0/0/0/0/0/0/0/0/0/0/0/0/0/0/0/0/0/0/0/0/0/0/0/0/0/0/0/0/0/0/{0}	{0}
Global subroutine: Deluxe GC init2	118	unchanged	0/0/0/0/0/0/0/0/0/0/0/0/0/0/0/0/0/0/0/0/0/0/0/0/0/0/0/0/0/0/0/0/0/0/0/0/0/0/0/0/0/{0}	0/0/0/0/0/0/0/0/0/0/0/0/0/0/0/0/0/0/0/0/0/0/0/0/0/0/0/0/0/0/0/0/0/0/0/0/0/0/0/0/0/{0}	{0}
Global subroutine: Deluxe GC init2	119	unchanged	0/0/0/0/0/0/0/0/0/0/0/0/0/0/0/0/0/0/0/0/0/0/0/0/0/0/0/0/0/0/0/0/0/0/0/0/0/0/0/0/0/{0}	0/0/0/0/0/0/0/0/0/0/0/0/0/0/0/0/0/0/0/0/0/0/0/0/0/0/0/0/0/0/0/0/0/0/0/0/0/0/0/0/0/{0}	{0}
Global subroutine: Deluxe GC init2	120	unchanged	0/0/0/0/0/0/0/0/0/0/0/0/0/0/0/0/0/0/0/0/0/0/0/0/0/0/0/0/0/0/0/0/0/0/0/0/0/0/0/0/0/{0}	0/0/0/0/0/0/0/0/0/0/0/0/0/0/0/0/0/0/0/0/0/0/0/0/0/0/0/0/0/0/0/0/0/0/0/0/0/0/0/0/0/{0}	{0}
Global subroutine: Deluxe GC init2	121	unchanged	0/0/0/0/0/0/0/0/0/0/0/0/0/0/0/0/0/0/0/0/0/0/0/0/0/0/0/0/0/0/0/0/0/0/0/0/0/0/281/0/{0}	0/0/0/0/0/0/0/0/0/0/0/0/0/0/0/0/0/0/0/0/0/0/0/0/0/0/0/0/0/0/0/0/0/0/0/0/0/0/281/0/{0}	{0}
Global subroutine: Deluxe GC init2	122	unchanged	281/73/0/0/0/288/0/288/281/103/103/281/0/0/0/26/129/0/0/0/0/0/0/0/0/0/0/0/0/0/0/0/{0}	281/73/0/0/0/288/0/288/281/103/103/281/0/0/0/26/129/0/0/0/0/0/0/0/0/0/0/0/0/0/0/0/{0}	{0}
Global subroutine: Deluxe GC init2	123	unchanged	0/0/0/0/0/0/0/0/0/0/0/0/73/26/204/204/204/103/26/0/337/103/0/0/340/0/340/0/235/0/0{0}	0/0/0/0/0/0/0/0/0/0/0/0/73/26/204/204/204/103/26/0/337/103/0/0/340/0/340/0/235/0/0{0}	{0}
Global subroutine: Deluxe GC init2	124	unchanged	/347/0/0/0/0/0/0/352/0/0/0/357/0/357/0/145/0/145/0/0/0/0/0/367/0/0/373/0/373/207/0{0}	/347/0/0/0/0/0/0/352/0/0/0/357/0/357/0/145/0/145/0/0/0/0/0/367/0/0/373/0/373/207/0{0}	{0}
Global subroutine: Deluxe GC init2	125	unchanged	/22/337/23/0/0/0/103/0/0/0/0/0/0/0/0/0/0/0/0/0/0/0/0/0/0/0/0/0/0/0/409/409/0/0/412{0}	/22/337/23/0/0/0/103/0/0/0/0/0/0/0/0/0/0/0/0/0/0/0/0/0/0/0/0/0/0/0/409/409/0/0/412{0}	{0}
Global subroutine: Deluxe GC init2	126	unchanged	/412/0/0/0/0/0/0/0/0/0/0/0/0/0/0/0/0/0/26/26/0/26/0/103/0/0/0/0/0/0/0/0/0/0/0/0/0/{0}	/412/0/0/0/0/0/0/0/0/0/0/0/0/0/0/0/0/0/26/26/0/26/0/103/0/0/0/0/0/0/0/0/0/0/0/0/0/{0}	{0}
Global subroutine: Deluxe GC init2	127	unchanged	0/0/0/0/0/0/103/129/0/129/0/0	0/0/0/0/0/0/103/129/0/129/0/0	
Global subroutine: Deluxe GC init2	128	unchanged	/	/	
Global subroutine: Deluxe GC init2	129	unchanged	35,44,45,46,47,49,51,52,54,55,56/62,63,64,65,70,71,72,79,80,81,82,85,86,87,88,89/4{0}	35,44,45,46,47,49,51,52,54,55,56/62,63,64,65,70,71,72,79,80,81,82,85,86,87,88,89/4{0}	{0}
Global subroutine: Deluxe GC init2	130	unchanged	25,96,102,108,110,112,114,120,121,122,299,300/125,127,128,130,138,141,142,144,146,{0}	25,96,102,108,110,112,114,120,121,122,299,300/125,127,128,130,138,141,142,144,146,{0}	{0}
Global subroutine: Deluxe GC init2	131	unchanged	149,150,153,418/156,168,170,172,174,176,178,180,182,184,186,188,190,192,194/37,201{0}	149,150,153,418/156,168,170,172,174,176,178,180,182,184,186,188,190,192,194/37,201{0}	{0}
Global subroutine: Deluxe GC init2	132	unchanged	,202,203,212,214,217,219,220,221,223,226,229,232,234/27,240,242,244,246,248,250,25{0}	,202,203,212,214,217,219,220,221,223,226,229,232,234/27,240,242,244,246,248,250,25{0}	{0}
Global subroutine: Deluxe GC init2	133	unchanged	3,303,304/27,232,234,259,268,272,276,278,280,74,78/315,317,27,130,212,214,325,326,{0}	3,303,304/27,232,234,259,268,272,276,278,280,74,78/315,317,27,130,212,214,325,326,{0}	{0}
Global subroutine: Deluxe GC init2	134	unchanged	327,328,222,215/310,312,393,398,388,400,406,407,408,401,394,395/146,418,420,421,42{0}	327,328,222,215/310,312,393,398,388,400,406,407,408,401,394,395/146,418,420,421,42{0}	{0}
Global subroutine: Deluxe GC init2	135	unchanged	2,423,424,425,428,430,432/441,443,444,445,448,449,450,452,454,456,457	2,423,424,425,428,430,432/441,443,444,445,448,449,450,452,454,456,457	
Global subroutine: Deluxe GC init2	136	unchanged	/	/	
Global subroutine: Deluxe GC init2	137	unchanged	,	,	
Global subroutine: Deluxe GC init2	138	unchanged	463,32,39,31,42,41/76,78,58,463,74,68/41,42,104,105/143,124,140,148,463,133,136/16{0}	463,32,39,31,42,41/76,78,58,463,74,68/41,42,104,105/143,124,140,148,463,133,136/16{0}	{0}
Global subroutine: Deluxe GC init2	139	unchanged	1,162,104,105/205,208,209,211,213,218/235,130,161,162,133,136/31,76,262,264,265,29{0}	1,162,104,105/205,208,209,211,213,218/235,130,161,162,133,136/31,76,262,264,265,29{0}	{0}
Global subroutine: Deluxe GC init2	140	unchanged	/208,209,211,213,29/389,306,307,405,402,397/298,419,39,41,148/29,31,39,41,148,305	/208,209,211,213,29/389,306,307,405,402,397/298,419,39,41,148/29,31,39,41,148,305	
Global subroutine: Deluxe GC init2	141	unchanged	/	/	
Global subroutine: Deluxe GC init2	142	unchanged	,	,	
Global subroutine: Deluxe GC init2	143	unchanged	26,36,462,21,24,22/60,66,462,73,83,22/103,36,97,90,24,22/126,129,462,145,24,139/10{0}	26,36,462,21,24,22/60,66,462,73,83,22/103,36,97,90,24,22/126,129,462,145,24,139/10{0}	{0}
Global subroutine: Deluxe GC init2	144	unchanged	3,157,462,160,24,165/198,36,204,207,195,218/26,129,97,160,235,165/26,254,206,73,26{0}	3,157,462,160,24,165/198,36,204,207,195,218/26,129,97,160,235,165/26,254,206,73,26{0}	{0}
Global subroutine: Deluxe GC init2	145	unchanged	0,261/26,129,204,207,195,313/347,402,204,73,260,261/416,36,97,145,24,22/26,36,97,1{0}	0,261/26,129,204,207,195,313/347,402,204,73,260,261/416,36,97,145,24,22/26,36,97,1{0}	{0}
Global subroutine: Deluxe GC init2	146	unchanged	45,195,439	45,195,439	
Global subroutine: Deluxe GC init2	147	unchanged	/	/	
Global subroutine: Deluxe GC init2	148	unchanged	,	,	
Global subroutine: Deluxe GC init2	149	unchanged	284,286,287,291,293/294,295,296,297/301,302,332,333,334/335,336,338,339/331,342,34{0}	284,286,287,291,293/294,295,296,297/301,302,332,333,334/335,336,338,339/331,342,34{0}	{0}
Global subroutine: Deluxe GC init2	150	unchanged	4,346/349,351,356/360,362,364,366/372,375,377,378/330,380,381,382,386/410,411,414,{0}	4,346/349,351,356/360,362,364,366/372,375,377,378/330,380,381,382,386/410,411,414,{0}	{0}
Global subroutine: Deluxe GC init2	151	unchanged	415/433,434,436,438/458,459,461	415/433,434,436,438/458,459,461	
Global subroutine: Deluxe GC init2	152	unchanged	/	/	
Global subroutine: Deluxe GC init2	153	unchanged	,	,	
Global subroutine: Deluxe GC init2	154	unchanged	Korean Rice Bowls/Japanese Sushi/Southeast Asian Noodles/Indian Curry&Pilaf/Italian Pasta&Risotto/German Sausages/Western {0}	Korean Rice Bowls/Japanese Sushi/Southeast Asian Noodles/Indian Curry&Pilaf/Italian Pasta&Risotto/German Sausages/Western {0}	{0}
Global subroutine: Deluxe GC init2	155	unchanged	Stews/British Pies/American Burgers&Chicken/Street Desserts/Chinese Hotpot/Mexican Tacos	Stews/British Pies/American Burgers&Chicken/Street Desserts/Chinese Hotpot/Mexican Tacos	
Global subroutine: Deluxe GC init2	156	unchanged	/	/	
Global subroutine: Deluxe GC init2	157	unchanged	Purchase Storage/Purchase Random Item/Purchase Random Boots/Upgrade Fryer/Upgrade Pot/Upgrade Grill/{0}	Purchase Storage/Purchase Random Item/Purchase Random Boots/Upgrade Fryer/Upgrade Pot/Upgrade Grill/{0}	{0}
Global subroutine: Deluxe GC init2	158	unchanged	Upgrade Pan/Increase Personal Movement Speed/Increase Team Time Limit/Exchange Coin	Upgrade Pan/Increase Personal Movement Speed/Increase Team Time Limit/Exchange Coin	
Global subroutine: Deluxe GC init2	159	unchanged	/	/	
Global subroutine: Deluxe GC init3	0	unchanged	8,9,11,12,15,16,17	8,9,11,12,15,16,17	
Global subroutine: Deluxe GC init3	1	unchanged	,	,	
Global subroutine: Deluxe GC init3	2	unchanged	12,12,12,16,15,16/N,17,16,13,13,14/1,2,3,4,5,6,7,8,9,10,11,12,13,14,15,16,17/8,8,8{0}	12,12,12,16,15,16/N,17,16,13,13,14/1,2,3,4,5,6,7,8,9,10,11,12,13,14,15,16,17/8,8,8{0}	{0}
Global subroutine: Deluxe GC init3	3	unchanged	,8,9,11,11,11,11,12,12,15,16,16,17,17	,8,9,11,11,11,11,12,12,15,16,16,17,17	
Global subroutine: Deluxe GC init3	4	unchanged	/	/	
Global subroutine: Deluxe GC init3	5	unchanged	,	,	
Global subroutine: Deluxe GC init3	6	unchanged	N	N	
Global subroutine: Deluxe GC init3	7	unchanged	0/1/2/3/4/5/6/7/8/9/10/11/12/13/14/15/16/17/18/19/20	0/1/2/3/4/5/6/7/8/9/10/11/12/13/14/15/16/17/18/19/20	
Global subroutine: Deluxe GC init3	8	unchanged	/	/	
Global subroutine: Deluxe GC init3	9	unchanged	0/1/2/3/4/5/6/7/8/9/10/11/12/13/14/15/16/17/18/19/20	0/1/2/3/4/5/6/7/8/9/10/11/12/13/14/15/16/17/18/19/20	
Global subroutine: Deluxe GC init3	10	unchanged	/	/	
Global subroutine: Deluxe common customer init	0	unchanged	0,0/0,0/1,1/2,3,4,5,6,7,8,9,10,1,11,12,13,14,15,16,17,18,19/0,0	0,0/0,0/1,1/2,3,4,5,6,7,8,9,10,1,11,12,13,14,15,16,17,18,19/0,0	
Global subroutine: Deluxe common customer init	1	unchanged	0,0,2/3,3,0/0,0,2/3,4,4/5,3/6,4/5,7/5,0/6,5,7/0,2/5,2,7/5,6,4/2,7,3/3,5,6/5,6,4,7	0,0,2/3,3,0/0,0,2/3,4,4/5,3/6,4/5,7/5,0/6,5,7/0,2/5,2,7/5,6,4/2,7,3/3,5,6/5,6,4,7	
Global subroutine: Deluxe common customer init	2	unchanged	0,0,2/3,3,0/3,3,7/5,4,5,4,4/10,2,1/10,11,4,11,4,4/9,2,6/9,7,7,10/8,0,0,0,0/12,6,6,{0}	0,0,2/3,3,0/3,3,7/5,4,5,4,4/10,2,1/10,11,4,11,4,4/9,2,6/9,7,7,10/8,0,0,0,0/12,6,6,{0}	{0}
Global subroutine: Deluxe common customer init	3	unchanged	6/8,7,7,3,3,3,3/2,10,6,6,6/11,12,11,12,1/1,13,0,13,0,1,0/0	6/8,7,7,3,3,3,3/2,10,6,6,6/11,12,11,12,1/1,13,0,13,0,1,0/0	
Global subroutine: Deluxe common customer init	4	unchanged	3,3,2/2,2,17/14,3,13/5,4,5,4,17/10,6,1/11,17,4,17,4,4/9,18,6,6/14,17,17,10/8,17,3,{0}	3,3,2/2,2,17/14,3,13/5,4,5,4,17/10,6,1/11,17,4,17,4,4/9,18,6,6/14,17,17,10/8,17,3,{0}	{0}
Global subroutine: Deluxe common customer init	5	unchanged	3,3/19,12,12,12,17/11,11,17,17,10/1,17,6,6,6/19,13,19,13,1/18,8,17,8,17,17/0	3,3/19,12,12,12,17/11,11,17,17,10/1,17,6,6,6/19,13,19,13,1/18,8,17,8,17,17/0	
Global subroutine: Deluxe common customer init	6	unchanged	0,0,2/3,3,0/3,3,13/5,4,5,4,4/10,2,1/10,11,4,11,4,4/9,2,6/14,17,17,10/8,1,12,12,1,1{0}	0,0,2/3,3,0/3,3,13/5,4,5,4,4/10,2,1/10,11,4,11,4,4/9,2,6/14,17,17,10/8,1,12,12,1,1{0}	{0}
Global subroutine: Deluxe common customer init	7	unchanged	2,12/12,6,6,6/8,13,14,13,14,13,14,14/20,14,9,14,14,14,14/0	2,12/12,6,6,6/8,13,14,13,14,13,14,14/20,14,9,14,14,14,14/0	
Global subroutine: Deluxe common customer init	8	unchanged	0,0/2,0,0/3,4,0,0/0,0,7/10,2,4,2/9,0,6/14,10/5,0,0,0,0/0,0,17,10/11,2,4/3,3,7/8,3,{0}	0,0/2,0,0/3,4,0,0/0,0,7/10,2,4,2/9,0,6/14,10/5,0,0,0,0/0,0,17,10/11,2,4/3,3,7/8,3,{0}	{0}
Global subroutine: Deluxe common customer init	9	unchanged	3,3,0,0/1,13,0,0,1,0/9,10,6/20,0,0,0,17/11,6,6,10/1,17,16,16/15,13,15,7/18,12,12,1{0}	3,3,0,0/1,13,0,0,1,0/9,10,6/20,0,0,0,17/11,6,6,10/1,17,16,16/15,13,15,7/18,12,12,1{0}	{0}
Global subroutine: Deluxe common customer init	10	unchanged	2,12,12,12,12/20,12	2,12,12,12,12/20,12	
Global subroutine: Deluxe common customer init	11	unchanged	/	/	
Global subroutine: Deluxe common customer init	12	unchanged	,	,	
Global subroutine: Other Menu	0	manual-global	로드 중...	Loading...	
Global subroutine: Other Menu	1	manual-global	데이터 초기화 중...	Initializing data...	
Global subroutine: Other Menu	2	unchanged	0/0/0/0/0/0/0/0	0/0/0/0/0/0/0/0	
Global subroutine: Other Menu	3	unchanged	/	/	
Global subroutine: Other Menu	4	manual-context	연습 모드	Practice Mode	
Global subroutine: Other Menu	5	manual-global	{0} 의 워크샵 코드는 {1} 입니다! 	{0} Workshop code is {1}! 	{0} {1}
Global subroutine: Other Menu	6	manual-global	Joseon-뉴 3호점	Joseon-K-Food(KR)	
Global subroutine: Other Menu	7	manual-global	Gummybear-오리지널	Gummybear-Original(KR)	
Global subroutine: Other Menu	8	unchanged	SSZ1Z1	SSZ1Z1	
Global subroutine: Other Menu	9	unchanged	8MAAN	8MAAN	
